
> performance-marketing-auto@1.0.0 start
> npm --prefix uploader start


> meta-ad-uploader@1.0.0 start
> node server.js

[dotenv@17.3.1] injecting env (17) from .env -- tip: ⚙️  specify custom .env file path with { path: '/custom/path/.env' }
[Alert Cron] Scheduled daily at 9:00 AM IST
[Scanner] Inventory scanner routes mounted
[ci/engine] Scheduler started. Interval: 24h. Next run: 2026-04-07T08:35:29.173Z
[CampaignSync] Ghost columns and sync_log table ensured
[CampaignSync] Scheduler starting (every 24h)
[CampaignSync] Ghost columns and sync_log table ensured
[roas-tracker] Scheduler starting (every 1h)
[Integrity] Scheduler armed — runs on start + every 6 hours
[CI2] Creative Intelligence v2 routes mounted at /api/ci2
[GC Scheduler] Initializing...
[GC Scheduler] Cron jobs registered (6h fetch/classify/score, 12h recommendations, daily 6AM forecast+signals)
[GC] Google Creative Intelligence routes mounted at /api/gc
[MetaWrite] Meta write routes mounted at /api/meta-write
[TrendScanner] Scheduler started — scans every 2h, concepts every 6h
[TrendScanner] Trend scanner routes mounted at /api/trends
[CompetitorScheduler] 2026-04-06T08:35:36.323Z — Starting scheduler
[CompetitorScheduler] 2026-04-06T08:35:36.324Z — Cron jobs registered — pipeline every 6h, briefs every 12h
[CompetitorIntel] All modules initialized, scheduler started
[CompetitorIntel] Competitor intelligence routes mounted at /api/competitor
[FeedbackEngine] Database initialized at C:\Users\Dell\Desktop\creative-portal\feedback-engine\feedback-engine.db
[FE:Scheduler] Initializing scheduler with 11 jobs...
[FE:Scheduler]   Registered: watcher-refresh (0 * * * *) — feWatcher incremental refresh
[FE:Scheduler]   Registered: anomaly-check (0 */3 * * *) — feAnomalyDetector runAllChecks
[FE:Scheduler]   Registered: data-quality-check (15 * * * *) — feDataQualityMonitor runAudit
[FE:Scheduler]   Registered: proposal-generate (0 */6 * * *) — feProposalGenerator generateProposals
[FE:Scheduler]   Registered: knowledge-crawl-tier1 (30 */6 * * *) — feKnowledgeCrawler crawlAll (Tier 1)
[FE:Scheduler]   Registered: knowledge-crawl-all (0 */12 * * *) — feKnowledgeCrawler crawlAll (all tiers)
[FE:Scheduler]   Registered: hypothesis-generate (0 0 * * *) — feSelfTester generateHypotheses
[FE:Scheduler]   Registered: memory-consolidate (30 20 * * *) — feMemory nightly consolidation
[FE:Scheduler]   Registered: accuracy-audit (0 3 * * 0) — feAccuracyAuditor runAudit
[FE:Scheduler]   Registered: proposal-expiry (0 4 1 * *) — Expire old pending proposals (>30 days)
[FE:Scheduler]   Registered: verify-applied-changes (0 5 * * 0) — feApprovalEngine verifyAppliedChanges
[FE:Scheduler] Scheduler started. Initial checks will run in 30 seconds.
[FeedbackEngine] Self-learning routes mounted at /api/fe
[AudienceTesting] Routes mounted at /api/at, scheduler started
Meta Ad Upload Server running on http://localhost:3000
Ad Account: act_725019929189148
API Version: v21.0

============================================================
[Integrity] Running 5 data integrity tests...
============================================================
  [PASS] Campaign ID extraction (263ms) — All 10 rows have non-empty campaign ID extraction
[Cache] Pre-warming insights cache (2026-03-07 to 2026-04-06)...
[ad-insights] Serving from disk (11975 rows, 305min old)
[ad-funnel] Serving from disk (3689 rows, 80min old)
[ads-status] Serving from disk cache (5276 ads, 81min old)
[Cache] Funnel pre-warmed: 3689 rows
[Cache] Ads-status pre-warmed: 5276 ads
[Cache] Insights pre-warmed: 11975 rows
[CompetitorScheduler] 2026-04-06T08:35:46.324Z — Running initial pipeline + briefs
[CompetitorScheduler] 2026-04-06T08:35:46.325Z — Pipeline started
[CompetitorScheduler] 2026-04-06T08:35:46.325Z — fetch — started
[competitor-meta-fetcher] 2026-04-06T08:35:46.325Z Fetching ads for competitor: Samco
[competitor-meta-fetcher] 2026-04-06T08:35:46.912Z FETCH ERROR: {"error":{"message":"Application does not have permission for this action","type":"OAuthException","code":10,"error_subcode":2332002,"is_transient":false,"error_user_title":"Authorisation and login needed","error_user_msg":"To access the API, you'll need to follow the steps at facebook.com/ads/library/api.","fbtrace_id":"ATiKgBBZ5LYmyQQ1Im2k37E"}}
[competitor-meta-fetcher] 2026-04-06T08:35:46.912Z Failed to fetch ads for Samco: {"error":{"message":"Application does not have permission for this action","type":"OAuthException","code":10,"error_subcode":2332002,"is_transient":false,"error_user_title":"Authorisation and login needed","error_user_msg":"To access the API, you'll need to follow the steps at facebook.com/ads/library/api.","fbtrace_id":"ATiKgBBZ5LYmyQQ1Im2k37E"}}
[competitor-meta-fetcher] 2026-04-06T08:35:47.427Z Fetching ads for competitor: StockGro
[competitor-meta-fetcher] 2026-04-06T08:35:47.787Z FETCH ERROR: {"error":{"message":"Application does not have permission for this action","type":"OAuthException","code":10,"error_subcode":2332002,"is_transient":false,"error_user_title":"Authorisation and login needed","error_user_msg":"To access the API, you'll need to follow the steps at facebook.com/ads/library/api.","fbtrace_id":"AedL4eiVq4FkHD1qvQT74ja"}}
[competitor-meta-fetcher] 2026-04-06T08:35:47.788Z Failed to fetch ads for StockGro: {"error":{"message":"Application does not have permission for this action","type":"OAuthException","code":10,"error_subcode":2332002,"is_transient":false,"error_user_title":"Authorisation and login needed","error_user_msg":"To access the API, you'll need to follow the steps at facebook.com/ads/library/api.","fbtrace_id":"AedL4eiVq4FkHD1qvQT74ja"}}
[competitor-meta-fetcher] 2026-04-06T08:35:48.297Z Fetching ads for competitor: Sensibull
  [PASS] Campaign ID <-> Meta API match rate (10074ms) — Campaign match rate 100.0% (3/3)
  [PASS] ROAS sanity check (2ms) — 62 ads checked — ROAS values within expected ranges (avg D6: 29.4%)
  [PASS] Revenue window alignment (1ms) — 29 ads checked — all revenue windows correctly ordered (D6 <= D15 <= D30 <= D60 <= Overall)
[competitor-meta-fetcher] 2026-04-06T08:35:48.792Z FETCH ERROR: {"error":{"message":"Application does not have permission for this action","type":"OAuthException","code":10,"error_subcode":2332002,"is_transient":false,"error_user_title":"Authorisation and login needed","error_user_msg":"To access the API, you'll need to follow the steps at facebook.com/ads/library/api.","fbtrace_id":"ATsfIXDAXvrc_bVtHDU9rA_"}}
[competitor-meta-fetcher] 2026-04-06T08:35:48.792Z Failed to fetch ads for Sensibull: {"error":{"message":"Application does not have permission for this action","type":"OAuthException","code":10,"error_subcode":2332002,"is_transient":false,"error_user_title":"Authorisation and login needed","error_user_msg":"To access the API, you'll need to follow the steps at facebook.com/ads/library/api.","fbtrace_id":"ATsfIXDAXvrc_bVtHDU9rA_"}}
[competitor-meta-fetcher] 2026-04-06T08:35:49.298Z Fetching ads for competitor: Definedge
[competitor-meta-fetcher] 2026-04-06T08:35:49.853Z FETCH ERROR: {"error":{"message":"Application does not have permission for this action","type":"OAuthException","code":10,"error_subcode":2332002,"is_transient":false,"error_user_title":"Authorisation and login needed","error_user_msg":"To access the API, you'll need to follow the steps at facebook.com/ads/library/api.","fbtrace_id":"ApIp0Rq9bLDebI0Z4RiCtVw"}}
[competitor-meta-fetcher] 2026-04-06T08:35:49.853Z Failed to fetch ads for Definedge: {"error":{"message":"Application does not have permission for this action","type":"OAuthException","code":10,"error_subcode":2332002,"is_transient":false,"error_user_title":"Authorisation and login needed","error_user_msg":"To access the API, you'll need to follow the steps at facebook.com/ads/library/api.","fbtrace_id":"ApIp0Rq9bLDebI0Z4RiCtVw"}}
[competitor-meta-fetcher] 2026-04-06T08:35:50.361Z Fetching ads for competitor: Weekend Investing
[competitor-meta-fetcher] 2026-04-06T08:35:50.781Z FETCH ERROR: {"error":{"message":"Application does not have permission for this action","type":"OAuthException","code":10,"error_subcode":2332002,"is_transient":false,"error_user_title":"Authorisation and login needed","error_user_msg":"To access the API, you'll need to follow the steps at facebook.com/ads/library/api.","fbtrace_id":"A0xIQeJzTtmV02GpLGifXH_"}}
[competitor-meta-fetcher] 2026-04-06T08:35:50.781Z Failed to fetch ads for Weekend Investing: {"error":{"message":"Application does not have permission for this action","type":"OAuthException","code":10,"error_subcode":2332002,"is_transient":false,"error_user_title":"Authorisation and login needed","error_user_msg":"To access the API, you'll need to follow the steps at facebook.com/ads/library/api.","fbtrace_id":"A0xIQeJzTtmV02GpLGifXH_"}}
[competitor-meta-fetcher] 2026-04-06T08:35:51.295Z Fetching ads for competitor: Capitalmind
[competitor-meta-fetcher] 2026-04-06T08:35:51.702Z FETCH ERROR: {"error":{"message":"Application does not have permission for this action","type":"OAuthException","code":10,"error_subcode":2332002,"is_transient":false,"error_user_title":"Authorisation and login needed","error_user_msg":"To access the API, you'll need to follow the steps at facebook.com/ads/library/api.","fbtrace_id":"AUVTKs_ew4UW_TxFYiDw4rW"}}
[competitor-meta-fetcher] 2026-04-06T08:35:51.702Z Failed to fetch ads for Capitalmind: {"error":{"message":"Application does not have permission for this action","type":"OAuthException","code":10,"error_subcode":2332002,"is_transient":false,"error_user_title":"Authorisation and login needed","error_user_msg":"To access the API, you'll need to follow the steps at facebook.com/ads/library/api.","fbtrace_id":"AUVTKs_ew4UW_TxFYiDw4rW"}}
[competitor-meta-fetcher] 2026-04-06T08:35:52.203Z Fetching ads for competitor: Dhan
[competitor-meta-fetcher] 2026-04-06T08:35:52.545Z FETCH ERROR: {"error":{"message":"Application does not have permission for this action","type":"OAuthException","code":10,"error_subcode":2332002,"is_transient":false,"error_user_title":"Authorisation and login needed","error_user_msg":"To access the API, you'll need to follow the steps at facebook.com/ads/library/api.","fbtrace_id":"AYTKtKJbAlEGuPZ1rPmhnaw"}}
[competitor-meta-fetcher] 2026-04-06T08:35:52.545Z Failed to fetch ads for Dhan: {"error":{"message":"Application does not have permission for this action","type":"OAuthException","code":10,"error_subcode":2332002,"is_transient":false,"error_user_title":"Authorisation and login needed","error_user_msg":"To access the API, you'll need to follow the steps at facebook.com/ads/library/api.","fbtrace_id":"AYTKtKJbAlEGuPZ1rPmhnaw"}}
[competitor-meta-fetcher] 2026-04-06T08:35:53.053Z Fetching ads for competitor: Zerodha
[competitor-meta-fetcher] 2026-04-06T08:35:53.451Z FETCH ERROR: {"error":{"message":"Application does not have permission for this action","type":"OAuthException","code":10,"error_subcode":2332002,"is_transient":false,"error_user_title":"Authorisation and login needed","error_user_msg":"To access the API, you'll need to follow the steps at facebook.com/ads/library/api.","fbtrace_id":"AYWqadm36O4mZdOLf3Hrmq2"}}
[competitor-meta-fetcher] 2026-04-06T08:35:53.451Z Failed to fetch ads for Zerodha: {"error":{"message":"Application does not have permission for this action","type":"OAuthException","code":10,"error_subcode":2332002,"is_transient":false,"error_user_title":"Authorisation and login needed","error_user_msg":"To access the API, you'll need to follow the steps at facebook.com/ads/library/api.","fbtrace_id":"AYWqadm36O4mZdOLf3Hrmq2"}}
[competitor-meta-fetcher] 2026-04-06T08:35:53.964Z Fetching ads for competitor: Groww
[competitor-meta-fetcher] 2026-04-06T08:35:54.691Z FETCH ERROR: {"error":{"message":"Application does not have permission for this action","type":"OAuthException","code":10,"error_subcode":2332002,"is_transient":false,"error_user_title":"Authorisation and login needed","error_user_msg":"To access the API, you'll need to follow the steps at facebook.com/ads/library/api.","fbtrace_id":"AC47PiKECU3rYG-XrD1v4fW"}}
[competitor-meta-fetcher] 2026-04-06T08:35:54.692Z Failed to fetch ads for Groww: {"error":{"message":"Application does not have permission for this action","type":"OAuthException","code":10,"error_subcode":2332002,"is_transient":false,"error_user_title":"Authorisation and login needed","error_user_msg":"To access the API, you'll need to follow the steps at facebook.com/ads/library/api.","fbtrace_id":"AC47PiKECU3rYG-XrD1v4fW"}}
[competitor-meta-fetcher] 2026-04-06T08:35:55.194Z Fetching ads for competitor: Angel One
[competitor-meta-fetcher] 2026-04-06T08:35:55.580Z FETCH ERROR: {"error":{"message":"Application does not have permission for this action","type":"OAuthException","code":10,"error_subcode":2332002,"is_transient":false,"error_user_title":"Authorisation and login needed","error_user_msg":"To access the API, you'll need to follow the steps at facebook.com/ads/library/api.","fbtrace_id":"AzqbDUzLiptMVy54v6ziiI3"}}
[competitor-meta-fetcher] 2026-04-06T08:35:55.580Z Failed to fetch ads for Angel One: {"error":{"message":"Application does not have permission for this action","type":"OAuthException","code":10,"error_subcode":2332002,"is_transient":false,"error_user_title":"Authorisation and login needed","error_user_msg":"To access the API, you'll need to follow the steps at facebook.com/ads/library/api.","fbtrace_id":"AzqbDUzLiptMVy54v6ziiI3"}}
[competitor-meta-fetcher] 2026-04-06T08:35:56.080Z Fetching ads for competitor: Upstox
[competitor-meta-fetcher] 2026-04-06T08:35:56.509Z FETCH ERROR: {"error":{"message":"Application does not have permission for this action","type":"OAuthException","code":10,"error_subcode":2332002,"is_transient":false,"error_user_title":"Authorisation and login needed","error_user_msg":"To access the API, you'll need to follow the steps at facebook.com/ads/library/api.","fbtrace_id":"A0C6PMcMtOq3WrJvaUfT__x"}}
[competitor-meta-fetcher] 2026-04-06T08:35:56.509Z Failed to fetch ads for Upstox: {"error":{"message":"Application does not have permission for this action","type":"OAuthException","code":10,"error_subcode":2332002,"is_transient":false,"error_user_title":"Authorisation and login needed","error_user_msg":"To access the API, you'll need to follow the steps at facebook.com/ads/library/api.","fbtrace_id":"A0C6PMcMtOq3WrJvaUfT__x"}}
[competitor-meta-fetcher] 2026-04-06T08:35:57.010Z Fetching ads for competitor: 5paisa
[competitor-meta-fetcher] 2026-04-06T08:35:57.331Z FETCH ERROR: {"error":{"message":"Application does not have permission for this action","type":"OAuthException","code":10,"error_subcode":2332002,"is_transient":false,"error_user_title":"Authorisation and login needed","error_user_msg":"To access the API, you'll need to follow the steps at facebook.com/ads/library/api.","fbtrace_id":"AppiR15RTkj0Yb6O0U9qjem"}}
[competitor-meta-fetcher] 2026-04-06T08:35:57.331Z Failed to fetch ads for 5paisa: {"error":{"message":"Application does not have permission for this action","type":"OAuthException","code":10,"error_subcode":2332002,"is_transient":false,"error_user_title":"Authorisation and login needed","error_user_msg":"To access the API, you'll need to follow the steps at facebook.com/ads/library/api.","fbtrace_id":"AppiR15RTkj0Yb6O0U9qjem"}}
[competitor-meta-fetcher] 2026-04-06T08:35:57.844Z Fetching ads for competitor: Paytm Money
[competitor-meta-fetcher] 2026-04-06T08:35:58.263Z FETCH ERROR: {"error":{"message":"Application does not have permission for this action","type":"OAuthException","code":10,"error_subcode":2332002,"is_transient":false,"error_user_title":"Authorisation and login needed","error_user_msg":"To access the API, you'll need to follow the steps at facebook.com/ads/library/api.","fbtrace_id":"Atf_nFtcTmlZ9XPsgKe1PS7"}}
[competitor-meta-fetcher] 2026-04-06T08:35:58.263Z Failed to fetch ads for Paytm Money: {"error":{"message":"Application does not have permission for this action","type":"OAuthException","code":10,"error_subcode":2332002,"is_transient":false,"error_user_title":"Authorisation and login needed","error_user_msg":"To access the API, you'll need to follow the steps at facebook.com/ads/library/api.","fbtrace_id":"Atf_nFtcTmlZ9XPsgKe1PS7"}}
[competitor-meta-fetcher] 2026-04-06T08:35:58.776Z API returned no ads — seeding cache with demo data for pipeline to work
[competitor-meta-fetcher] 2026-04-06T08:35:58.778Z fetchAllCompetitorAds complete: 92 total ads from 13 competitors, 13 errors (DEMO DATA)
[competitor-meta-fetcher] 2026-04-06T08:35:58.778Z Univest cache still valid, skipping fetch
[CompetitorScheduler] 2026-04-06T08:35:58.781Z — fetch — done in 12456ms, records: 92
[CompetitorScheduler] 2026-04-06T08:35:58.782Z — classify — started
  [PASS] Adset name normalization (10725ms) — Adset name match rate 100.0% (20/20)
============================================================
[Integrity] Done in 21066ms — OK (5 pass, 0 fail, 0 warn, 0 skip)
============================================================

[CampaignSync] Running scheduled sync validation...
[CampaignSync] Starting ghost campaign deduplication...
[GC Scheduler] Running initial data fetch...
[gc/dataFetcher] === Step 1/4: Fetching Metabase adset data ===
[gc/dataFetcher] Fetching Metabase adset performance for last 90 days...
[FE:Scheduler] Running initial startup checks...
[FE:Scheduler] Starting job: watcher-refresh
[FE:Watcher] Refreshing Meta prediction accuracy...
[FE:Watcher] Meta predictions: 0 processed, 299 skipped
[FE:Watcher] Refreshing Google prediction accuracy...
[FE:Watcher] Google predictions: 0 processed, 0 skipped
[FE:Watcher] Refreshing recommendation tracking...
[FE:Watcher] ci_recommendations not found: no such table: ci_recommendations
[FE:Watcher] Recommendation tracking: 0 processed
[FE:Watcher] Refreshing competitor signal accuracy...
[FE:Watcher] Competitor signals: 0 processed
[FE:Watcher] Full refresh complete: 0 records processed
[FE:Scheduler] Completed job: watcher-refresh (191ms, 1 records)
[FE:Scheduler] Starting job: anomaly-check
[FE:AnomalyDetector] Running all anomaly detection checks...
[FE:AnomalyDetector] Duplicate anomaly "No new predictions tracked in 48 hours" (unresolved or recently resolved) — skipping.
[FE:AnomalyDetector] No competitor signal data available. Skipping competitor checks.
[FE:AnomalyDetector] All checks complete. 0 new anomalies detected.
[FE:Scheduler] Completed job: anomaly-check (8ms, 0 records)
[FE:Scheduler] Starting job: data-quality-check
[FE:DataQuality] Running audit (2026-03-07 -> 2026-04-06, forceFresh=false)
[ad-insights] Serving from memory (11975 rows)
[ad-funnel] Serving from memory (3689 rows)
[gc-ad-funnel] Serving from disk (615 rows, 39min old)
[ads-status] Serving from memory cache (5276 ads)
[AT Scheduler] Bootstrap: 366 meta adsets, 17 google adgroups in DB
[AT Scheduler] Running initial optimizer health check...
[AT Scheduler] Starting optimizer-health...
[AT Optimizer] === Starting health check ===
[AT Optimizer] Fetching live ACTIVE Meta adsets...
[AT Optimizer] Error fetching live Meta adsets: Meta API 400: {"error":{"message":"API calls from the server require an appsecret_proof argument","type":"GraphMethodException","code":100,"fbtrace_id":"ACgzs0k8jaKqi3pLAIVPPYh"}}
[AT Optimizer] Fetching live ENABLED Google adgroups from local DB (last 7 days)...
[AT Optimizer] Found 17 enabled Google adgroups
[AT Optimizer] Health check complete: 1 flags generated
[AT Scheduler] optimizer-health completed
[CampaignSync] Fetched 5283 ad IDs from Meta API (11 pages)
[FE:DataQuality] Audit complete. status=OK findings=14
[FE:Scheduler] Completed job: data-quality-check (49596ms, 14 records)
[FE:Scheduler] Initial startup checks complete.
[ad-insights] Serving from disk (5012 rows, 346min old)
[ad-funnel] Serving from disk (1601 rows, 37min old)
[ads-status] Serving from memory cache (5276 ads)
[gc-ad-funnel] Serving from memory (615 rows)
[ad-insights] Serving from memory (5012 rows)
[ad-funnel] Serving from memory (1601 rows)
[ad-insights] Serving from memory (5012 rows)
[ad-funnel] Serving from memory (1601 rows)
[roas-tracker] Starting snapshot. Only test campaign ads with go-live >= 2026-03-10
[competitor-trends] Computed trends: 0 ads, 0 competitors, 0 themes
[roas-tracker] Starting snapshot. Only test campaign ads with go-live >= 2026-03-10
[roas-tracker] Starting snapshot. Only test campaign ads with go-live >= 2026-03-10
[ad-insights] Fetching page 1...
[ad-funnel] Running Metabase query...
[ad-funnel] Running Metabase query...
[ad-insights] Fetching page 1...
[ad-insights] Fetching page 1...
[ad-funnel] Running Metabase query...
[FE:ProposalGenerator] getProposals: returned 44 rows
[FE:ProposalGenerator] getProposals: returned 54 rows
[ads-status] Serving from memory cache (5276 ads)
[ad-insights] Serving from disk (413 rows, 346min old)
[ad-funnel] Running Metabase query...
[ads-status] Serving from memory cache (5276 ads)
[FE:ProposalGenerator] getProposals: returned 44 rows
[FE:ProposalGenerator] getProposals: returned 54 rows
[ad-insights] Serving from memory (5012 rows)
[ad-funnel] Serving from memory (1601 rows)
[gc-ad-funnel] Serving from memory (615 rows)
[ad-insights] Serving from memory (5012 rows)
[ad-funnel] Serving from memory (1601 rows)
[roas-tracker] Starting snapshot. Only test campaign ads with go-live >= 2026-03-10
[roas-tracker] Starting snapshot. Only test campaign ads with go-live >= 2026-03-10
[ad-insights] Serving from memory (5012 rows)
[ad-funnel] Serving from memory (1601 rows)
[roas-tracker] Starting snapshot. Only test campaign ads with go-live >= 2026-03-10
[ad-insights] Fetching page 1...
[FE:ProposalGenerator] getProposals: returned 44 rows
[ad-funnel] Running Metabase query...
[ad-insights] Fetching page 1...
[ad-funnel] Running Metabase query...
[ad-insights] Fetching page 1...
[ad-funnel] Running Metabase query...
[FE:ProposalGenerator] getProposals: returned 54 rows
[ad-insights] Serving from memory (413 rows)
[ad-funnel] Running Metabase query...
[ad-insights] Serving from memory (413 rows)
[ad-funnel] Running Metabase query...
[ad-insights] Serving from memory (413 rows)
[ad-funnel] Running Metabase query...
[classifier] Classified 92 new ads (0 already cached)
[CompetitorScheduler] 2026-04-06T08:37:07.012Z — classify — done in 68230ms, records: 92
[CompetitorScheduler] 2026-04-06T08:37:07.012Z — trends — started
[competitor-trends] Computed trends: 92 ads, 13 competitors, 6 themes
[CompetitorScheduler] 2026-04-06T08:37:07.021Z — trends — done in 9ms, records: 0
[CompetitorScheduler] 2026-04-06T08:37:07.021Z — radar — started
[CompetitorScheduler] 2026-04-06T08:37:07.785Z — radar — done in 764ms, records: 0
[CompetitorScheduler] 2026-04-06T08:37:07.786Z — Pipeline finished in 81461ms
[CompetitorScheduler] 2026-04-06T08:37:07.786Z — briefs — started
[ad-insights] Fetching page 2... (500 rows so far)
[ad-insights] Fetching page 2... (500 rows so far)
[CompetitorScheduler] 2026-04-06T08:37:15.148Z — briefs — done in 7362ms, records: 0
[ad-insights] Fetching page 2... (500 rows so far)
[ad-insights] Fetching page 2... (500 rows so far)
[ad-insights] Fetching page 2... (500 rows so far)
[ad-insights] Fetching page 3... (1000 rows so far)
[ad-insights] Fetching page 3... (1000 rows so far)
[ad-insights] Fetching page 3... (1000 rows so far)
[ad-insights] Fetching page 3... (1000 rows so far)
[ad-insights] Fetching page 3... (1000 rows so far)
[ad-insights] Fetching page 4... (1500 rows so far)
[ad-insights] Fetching page 4... (1500 rows so far)
[ad-insights] Fetching page 4... (1500 rows so far)
[ad-insights] Fetching page 4... (1500 rows so far)
[ad-insights] Fetching page 4... (1500 rows so far)
[ad-insights] Fetching page 5... (2000 rows so far)
[ad-insights] Fetching page 5... (2000 rows so far)
[ad-insights] Fetching page 5... (2000 rows so far)
[ad-insights] Fetching page 5... (2000 rows so far)
[ad-insights] Fetching page 5... (2000 rows so far)
[ad-insights] Fetching page 6... (2500 rows so far)
[ad-insights] Fetching page 6... (2500 rows so far)
[ad-insights] Fetching page 6... (2500 rows so far)
[ad-insights] Fetching page 6... (2500 rows so far)
[ad-insights] Fetching page 6... (2500 rows so far)
[ad-funnel] Done. 143 rows returned. Truncated: false
[ad-insights] Fetching page 7... (3000 rows so far)
[ad-funnel] Done. 143 rows returned. Truncated: false
[FE:ProposalGenerator] getProposals: returned 44 rows
[FE:ProposalGenerator] getProposals: returned 54 rows
[FE:ProposalGenerator] getProposals: returned 44 rows
[FE:ProposalGenerator] getProposals: returned 54 rows
[ad-insights] Fetching page 7... (3000 rows so far)
[ad-funnel] Done. 143 rows returned. Truncated: false
[ad-insights] Fetching page 7... (3000 rows so far)
[ad-funnel] Done. 143 rows returned. Truncated: false
[ad-insights] Fetching page 7... (3000 rows so far)
[ad-insights] Fetching page 7... (3000 rows so far)
[ad-insights] Fetching page 8... (3500 rows so far)
[ad-insights] Fetching page 8... (3500 rows so far)
[ad-funnel] Done. 3338 rows returned. Truncated: false
[ad-funnel] Done. 3338 rows returned. Truncated: false
[ad-funnel] Done. 3338 rows returned. Truncated: false
[ad-funnel] Done. 3338 rows returned. Truncated: false
[ad-insights] Fetching page 8... (3500 rows so far)
[ad-funnel] Done. 3338 rows returned. Truncated: false
[ad-funnel] Done. 3338 rows returned. Truncated: false
[roas-tracker] Fetched 0 Meta rows, 3338 funnel rows.
[ad-insights] Fetching page 8... (3500 rows so far)
[ad-insights] Fetching page 8... (3500 rows so far)
[ad-insights] Fetching page 9... (4000 rows so far)
[ad-insights] Fetching page 9... (4000 rows so far)
[roas-tracker] Starting snapshot. Only test campaign ads with go-live >= 2026-03-10
[ad-insights] Serving from disk (10817 rows, 81min old)
[ad-funnel] Serving from memory (3338 rows)
[roas-tracker] Fetched 8081 Meta rows, 3338 funnel rows.
[roas-tracker] 1711 test campaign rows → 139 ads with go-live >= 2026-03-10 (717 daily rows).
[ads-status] Serving from memory cache (5276 ads)
[roas-tracker] 144 creatives since 2026-03-10 (26 with funnel data).
[roas-tracker] 144 ads since 2026-03-10.
[roas-tracker] Upserted: 0 new, 144 updated. 0 need predictions.
[roas-tracker] Done. {"snapshots":144,"tracked":144,"newAds":0,"updated":144,"predicted":0}
[ad-insights] Fetching page 9... (4000 rows so far)
[ad-insights] Fetching page 9... (4000 rows so far)
[ad-insights] Fetching page 10... (4500 rows so far)
[ad-insights] Fetching page 10... (4500 rows so far)
[FE:ProposalGenerator] getProposals: returned 44 rows
[FE:ProposalGenerator] getProposals: returned 54 rows
[ad-insights] Fetching page 9... (4000 rows so far)
[ad-insights] Fetching page 10... (4500 rows so far)
[ad-insights] Fetching page 10... (4500 rows so far)
[ad-insights] Fetching page 11... (5000 rows so far)
[ad-insights] Fetching page 11... (5000 rows so far)
[ad-insights] Fetching page 10... (4500 rows so far)
[ad-insights] Fetching page 11... (5000 rows so far)
[ad-insights] Fetching page 11... (5000 rows so far)
[ad-insights] Fetching page 12... (5500 rows so far)
[ad-insights] Fetching page 12... (5500 rows so far)
[ad-insights] Fetching page 11... (5000 rows so far)
[ad-insights] Fetching page 12... (5500 rows so far)
[ad-insights] Fetching page 12... (5500 rows so far)
[ad-insights] Fetching page 13... (6000 rows so far)
[ad-insights] Fetching page 13... (6000 rows so far)
[ad-insights] Fetching page 12... (5500 rows so far)
[FE:ProposalGenerator] getProposals: returned 44 rows
[FE:ProposalGenerator] getProposals: returned 54 rows
[ad-insights] Fetching page 13... (6000 rows so far)
[ad-insights] Fetching page 14... (6500 rows so far)
[ad-insights] Fetching page 13... (6000 rows so far)
[ad-insights] Fetching page 14... (6500 rows so far)
[ad-insights] Fetching page 13... (6000 rows so far)
[ad-insights] Fetching page 14... (6500 rows so far)
[ad-insights] Fetching page 14... (6500 rows so far)
[ad-insights] Fetching page 15... (7000 rows so far)
[ad-insights] Fetching page 15... (7000 rows so far)
[ad-insights] Fetching page 14... (6500 rows so far)
[ad-insights] Fetching page 15... (7000 rows so far)
[ad-insights] Fetching page 15... (7000 rows so far)
[ad-insights] Fetching page 16... (7500 rows so far)
[ad-insights] Fetching page 16... (7500 rows so far)
[ad-insights] Fetching page 15... (7000 rows so far)
[FE:ProposalGenerator] getProposals: returned 44 rows
[FE:ProposalGenerator] getProposals: returned 54 rows
[ad-insights] Fetching page 16... (7500 rows so far)
[ad-insights] Fetching page 17... (8000 rows so far)
[ad-insights] Fetching page 16... (7500 rows so far)
[ad-insights] Fetching page 17... (8000 rows so far)
[ad-insights] Fetching page 16... (7500 rows so far)
[ad-insights] Fetching page 17... (8000 rows so far)
[ad-insights] Fetching page 17... (8000 rows so far)
[ad-insights] Fetching page 18... (8500 rows so far)
[ad-insights] Fetching page 18... (8500 rows so far)
[ad-insights] Fetching page 17... (8000 rows so far)
[ad-insights] Fetching page 18... (8500 rows so far)
[ad-insights] Fetching page 18... (8500 rows so far)
[ad-insights] Fetching page 19... (9000 rows so far)
[FE:ProposalGenerator] getProposals: returned 44 rows
[FE:ProposalGenerator] getProposals: returned 54 rows
[ad-insights] Fetching page 18... (8500 rows so far)
[ad-insights] Fetching page 19... (9000 rows so far)
[ad-insights] Fetching page 19... (9000 rows so far)
[ad-insights] Fetching page 19... (9000 rows so far)
[ad-insights] Fetching page 20... (9500 rows so far)
[ad-insights] Fetching page 20... (9500 rows so far)
[ad-insights] Fetching page 19... (9000 rows so far)
[ad-insights] Fetching page 20... (9500 rows so far)
[ad-insights] Fetching page 21... (10000 rows so far)
[ad-insights] Fetching page 20... (9500 rows so far)
[ad-insights] Fetching page 20... (9500 rows so far)
[ad-insights] Fetching page 21... (10000 rows so far)
[ad-insights] Fetching page 21... (10000 rows so far)
[ad-insights] Fetching page 21... (10000 rows so far)
[ad-insights] Fetching page 22... (10500 rows so far)
[ad-insights] Fetching page 21... (10000 rows so far)
[ad-insights] Fetching page 22... (10500 rows so far)
[ad-insights] Done. 22 pages, 10834 total rows.
[ad-insights] Saved to disk: 10834 rows
[roas-tracker] Fetched 8095 Meta rows, 3338 funnel rows.
[roas-tracker] 1712 test campaign rows → 140 ads with go-live >= 2026-03-10 (718 daily rows).
[ads-status] Serving from memory cache (5276 ads)
[roas-tracker] 144 creatives since 2026-03-10 (27 with funnel data).
[roas-tracker] 144 ads since 2026-03-10.
[roas-tracker] Upserted: 0 new, 144 updated. 1 need predictions.
[ad-insights] Fetching page 22... (10500 rows so far)
[ad-insights] Fetching page 22... (10500 rows so far)
[predictor] AI prediction for FB_MOF_Video_Jadoo_V0_060426: D6=8.2%, D30=13.8% (10 similar ads, market: neutral)
[roas-tracker] Done. {"snapshots":144,"tracked":144,"newAds":0,"updated":144,"predicted":1}
[ad-insights] Fetching page 22... (10500 rows so far)
[ad-insights] Done. 22 pages, 10834 total rows.
[ad-insights] Saved to disk: 10834 rows
[roas-tracker] Fetched 8095 Meta rows, 3338 funnel rows.
[roas-tracker] 1712 test campaign rows → 140 ads with go-live >= 2026-03-10 (718 daily rows).
[ads-status] Serving from memory cache (5276 ads)
[roas-tracker] 144 creatives since 2026-03-10 (27 with funnel data).
[roas-tracker] 144 ads since 2026-03-10.
[roas-tracker] Upserted: 0 new, 144 updated. 0 need predictions.
[roas-tracker] Done. {"snapshots":144,"tracked":144,"newAds":0,"updated":144,"predicted":0}
[predictor] AI prediction for FB_MOF_Video_Jadoo_V0_060426: D6=14.2%, D30=17.4% (10 similar ads, market: neutral)
[predictor] AI prediction for FB_MOF_Video_Jadoo_V0_060426: D6=11.8%, D30=16.2% (10 similar ads, market: neutral)
[ad-insights] Done. 22 pages, 10834 total rows.
[ad-insights] Saved to disk: 10834 rows
[roas-tracker] Fetched 8095 Meta rows, 3338 funnel rows.
[roas-tracker] 1712 test campaign rows → 140 ads with go-live >= 2026-03-10 (718 daily rows).
[ads-status] Serving from memory cache (5276 ads)
[roas-tracker] 144 creatives since 2026-03-10 (27 with funnel data).
[roas-tracker] 144 ads since 2026-03-10.
[roas-tracker] Upserted: 0 new, 144 updated. 0 need predictions.
[roas-tracker] Done. {"snapshots":144,"tracked":144,"newAds":0,"updated":144,"predicted":0}
[ad-insights] Done. 22 pages, 10834 total rows.
[ad-insights] Saved to disk: 10834 rows
[roas-tracker] Fetched 8095 Meta rows, 3338 funnel rows.
[roas-tracker] 1712 test campaign rows → 140 ads with go-live >= 2026-03-10 (718 daily rows).
[ads-status] Serving from memory cache (5276 ads)
[roas-tracker] 144 creatives since 2026-03-10 (27 with funnel data).
[roas-tracker] 144 ads since 2026-03-10.
[roas-tracker] Upserted: 0 new, 144 updated. 0 need predictions.
[roas-tracker] Done. {"snapshots":144,"tracked":144,"newAds":0,"updated":144,"predicted":0}
[ad-insights] Done. 22 pages, 10834 total rows.
[ad-insights] Saved to disk: 10834 rows
[roas-tracker] Fetched 8095 Meta rows, 3338 funnel rows.
[roas-tracker] 1712 test campaign rows → 140 ads with go-live >= 2026-03-10 (718 daily rows).
[ads-status] Serving from memory cache (5276 ads)
[roas-tracker] 144 creatives since 2026-03-10 (27 with funnel data).
[roas-tracker] 144 ads since 2026-03-10.
[roas-tracker] Upserted: 0 new, 144 updated. 0 need predictions.
[roas-tracker] Done. {"snapshots":144,"tracked":144,"newAds":0,"updated":144,"predicted":0}
[FE:ProposalGenerator] getProposals: returned 44 rows
[FE:ProposalGenerator] getProposals: returned 54 rows
[FE:ProposalGenerator] getProposals: returned 44 rows
[FE:ProposalGenerator] getProposals: returned 54 rows
[FE:ProposalGenerator] getProposals: returned 44 rows
[FE:ProposalGenerator] getProposals: returned 54 rows
[FE:ProposalGenerator] getProposals: returned 44 rows
[FE:ProposalGenerator] getProposals: returned 54 rows
[FE:ProposalGenerator] getProposals: returned 44 rows
[FE:ProposalGenerator] getProposals: returned 54 rows
[FE:ProposalGenerator] getProposals: returned 44 rows
[FE:ProposalGenerator] getProposals: returned 54 rows
[FE:ProposalGenerator] getProposals: returned 44 rows
[FE:ProposalGenerator] getProposals: returned 54 rows
[FE:ProposalGenerator] getProposals: returned 44 rows
[FE:ProposalGenerator] getProposals: returned 54 rows
[FE:ProposalGenerator] getProposals: returned 44 rows
[FE:ProposalGenerator] getProposals: returned 54 rows
[gc-ad-funnel] Serving from memory (615 rows)
[ad-insights] Serving from memory (5012 rows)
[ad-funnel] Serving from memory (1601 rows)
[ad-insights] Serving from memory (5012 rows)
[ad-funnel] Serving from memory (1601 rows)
[ads-status] Serving from memory cache (5276 ads)
[ad-insights] Serving from memory (5012 rows)
[ad-funnel] Serving from memory (1601 rows)
[FE:ProposalGenerator] getProposals: returned 44 rows
[FE:ProposalGenerator] getProposals: returned 54 rows
[ads-status] Serving from memory cache (5276 ads)
[ads-status] Serving from memory cache (5276 ads)
[ad-insights] Serving from memory (413 rows)
[ad-funnel] Serving from memory (143 rows)
[ad-insights] Serving from memory (413 rows)
[ad-funnel] Serving from memory (143 rows)
[ad-insights] Serving from memory (413 rows)
[ad-funnel] Serving from memory (143 rows)
[FE:ProposalGenerator] getProposals: returned 44 rows
[FE:ProposalGenerator] getProposals: returned 54 rows
[FE:ProposalGenerator] getProposals: returned 44 rows
[FE:ProposalGenerator] getProposals: returned 54 rows
[FE:ProposalGenerator] getProposals: returned 44 rows
[FE:ProposalGenerator] getProposals: returned 54 rows
[FE:ProposalGenerator] getProposals: returned 44 rows
[FE:ProposalGenerator] getProposals: returned 54 rows
[roas-tracker] Starting snapshot. Only test campaign ads with go-live >= 2026-03-10
[roas-tracker] Starting snapshot. Only test campaign ads with go-live >= 2026-03-10
[roas-tracker] Starting snapshot. Only test campaign ads with go-live >= 2026-03-10
[ad-funnel] Running Metabase query...
[ad-insights] Fetching page 1...
[ad-insights] Fetching page 1...
[ad-funnel] Running Metabase query...
[ad-insights] Fetching page 1...
[ad-funnel] Running Metabase query...
[ad-insights] Fetching page 2... (500 rows so far)
[ad-insights] Fetching page 2... (500 rows so far)
[FE:ProposalGenerator] getProposals: returned 44 rows
[FE:ProposalGenerator] getProposals: returned 54 rows
[ad-insights] Fetching page 2... (500 rows so far)
[ad-insights] Fetching page 3... (1000 rows so far)
[ad-insights] Fetching page 3... (1000 rows so far)
[ad-insights] Fetching page 3... (1000 rows so far)
[ad-insights] Fetching page 4... (1500 rows so far)
[ad-insights] Fetching page 4... (1500 rows so far)
[ad-insights] Fetching page 4... (1500 rows so far)
[ad-funnel] Done. 3338 rows returned. Truncated: false
[ad-funnel] Done. 3338 rows returned. Truncated: false
[ad-funnel] Done. 3338 rows returned. Truncated: false
[ad-insights] Fetching page 5... (2000 rows so far)
[ad-insights] Fetching page 5... (2000 rows so far)
[ad-insights] Fetching page 5... (2000 rows so far)
[ad-insights] Fetching page 6... (2500 rows so far)
[ad-insights] Fetching page 6... (2500 rows so far)
[ad-insights] Fetching page 6... (2500 rows so far)
[ad-insights] Fetching page 7... (3000 rows so far)
[ad-insights] Fetching page 7... (3000 rows so far)
[ad-insights] Fetching page 7... (3000 rows so far)
[ad-insights] Fetching page 8... (3500 rows so far)
[ad-insights] Fetching page 8... (3500 rows so far)
[FE:ProposalGenerator] getProposals: returned 44 rows
[FE:ProposalGenerator] getProposals: returned 54 rows
[ad-insights] Fetching page 8... (3500 rows so far)
[ad-insights] Fetching page 9... (4000 rows so far)
[ad-insights] Fetching page 9... (4000 rows so far)
[ad-insights] Fetching page 9... (4000 rows so far)
[ad-insights] Fetching page 10... (4500 rows so far)
[ad-insights] Fetching page 10... (4500 rows so far)
[ad-insights] Fetching page 10... (4500 rows so far)
[ad-insights] Fetching page 11... (5000 rows so far)
[ad-insights] Fetching page 11... (5000 rows so far)
[ad-insights] Fetching page 11... (5000 rows so far)
[ad-insights] Fetching page 12... (5500 rows so far)
[ad-insights] Fetching page 12... (5500 rows so far)
[ad-insights] Fetching page 13... (6000 rows so far)
[ad-insights] Fetching page 13... (6000 rows so far)
[ad-insights] Fetching page 12... (5500 rows so far)
[ad-insights] Fetching page 14... (6500 rows so far)
[ad-insights] Fetching page 14... (6500 rows so far)
[ad-insights] Fetching page 13... (6000 rows so far)
[ad-insights] Fetching page 15... (7000 rows so far)
[ad-insights] Fetching page 15... (7000 rows so far)
[ad-insights] Fetching page 14... (6500 rows so far)
[FE:ProposalGenerator] getProposals: returned 44 rows
[FE:ProposalGenerator] getProposals: returned 54 rows
[ad-insights] Fetching page 16... (7500 rows so far)
[ad-insights] Fetching page 15... (7000 rows so far)
[ad-insights] Fetching page 16... (7500 rows so far)
[ad-insights] Fetching page 17... (8000 rows so far)
[ad-insights] Fetching page 17... (8000 rows so far)
[ad-insights] Fetching page 16... (7500 rows so far)
[ad-insights] Fetching page 18... (8500 rows so far)
[ad-insights] Fetching page 17... (8000 rows so far)
[ad-insights] Fetching page 18... (8500 rows so far)
[ad-insights] Fetching page 19... (9000 rows so far)
[ad-insights] Fetching page 19... (9000 rows so far)
[ad-insights] Fetching page 18... (8500 rows so far)
[ad-insights] Fetching page 20... (9500 rows so far)
[ad-insights] Fetching page 20... (9500 rows so far)
[ad-insights] Fetching page 19... (9000 rows so far)
[ad-insights] Fetching page 21... (10000 rows so far)
[FE:ProposalGenerator] getProposals: returned 44 rows
[FE:ProposalGenerator] getProposals: returned 54 rows
[ad-insights] Fetching page 21... (10000 rows so far)
[ad-insights] Fetching page 20... (9500 rows so far)
[ad-insights] Fetching page 22... (10500 rows so far)
[ad-insights] Fetching page 21... (10000 rows so far)
[ad-insights] Fetching page 22... (10500 rows so far)
[ad-insights] Done. 22 pages, 10836 total rows.
[ad-insights] Saved to disk: 10836 rows
[roas-tracker] Fetched 8096 Meta rows, 3338 funnel rows.
[roas-tracker] 1712 test campaign rows → 140 ads with go-live >= 2026-03-10 (718 daily rows).
[ads-status] Serving from memory cache (5276 ads)
[roas-tracker] 144 creatives since 2026-03-10 (27 with funnel data).
[roas-tracker] 144 ads since 2026-03-10.
[roas-tracker] Upserted: 0 new, 144 updated. 0 need predictions.
[roas-tracker] Done. {"snapshots":144,"tracked":144,"newAds":0,"updated":144,"predicted":0}
[ad-insights] Done. 22 pages, 10836 total rows.
[ad-insights] Saved to disk: 10836 rows
[roas-tracker] Fetched 8096 Meta rows, 3338 funnel rows.
[roas-tracker] 1712 test campaign rows → 140 ads with go-live >= 2026-03-10 (718 daily rows).
[ads-status] Serving from memory cache (5276 ads)
[roas-tracker] 144 creatives since 2026-03-10 (27 with funnel data).
[roas-tracker] 144 ads since 2026-03-10.
[roas-tracker] Upserted: 0 new, 144 updated. 0 need predictions.
[roas-tracker] Done. {"snapshots":144,"tracked":144,"newAds":0,"updated":144,"predicted":0}
[ad-insights] Fetching page 22... (10500 rows so far)
[ad-insights] Done. 22 pages, 10836 total rows.
[ad-insights] Saved to disk: 10836 rows
[roas-tracker] Fetched 8096 Meta rows, 3338 funnel rows.
[roas-tracker] 1712 test campaign rows → 140 ads with go-live >= 2026-03-10 (718 daily rows).
[ads-status] Serving from memory cache (5276 ads)
[roas-tracker] 144 creatives since 2026-03-10 (27 with funnel data).
[roas-tracker] 144 ads since 2026-03-10.
[roas-tracker] Upserted: 0 new, 144 updated. 0 need predictions.
[roas-tracker] Done. {"snapshots":144,"tracked":144,"newAds":0,"updated":144,"predicted":0}
[FE:ProposalGenerator] getProposals: returned 44 rows
[FE:ProposalGenerator] getProposals: returned 54 rows
[gc-ad-funnel] Serving from memory (615 rows)
[ad-insights] Serving from memory (5012 rows)
[ad-funnel] Serving from memory (1601 rows)
[ad-insights] Serving from memory (5012 rows)
[ads-status] Serving from memory cache (5276 ads)
[ad-funnel] Serving from memory (1601 rows)
[ad-insights] Serving from memory (5012 rows)
[ad-funnel] Serving from memory (1601 rows)
[ads-status] Serving from memory cache (5276 ads)
[ads-status] Serving from memory cache (5276 ads)
[ad-insights] Serving from memory (413 rows)
[ad-funnel] Serving from memory (143 rows)
[ad-insights] Serving from memory (413 rows)
[ad-funnel] Serving from memory (143 rows)
[ad-insights] Serving from memory (413 rows)
[ad-funnel] Serving from memory (143 rows)
[FE:ProposalGenerator] getProposals: returned 44 rows
[FE:ProposalGenerator] getProposals: returned 54 rows
[FE:ProposalGenerator] getProposals: returned 44 rows
[FE:ProposalGenerator] getProposals: returned 54 rows
[FE:ProposalGenerator] getProposals: returned 44 rows
[FE:ProposalGenerator] getProposals: returned 54 rows
[FE:Scheduler] Starting job: watcher-refresh
[FE:Watcher] Refreshing Meta prediction accuracy...
[FE:Watcher] Meta predictions: 1 processed, 299 skipped
[FE:Watcher] Refreshing Google prediction accuracy...
[FE:Watcher] Google predictions: 0 processed, 0 skipped
[FE:Watcher] Refreshing recommendation tracking...
[FE:Watcher] ci_recommendations not found: no such table: ci_recommendations
[FE:Watcher] Recommendation tracking: 0 processed
[FE:Watcher] Refreshing competitor signal accuracy...
[FE:Watcher] Competitor signals: 0 processed
[FE:Watcher] Full refresh complete: 1 records processed
[FE:Scheduler] Completed job: watcher-refresh (73ms, 1 records)
[FE:Scheduler] Starting job: anomaly-check
[FE:AnomalyDetector] Running all anomaly detection checks...
[FE:AnomalyDetector] No competitor signal data available. Skipping competitor checks.
[FE:AnomalyDetector] All checks complete. 0 new anomalies detected.
[FE:Scheduler] Completed job: anomaly-check (3ms, 0 records)
[FE:ProposalGenerator] getProposals: returned 44 rows
[FE:ProposalGenerator] getProposals: returned 54 rows
[FE:ProposalGenerator] getProposals: returned 44 rows
[FE:ProposalGenerator] getProposals: returned 54 rows
[FE:ProposalGenerator] getProposals: returned 44 rows
[FE:ProposalGenerator] getProposals: returned 54 rows
[FE:ProposalGenerator] getProposals: returned 44 rows
[FE:ProposalGenerator] getProposals: returned 54 rows
[FE:ProposalGenerator] getProposals: returned 44 rows
[FE:ProposalGenerator] getProposals: returned 54 rows
[FE:ProposalGenerator] getProposals: returned 44 rows
[FE:ProposalGenerator] getProposals: returned 54 rows
[roas-tracker] Starting snapshot. Only test campaign ads with go-live >= 2026-03-10
[roas-tracker] Starting snapshot. Only test campaign ads with go-live >= 2026-03-10
[roas-tracker] Starting snapshot. Only test campaign ads with go-live >= 2026-03-10
[ad-insights] Fetching page 1...
[ad-funnel] Serving from disk (1601 rows, 72min old)
[ad-insights] Fetching page 1...
[ad-insights] Fetching page 1...
[ad-funnel] Running Metabase query...
[ad-insights] Fetching page 1...
[ad-funnel] Running Metabase query...
[ad-insights] Fetching page 1...
[ad-funnel] Running Metabase query...
[ad-funnel] Serving from memory (1601 rows)
[ad-insights] Fetching page 1...
[ad-insights] Fetching page 2... (500 rows so far)
[ad-insights] Fetching page 2... (500 rows so far)
[ad-insights] Fetching page 2... (500 rows so far)
[ad-insights] Fetching page 2... (500 rows so far)
[ad-insights] Fetching page 2... (500 rows so far)
[ad-insights] Fetching page 3... (1000 rows so far)
[ad-insights] Fetching page 3... (1000 rows so far)
[ad-insights] Fetching page 3... (1000 rows so far)
[ad-insights] Fetching page 3... (1000 rows so far)
[ad-insights] Fetching page 3... (1000 rows so far)
[ad-insights] Fetching page 4... (1500 rows so far)
[ad-insights] Fetching page 2... (500 rows so far)
[ad-insights] Fetching page 4... (1500 rows so far)
[ad-insights] Fetching page 4... (1500 rows so far)
[ad-insights] Fetching page 4... (1500 rows so far)
[ad-insights] Fetching page 4... (1500 rows so far)
[ad-funnel] Done. 3338 rows returned. Truncated: false
[ad-funnel] Done. 3338 rows returned. Truncated: false
[ad-funnel] Done. 3338 rows returned. Truncated: false
[ad-insights] Fetching page 5... (2000 rows so far)
[ad-insights] Fetching page 3... (1000 rows so far)
[ad-insights] Fetching page 5... (2000 rows so far)
[ad-insights] Fetching page 5... (2000 rows so far)
[ad-insights] Fetching page 5... (2000 rows so far)
[ad-insights] Fetching page 6... (2500 rows so far)
[ad-insights] Fetching page 5... (2000 rows so far)
[ad-insights] Fetching page 6... (2500 rows so far)
[ad-insights] Fetching page 4... (1500 rows so far)
[ad-insights] Fetching page 6... (2500 rows so far)
[ad-insights] Fetching page 7... (3000 rows so far)
[ad-insights] Fetching page 6... (2500 rows so far)
[ad-insights] Fetching page 6... (2500 rows so far)
[ad-insights] Fetching page 7... (3000 rows so far)
[ad-insights] Fetching page 7... (3000 rows so far)
[ad-insights] Fetching page 5... (2000 rows so far)
[ad-insights] Fetching page 8... (3500 rows so far)
[ad-insights] Fetching page 7... (3000 rows so far)
[ad-insights] Fetching page 7... (3000 rows so far)
[ad-insights] Fetching page 8... (3500 rows so far)
[ad-insights] Fetching page 8... (3500 rows so far)
[ad-insights] Fetching page 6... (2500 rows so far)
[ad-insights] Fetching page 9... (4000 rows so far)
[ad-insights] Fetching page 8... (3500 rows so far)
[ad-insights] Fetching page 8... (3500 rows so far)
[ad-insights] Fetching page 9... (4000 rows so far)
[ad-insights] Fetching page 9... (4000 rows so far)
[ad-insights] Fetching page 7... (3000 rows so far)
[ad-insights] Fetching page 10... (4500 rows so far)
[ad-insights] Fetching page 9... (4000 rows so far)
[ad-insights] Fetching page 10... (4500 rows so far)
[ad-insights] Fetching page 9... (4000 rows so far)
[ad-insights] Fetching page 10... (4500 rows so far)
[ad-insights] Fetching page 8... (3500 rows so far)
[ad-insights] Fetching page 11... (5000 rows so far)
[ad-insights] Done. 11 pages, 5012 total rows.
[ad-insights] Saved to disk: 5012 rows
[ad-insights] Fetching page 11... (5000 rows so far)
[ad-insights] Fetching page 10... (4500 rows so far)
[ads-status] Serving from memory cache (5276 ads)
[ad-funnel] Serving from memory (1601 rows)
[gc-ad-funnel] Serving from disk (615 rows, 76min old)
[FE:ProposalGenerator] getProposals: returned 44 rows
[FE:ProposalGenerator] getProposals: returned 54 rows
[ad-insights] Fetching page 1...
[ad-insights] Done. 11 pages, 5012 total rows.
[ad-insights] Saved to disk: 5012 rows
[ad-insights] Fetching page 11... (5000 rows so far)
[ad-funnel] Serving from disk (143 rows, 35min old)
[ad-insights] Fetching page 1...
[ad-insights] Fetching page 10... (4500 rows so far)
[ad-insights] Fetching page 9... (4000 rows so far)
[ad-insights] Done. 1 pages, 479 total rows.
[ad-insights] Saved to disk: 479 rows
[ad-funnel] Serving from memory (143 rows)
[ad-insights] Serving from memory (479 rows)
[ad-funnel] Serving from memory (143 rows)
[ads-status] Serving from memory cache (5276 ads)
[ads-status] Serving from memory cache (5276 ads)
[FE:ProposalGenerator] getProposals: returned 44 rows
[FE:ProposalGenerator] getProposals: returned 54 rows
[FE:ProposalGenerator] getProposals: returned 44 rows
[FE:ProposalGenerator] getProposals: returned 54 rows
[FE:ProposalGenerator] getProposals: returned 44 rows
[FE:ProposalGenerator] getProposals: returned 54 rows
[FE:ProposalGenerator] getProposals: returned 44 rows
[FE:ProposalGenerator] getProposals: returned 54 rows
[ad-insights] Serving from memory (479 rows)
[ad-funnel] Serving from memory (143 rows)
[ad-insights] Serving from memory (479 rows)
[ad-funnel] Serving from memory (143 rows)
[ad-insights] Fetching page 12... (5500 rows so far)
[ad-insights] Fetching page 11... (5000 rows so far)
[ad-insights] Done. 1 pages, 479 total rows.
[ad-insights] Saved to disk: 479 rows
[ad-insights] Serving from disk (11591 rows, 337min old)
[ad-funnel] Running Metabase query...
[ads-status] Rate limited — serving stale disk cache (5276 ads)
[ad-insights] Fetching page 10... (4500 rows so far)
[ad-insights] Fetching page 12... (5500 rows so far)
[ad-insights] Fetching page 13... (6000 rows so far)
[ad-insights] Fetching page 11... (5000 rows so far)
[ad-insights] Fetching page 11... (5000 rows so far)
[ad-insights] Fetching page 13... (6000 rows so far)
[ad-insights] Fetching page 14... (6500 rows so far)
[ad-insights] Done. 11 pages, 5012 total rows.
[ad-insights] Saved to disk: 5012 rows
[ad-insights] Serving from memory (479 rows)
[ad-funnel] Serving from memory (143 rows)
[ad-insights] Fetching page 12... (5500 rows so far)
[ad-insights] Fetching page 15... (7000 rows so far)
[FE:ProposalGenerator] getProposals: returned 44 rows
[FE:ProposalGenerator] getProposals: returned 54 rows
[ad-insights] Fetching page 14... (6500 rows so far)
[ad-insights] Fetching page 13... (6000 rows so far)
[ad-insights] Fetching page 16... (7500 rows so far)
[ad-insights] Fetching page 15... (7000 rows so far)
[ad-insights] Fetching page 14... (6500 rows so far)
[ad-insights] Fetching page 17... (8000 rows so far)
[ad-insights] Fetching page 16... (7500 rows so far)
[ad-insights] Fetching page 15... (7000 rows so far)
[ad-funnel] Done. 3569 rows returned. Truncated: false
[FE:ProposalGenerator] getProposals: returned 44 rows
[FE:ProposalGenerator] getProposals: returned 54 rows
[ad-insights] Fetching page 17... (8000 rows so far)
[ad-insights] Fetching page 18... (8500 rows so far)
[ad-insights] Fetching page 16... (7500 rows so far)
[ad-insights] Fetching page 18... (8500 rows so far)
[ad-insights] Fetching page 19... (9000 rows so far)
[ad-insights] Fetching page 17... (8000 rows so far)
[ad-insights] Fetching page 19... (9000 rows so far)
[ad-insights] Fetching page 20... (9500 rows so far)
[FE:Scheduler] Starting job: data-quality-check
[FE:DataQuality] Running audit (2026-03-07 -> 2026-04-06, forceFresh=false)
[ad-insights] Serving from disk (11975 rows, 345min old)
[ad-funnel] Serving from disk (3689 rows, 119min old)
[gc-ad-funnel] Serving from memory (615 rows)
[ads-status] Serving from memory cache (5276 ads)
[FE:DataQuality] Audit complete. status=OK findings=14
[FE:Scheduler] Completed job: data-quality-check (1583ms, 14 records)
[FE:ProposalGenerator] getProposals: returned 44 rows
[FE:ProposalGenerator] getProposals: returned 54 rows
[ad-insights] Fetching page 20... (9500 rows so far)
[ad-insights] Fetching page 18... (8500 rows so far)
[ad-insights] Fetching page 21... (10000 rows so far)
[ad-insights] Fetching page 21... (10000 rows so far)
[ad-insights] Fetching page 22... (10500 rows so far)
[ad-insights] Fetching page 22... (10500 rows so far)
[ad-insights] Done. 22 pages, 10837 total rows.
[ad-insights] Saved to disk: 10837 rows
[roas-tracker] Fetched 8097 Meta rows, 3338 funnel rows.
[roas-tracker] 1712 test campaign rows → 140 ads with go-live >= 2026-03-10 (718 daily rows).
[ads-status] Serving from memory cache (5276 ads)
[roas-tracker] 144 creatives since 2026-03-10 (27 with funnel data).
[roas-tracker] 144 ads since 2026-03-10.
[roas-tracker] Upserted: 0 new, 144 updated. 0 need predictions.
[roas-tracker] Done. {"snapshots":144,"tracked":144,"newAds":0,"updated":144,"predicted":0}
[ad-insights] Fetching page 19... (9000 rows so far)
[FE:ProposalGenerator] getProposals: returned 44 rows
[FE:ProposalGenerator] getProposals: returned 54 rows
[ad-insights] Done. 22 pages, 10837 total rows.
[ad-insights] Saved to disk: 10837 rows
[roas-tracker] Fetched 8097 Meta rows, 3338 funnel rows.
[roas-tracker] 1712 test campaign rows → 140 ads with go-live >= 2026-03-10 (718 daily rows).
[ads-status] Serving from memory cache (5276 ads)
[roas-tracker] 144 creatives since 2026-03-10 (27 with funnel data).
[roas-tracker] 144 ads since 2026-03-10.
[roas-tracker] Upserted: 0 new, 144 updated. 0 need predictions.
[roas-tracker] Done. {"snapshots":144,"tracked":144,"newAds":0,"updated":144,"predicted":0}
[ad-insights] Fetching page 20... (9500 rows so far)
[FE:ProposalGenerator] getProposals: returned 44 rows
[FE:ProposalGenerator] getProposals: returned 54 rows
[roas-tracker] Fetched 0 Meta rows, 3338 funnel rows.
[FE:ProposalGenerator] getProposals: returned 44 rows
[FE:ProposalGenerator] getProposals: returned 54 rows
[gc-ad-funnel] Serving from memory (615 rows)
[ad-insights] Serving from memory (5012 rows)
[ad-funnel] Serving from memory (1601 rows)
[ad-insights] Serving from memory (5012 rows)
[ads-status] Serving from memory cache (5276 ads)
[ad-funnel] Serving from memory (1601 rows)
[ad-insights] Serving from memory (5012 rows)
[ad-funnel] Serving from memory (1601 rows)
[FE:ProposalGenerator] getProposals: returned 44 rows
[FE:ProposalGenerator] getProposals: returned 54 rows
[ads-status] Serving from memory cache (5276 ads)
[ad-insights] Serving from memory (479 rows)
[ad-funnel] Serving from memory (143 rows)
[ads-status] Serving from memory cache (5276 ads)
[ad-insights] Serving from memory (479 rows)
[ad-funnel] Serving from memory (143 rows)
[ad-insights] Serving from memory (479 rows)
[ad-funnel] Serving from memory (143 rows)
[apex-breakdowns] Serving from disk (325min old)
[FE:ProposalGenerator] getProposals: returned 44 rows
[FE:ProposalGenerator] getProposals: returned 54 rows
[apex-breakdowns] Serving from memory
[FE:ProposalGenerator] getProposals: returned 44 rows
[FE:ProposalGenerator] getProposals: returned 54 rows
[FE:ProposalGenerator] getProposals: returned 44 rows
[FE:ProposalGenerator] getProposals: returned 54 rows
[FE:ProposalGenerator] getProposals: returned 44 rows
[FE:ProposalGenerator] getProposals: returned 54 rows
[FE:ProposalGenerator] getProposals: returned 44 rows
[FE:ProposalGenerator] getProposals: returned 54 rows
[FE:ProposalGenerator] getProposals: returned 44 rows
[FE:ProposalGenerator] getProposals: returned 54 rows
[FE:ProposalGenerator] getProposals: returned 44 rows
[FE:ProposalGenerator] getProposals: returned 54 rows
[FE:ProposalGenerator] getProposals: returned 44 rows
[FE:ProposalGenerator] getProposals: returned 54 rows
[FE:ProposalGenerator] getProposals: returned 44 rows
[FE:ProposalGenerator] getProposals: returned 54 rows
[FE:ProposalGenerator] getProposals: returned 44 rows
[FE:ProposalGenerator] getProposals: returned 54 rows
[FE:ProposalGenerator] getProposals: returned 44 rows
[FE:ProposalGenerator] getProposals: returned 54 rows
[apex-breakdowns] Serving from memory
[FE:ProposalGenerator] getProposals: returned 44 rows
[FE:ProposalGenerator] getProposals: returned 54 rows
[FE:ProposalGenerator] getProposals: returned 44 rows
[FE:ProposalGenerator] getProposals: returned 54 rows
[FE:ProposalGenerator] getProposals: returned 44 rows
[FE:ProposalGenerator] getProposals: returned 54 rows
[FE:ProposalGenerator] getProposals: returned 44 rows
[FE:ProposalGenerator] getProposals: returned 54 rows
[FE:ProposalGenerator] getProposals: returned 44 rows
[FE:ProposalGenerator] getProposals: returned 54 rows
[FE:ProposalGenerator] getProposals: returned 44 rows
[FE:ProposalGenerator] getProposals: returned 54 rows
[FE:ProposalGenerator] getProposals: returned 44 rows
[FE:ProposalGenerator] getProposals: returned 44 rows
[FE:ProposalGenerator] getProposals: returned 44 rows
[roas-tracker] Starting snapshot. Only test campaign ads with go-live >= 2026-03-10
[roas-tracker] Starting snapshot. Only test campaign ads with go-live >= 2026-03-10
[roas-tracker] Starting snapshot. Only test campaign ads with go-live >= 2026-03-10
[gc-ad-funnel] Serving from memory (615 rows)
[ad-insights] Serving from memory (5012 rows)
[ad-insights] Fetching page 1...
[ad-funnel] Running Metabase query...
[ad-insights] Fetching page 1...
[ad-funnel] Running Metabase query...
[ad-funnel] Serving from memory (1601 rows)
[ad-insights] Fetching page 1...
[ad-insights] Serving from memory (5012 rows)
[ad-funnel] Running Metabase query...
[ads-status] Serving from memory cache (5276 ads)
[ad-funnel] Serving from memory (1601 rows)
[ad-insights] Serving from memory (5012 rows)
[ad-funnel] Serving from memory (1601 rows)
[FE:ProposalGenerator] getProposals: returned 44 rows
[ads-status] Serving from memory cache (5276 ads)
[ads-status] Serving from memory cache (5276 ads)
[ad-insights] Serving from memory (479 rows)
[ad-funnel] Serving from memory (143 rows)
[ad-insights] Serving from memory (479 rows)
[ad-funnel] Serving from memory (143 rows)
[ad-insights] Serving from memory (479 rows)
[ad-funnel] Serving from memory (143 rows)
[FE:SelfTester] getHypotheses: returned 0 rows
[ad-insights] Fetching page 2... (500 rows so far)
[FE:ProposalGenerator] getProposals: returned 44 rows
[FE:ProposalGenerator] getProposals: returned 54 rows
[ad-insights] Fetching page 2... (500 rows so far)
[ad-insights] Fetching page 2... (500 rows so far)
[FE:SelfTester] getHypotheses: returned 0 rows
[ad-insights] Fetching page 3... (1000 rows so far)
[ad-insights] Fetching page 3... (1000 rows so far)
[ad-insights] Fetching page 3... (1000 rows so far)
[ad-insights] Fetching page 4... (1500 rows so far)
[FE:SelfTester] getHypotheses: returned 0 rows
[ad-insights] Fetching page 4... (1500 rows so far)
[ad-insights] Fetching page 4... (1500 rows so far)
[ad-insights] Fetching page 5... (2000 rows so far)
[ad-insights] Fetching page 5... (2000 rows so far)
[ad-insights] Fetching page 5... (2000 rows so far)
[ad-insights] Fetching page 6... (2500 rows so far)
[ad-insights] Fetching page 6... (2500 rows so far)
[ad-insights] Fetching page 6... (2500 rows so far)
[FE:SelfTester] getHypotheses: returned 0 rows
[ad-insights] Fetching page 7... (3000 rows so far)
[ad-insights] Fetching page 7... (3000 rows so far)
[ad-insights] Fetching page 7... (3000 rows so far)
[ad-insights] Fetching page 8... (3500 rows so far)
[ad-insights] Fetching page 8... (3500 rows so far)
[ad-insights] Fetching page 8... (3500 rows so far)
[ad-insights] Fetching page 9... (4000 rows so far)
[ad-insights] Fetching page 9... (4000 rows so far)
[ad-insights] Fetching page 9... (4000 rows so far)
[FE:SelfTester] getHypotheses: returned 0 rows
[ad-insights] Fetching page 10... (4500 rows so far)
[ad-insights] Fetching page 10... (4500 rows so far)
[ad-insights] Fetching page 10... (4500 rows so far)
[ad-insights] Fetching page 11... (5000 rows so far)
[ad-insights] Fetching page 11... (5000 rows so far)
[ad-funnel] Done. 3338 rows returned. Truncated: false
[ad-funnel] Done. 3338 rows returned. Truncated: false
[ad-funnel] Done. 3338 rows returned. Truncated: false
[ad-insights] Fetching page 11... (5000 rows so far)
[ad-insights] Fetching page 12... (5500 rows so far)
[ad-insights] Fetching page 12... (5500 rows so far)
[ad-insights] Fetching page 12... (5500 rows so far)
[ad-insights] Fetching page 13... (6000 rows so far)
[ad-insights] Fetching page 13... (6000 rows so far)
[FE:SelfTester] getHypotheses: returned 0 rows
[ad-insights] Fetching page 13... (6000 rows so far)
[ad-insights] Fetching page 14... (6500 rows so far)
[ad-insights] Fetching page 14... (6500 rows so far)
[ad-insights] Fetching page 14... (6500 rows so far)
[ad-insights] Fetching page 15... (7000 rows so far)
[ad-insights] Fetching page 15... (7000 rows so far)
[ad-insights] Fetching page 15... (7000 rows so far)
[ad-insights] Fetching page 16... (7500 rows so far)
[ad-insights] Fetching page 16... (7500 rows so far)
[FE:SelfTester] getHypotheses: returned 0 rows
[ad-insights] Fetching page 16... (7500 rows so far)
[ad-insights] Fetching page 17... (8000 rows so far)
[ad-insights] Fetching page 17... (8000 rows so far)
[ad-insights] Fetching page 17... (8000 rows so far)
[ad-insights] Fetching page 18... (8500 rows so far)
[ad-insights] Fetching page 18... (8500 rows so far)
[ad-insights] Fetching page 18... (8500 rows so far)
[FE:SelfTester] getHypotheses: returned 0 rows
[ad-insights] Fetching page 19... (9000 rows so far)
[ad-insights] Fetching page 19... (9000 rows so far)
[ad-insights] Fetching page 19... (9000 rows so far)
[ad-insights] Fetching page 20... (9500 rows so far)
[ad-insights] Fetching page 20... (9500 rows so far)
[ad-insights] Fetching page 20... (9500 rows so far)
[ad-insights] Fetching page 21... (10000 rows so far)
[ad-insights] Fetching page 21... (10000 rows so far)
[FE:SelfTester] getHypotheses: returned 0 rows
[ad-insights] Fetching page 21... (10000 rows so far)
[ad-insights] Fetching page 22... (10500 rows so far)
[ad-insights] Fetching page 22... (10500 rows so far)
[apex-breakdowns] Serving from memory
[ad-insights] Fetching page 22... (10500 rows so far)
[ad-insights] Done. 22 pages, 10837 total rows.
[ad-insights] Saved to disk: 10837 rows
[roas-tracker] Fetched 8097 Meta rows, 3338 funnel rows.
[roas-tracker] 1712 test campaign rows → 140 ads with go-live >= 2026-03-10 (718 daily rows).
[ads-status] Serving from memory cache (5276 ads)
[roas-tracker] 144 creatives since 2026-03-10 (27 with funnel data).
[roas-tracker] 144 ads since 2026-03-10.
[roas-tracker] Upserted: 0 new, 144 updated. 0 need predictions.
[roas-tracker] Done. {"snapshots":144,"tracked":144,"newAds":0,"updated":144,"predicted":0}
[ad-insights] Done. 22 pages, 10837 total rows.
[ad-insights] Saved to disk: 10837 rows
[roas-tracker] Fetched 8097 Meta rows, 3338 funnel rows.
[roas-tracker] 1712 test campaign rows → 140 ads with go-live >= 2026-03-10 (718 daily rows).
[ads-status] Serving from memory cache (5276 ads)
[roas-tracker] 144 creatives since 2026-03-10 (27 with funnel data).
[roas-tracker] 144 ads since 2026-03-10.
[roas-tracker] Upserted: 0 new, 144 updated. 0 need predictions.
[roas-tracker] Done. {"snapshots":144,"tracked":144,"newAds":0,"updated":144,"predicted":0}
[ad-insights] Done. 22 pages, 10837 total rows.
[ad-insights] Saved to disk: 10837 rows
[roas-tracker] Fetched 8097 Meta rows, 3338 funnel rows.
[roas-tracker] 1712 test campaign rows → 140 ads with go-live >= 2026-03-10 (718 daily rows).
[ads-status] Serving from memory cache (5276 ads)
[roas-tracker] 144 creatives since 2026-03-10 (27 with funnel data).
[roas-tracker] 144 ads since 2026-03-10.
[roas-tracker] Upserted: 0 new, 144 updated. 0 need predictions.
[roas-tracker] Done. {"snapshots":144,"tracked":144,"newAds":0,"updated":144,"predicted":0}
[FE:SelfTester] getHypotheses: returned 0 rows
[FE:SelfTester] getHypotheses: returned 0 rows
[FE:SelfTester] getHypotheses: returned 0 rows
[FE:SelfTester] getHypotheses: returned 0 rows
[FE:SelfTester] getHypotheses: returned 0 rows
[FE:SelfTester] getHypotheses: returned 0 rows
[FE:SelfTester] getHypotheses: returned 0 rows
[FE:SelfTester] getHypotheses: returned 0 rows
[FE:SelfTester] getHypotheses: returned 0 rows
[roas-tracker] Starting snapshot. Only test campaign ads with go-live >= 2026-03-10
[ad-insights] Serving from memory (10837 rows)
[ad-funnel] Serving from memory (3338 rows)
[roas-tracker] Fetched 8097 Meta rows, 3338 funnel rows.
[roas-tracker] 1712 test campaign rows → 140 ads with go-live >= 2026-03-10 (718 daily rows).
[ads-status] Serving from memory cache (5276 ads)
[roas-tracker] 144 creatives since 2026-03-10 (27 with funnel data).
[roas-tracker] 144 ads since 2026-03-10.
[roas-tracker] Upserted: 0 new, 144 updated. 0 need predictions.
[roas-tracker] Done. {"snapshots":144,"tracked":144,"newAds":0,"updated":144,"predicted":0}
[FE:SelfTester] getHypotheses: returned 0 rows
[FE:SelfTester] getHypotheses: returned 0 rows
[FE:SelfTester] getHypotheses: returned 0 rows
[FE:SelfTester] getHypotheses: returned 0 rows
[gc-ad-funnel] Serving from memory (615 rows)
[ad-insights] Serving from memory (5012 rows)
[ad-funnel] Serving from memory (1601 rows)
[ad-insights] Serving from memory (5012 rows)
[ad-funnel] Serving from memory (1601 rows)
[ads-status] Serving from memory cache (5276 ads)
[ad-insights] Serving from memory (5012 rows)
[ad-funnel] Serving from memory (1601 rows)
[ads-status] Serving from memory cache (5276 ads)
[ads-status] Serving from memory cache (5276 ads)
[ad-insights] Serving from memory (479 rows)
[ad-funnel] Serving from memory (143 rows)
[ad-insights] Serving from memory (479 rows)
[ad-funnel] Serving from memory (143 rows)
[ad-insights] Serving from memory (479 rows)
[ad-funnel] Serving from memory (143 rows)
[FE:SelfTester] getHypotheses: returned 0 rows
[FE:SelfTester] getHypotheses: returned 0 rows
[FE:SelfTester] getHypotheses: returned 0 rows
[FE:SelfTester] getHypotheses: returned 0 rows
[FE:SelfTester] getHypotheses: returned 0 rows
[apex-breakdowns] Serving from memory
[FE:SelfTester] getHypotheses: returned 0 rows
[FE:SelfTester] getHypotheses: returned 0 rows
[FE:SelfTester] getHypotheses: returned 0 rows
[FE:SelfTester] getHypotheses: returned 0 rows
[FE:SelfTester] getHypotheses: returned 0 rows
[FE:SelfTester] getHypotheses: returned 0 rows
[FE:SelfTester] getHypotheses: returned 0 rows
[FE:SelfTester] getHypotheses: returned 0 rows
[FE:SelfTester] getHypotheses: returned 0 rows
[FE:SelfTester] getHypotheses: returned 0 rows
[FE:SelfTester] getHypotheses: returned 0 rows
[FE:SelfTester] getHypotheses: returned 0 rows
[roas-tracker] Starting snapshot. Only test campaign ads with go-live >= 2026-03-10
[roas-tracker] Starting snapshot. Only test campaign ads with go-live >= 2026-03-10
[roas-tracker] Starting snapshot. Only test campaign ads with go-live >= 2026-03-10
[gc-ad-funnel] Serving from disk (615 rows, 110min old)
[ad-insights] Serving from disk (5012 rows, 33min old)
[ad-funnel] Serving from disk (1601 rows, 108min old)
[ad-insights] Fetching page 1...
[ad-funnel] Running Metabase query...
[ad-funnel] Running Metabase query...
[ad-insights] Fetching page 1...
[ad-insights] Fetching page 1...
[ad-funnel] Running Metabase query...
[ad-insights] Serving from memory (5012 rows)
[ads-status] Serving from memory cache (5276 ads)
[ad-funnel] Serving from memory (1601 rows)
[ad-insights] Serving from memory (5012 rows)
[ad-funnel] Serving from memory (1601 rows)
[FE:SelfTester] getHypotheses: returned 0 rows
[ads-status] Serving from memory cache (5276 ads)
[ads-status] Serving from memory cache (5276 ads)
[ad-insights] Serving from disk (479 rows, 34min old)
[ad-funnel] Serving from disk (143 rows, 69min old)
[ad-insights] Serving from memory (479 rows)
[ad-funnel] Serving from memory (143 rows)
[ad-insights] Serving from memory (479 rows)
[ad-funnel] Serving from memory (143 rows)
[ad-insights] Fetching page 2... (500 rows so far)
[ad-insights] Fetching page 2... (500 rows so far)
[ad-insights] Fetching page 2... (500 rows so far)
[ad-insights] Fetching page 3... (1000 rows so far)
[ad-insights] Fetching page 3... (1000 rows so far)
[ad-insights] Fetching page 3... (1000 rows so far)
[ad-insights] Fetching page 4... (1500 rows so far)
[ad-insights] Fetching page 4... (1500 rows so far)
[ad-insights] Fetching page 4... (1500 rows so far)
[ad-insights] Fetching page 5... (2000 rows so far)
[ad-insights] Fetching page 5... (2000 rows so far)
[ad-funnel] Done. 3339 rows returned. Truncated: false
[ad-funnel] Done. 3339 rows returned. Truncated: false
[ad-funnel] Done. 3339 rows returned. Truncated: false
[ad-insights] Fetching page 5... (2000 rows so far)
[ad-insights] Fetching page 6... (2500 rows so far)
[ad-insights] Fetching page 6... (2500 rows so far)
[ad-insights] Fetching page 7... (3000 rows so far)
[ad-insights] Fetching page 6... (2500 rows so far)
[ad-insights] Fetching page 7... (3000 rows so far)
[FE:SelfTester] getHypotheses: returned 0 rows
[ad-insights] Fetching page 8... (3500 rows so far)
[ad-insights] Fetching page 7... (3000 rows so far)
[ad-insights] Fetching page 8... (3500 rows so far)
[ad-insights] Fetching page 8... (3500 rows so far)
[ad-insights] Fetching page 9... (4000 rows so far)
[ad-insights] Fetching page 9... (4000 rows so far)
[ad-insights] Fetching page 10... (4500 rows so far)
[ad-insights] Fetching page 9... (4000 rows so far)
[ad-insights] Fetching page 10... (4500 rows so far)
[ad-insights] Fetching page 11... (5000 rows so far)
[ad-insights] Fetching page 10... (4500 rows so far)
[ad-insights] Fetching page 11... (5000 rows so far)
[ad-insights] Fetching page 12... (5500 rows so far)
[ad-insights] Fetching page 12... (5500 rows so far)
[ad-insights] Fetching page 11... (5000 rows so far)
[ad-insights] Fetching page 13... (6000 rows so far)
[ad-insights] Fetching page 13... (6000 rows so far)
[ad-insights] Fetching page 12... (5500 rows so far)
[ad-insights] Fetching page 14... (6500 rows so far)
[ad-insights] Fetching page 14... (6500 rows so far)
[FE:SelfTester] getHypotheses: returned 0 rows
[ad-insights] Fetching page 13... (6000 rows so far)
[ad-insights] Fetching page 15... (7000 rows so far)
[ad-insights] Fetching page 15... (7000 rows so far)
[ad-insights] Fetching page 14... (6500 rows so far)
[ad-insights] Fetching page 16... (7500 rows so far)
[ad-insights] Fetching page 15... (7000 rows so far)
[ad-insights] Fetching page 16... (7500 rows so far)
[ad-insights] Fetching page 17... (8000 rows so far)
[ad-insights] Fetching page 18... (8500 rows so far)
[ad-insights] Fetching page 17... (8000 rows so far)
[ad-insights] Fetching page 16... (7500 rows so far)
[ad-insights] Fetching page 18... (8500 rows so far)
[ad-insights] Fetching page 19... (9000 rows so far)
[ad-insights] Fetching page 17... (8000 rows so far)
[ad-insights] Fetching page 19... (9000 rows so far)
[ad-insights] Fetching page 20... (9500 rows so far)
[FE:SelfTester] getHypotheses: returned 0 rows
[ad-insights] Fetching page 18... (8500 rows so far)
[ad-insights] Fetching page 20... (9500 rows so far)
[ad-insights] Fetching page 21... (10000 rows so far)
[ad-insights] Fetching page 19... (9000 rows so far)
[ad-insights] Fetching page 21... (10000 rows so far)
[ad-insights] Fetching page 22... (10500 rows so far)
[ad-insights] Done. 22 pages, 10837 total rows.
[ad-insights] Saved to disk: 10837 rows
[roas-tracker] Fetched 8097 Meta rows, 3339 funnel rows.
[roas-tracker] 1712 test campaign rows → 140 ads with go-live >= 2026-03-10 (718 daily rows).
[ads-status] Serving from memory cache (5276 ads)
[roas-tracker] 144 creatives since 2026-03-10 (27 with funnel data).
[roas-tracker] 144 ads since 2026-03-10.
[roas-tracker] Upserted: 0 new, 144 updated. 0 need predictions.
[roas-tracker] Done. {"snapshots":144,"tracked":144,"newAds":0,"updated":144,"predicted":0}
[ad-insights] Fetching page 22... (10500 rows so far)
[ad-insights] Fetching page 20... (9500 rows so far)
[ad-insights] Done. 22 pages, 10837 total rows.
[ad-insights] Saved to disk: 10837 rows
[roas-tracker] Fetched 8097 Meta rows, 3339 funnel rows.
[roas-tracker] 1712 test campaign rows → 140 ads with go-live >= 2026-03-10 (718 daily rows).
[ads-status] Serving from memory cache (5276 ads)
[roas-tracker] 144 creatives since 2026-03-10 (27 with funnel data).
[roas-tracker] 144 ads since 2026-03-10.
[roas-tracker] Upserted: 0 new, 144 updated. 0 need predictions.
[roas-tracker] Done. {"snapshots":144,"tracked":144,"newAds":0,"updated":144,"predicted":0}
[ad-insights] Fetching page 21... (10000 rows so far)
[ad-insights] Fetching page 22... (10500 rows so far)
[FE:SelfTester] getHypotheses: returned 0 rows
[ad-insights] Done. 22 pages, 10837 total rows.
[ad-insights] Saved to disk: 10837 rows
[roas-tracker] Fetched 8097 Meta rows, 3339 funnel rows.
[roas-tracker] 1712 test campaign rows → 140 ads with go-live >= 2026-03-10 (718 daily rows).
[ads-status] Serving from memory cache (5276 ads)
[roas-tracker] 144 creatives since 2026-03-10 (27 with funnel data).
[roas-tracker] 144 ads since 2026-03-10.
[roas-tracker] Upserted: 0 new, 144 updated. 0 need predictions.
[roas-tracker] Done. {"snapshots":144,"tracked":144,"newAds":0,"updated":144,"predicted":0}
[FE:SelfTester] getHypotheses: returned 0 rows
[FE:SelfTester] getHypotheses: returned 0 rows
[FE:SelfTester] getHypotheses: returned 0 rows
[FE:SelfTester] getHypotheses: returned 0 rows
[ad-funnel] Serving from memory (1601 rows)
[ad-insights] Serving from memory (5012 rows)
[ad-insights] Serving from memory (5012 rows)
[gc-ad-funnel] Serving from memory (615 rows)
[ad-funnel] Serving from memory (1601 rows)
[ad-funnel] Serving from memory (1601 rows)
[ad-insights] Serving from memory (5012 rows)
[ads-status] Serving from memory cache (5276 ads)
[ads-status] Serving from memory cache (5276 ads)
[ads-status] Serving from memory cache (5276 ads)
[FE:SelfTester] getHypotheses: returned 0 rows
[ad-insights] Serving from memory (479 rows)
[ad-funnel] Serving from memory (143 rows)
[ad-insights] Serving from memory (479 rows)
[ad-funnel] Serving from memory (143 rows)
[ad-insights] Serving from memory (479 rows)
[ad-funnel] Serving from memory (143 rows)
[FE:SelfTester] getHypotheses: returned 0 rows
[FE:SelfTester] getHypotheses: returned 0 rows
[FE:SelfTester] getHypotheses: returned 0 rows
[FE:SelfTester] getHypotheses: returned 0 rows
[FE:Scheduler] Starting job: watcher-refresh
[FE:Watcher] Refreshing Meta prediction accuracy...
[FE:Watcher] Meta predictions: 0 processed, 300 skipped
[FE:Watcher] Refreshing Google prediction accuracy...
[FE:Watcher] Google predictions: 0 processed, 0 skipped
[FE:Watcher] Refreshing recommendation tracking...
[FE:Watcher] ci_recommendations not found: no such table: ci_recommendations
[FE:Watcher] Recommendation tracking: 0 processed
[FE:Watcher] Refreshing competitor signal accuracy...
[FE:Watcher] Competitor signals: 0 processed
[FE:Watcher] Full refresh complete: 0 records processed
[FE:Scheduler] Completed job: watcher-refresh (32ms, 1 records)
[FE:SelfTester] getHypotheses: returned 0 rows
[FE:SelfTester] getHypotheses: returned 0 rows
[FE:SelfTester] getHypotheses: returned 0 rows
[FE:SelfTester] getHypotheses: returned 0 rows
[FE:SelfTester] getHypotheses: returned 0 rows
[FE:SelfTester] getHypotheses: returned 0 rows
[FE:SelfTester] getHypotheses: returned 0 rows
[FE:SelfTester] getHypotheses: returned 0 rows
[roas-tracker] Starting snapshot. Only test campaign ads with go-live >= 2026-03-10
[ad-insights] Serving from disk (10837 rows, 86min old)
[ad-funnel] Serving from disk (3339 rows, 89min old)
[roas-tracker] Fetched 8097 Meta rows, 3339 funnel rows.
[roas-tracker] 1712 test campaign rows → 140 ads with go-live >= 2026-03-10 (718 daily rows).
[roas-tracker] Starting snapshot. Only test campaign ads with go-live >= 2026-03-10
[roas-tracker] Starting snapshot. Only test campaign ads with go-live >= 2026-03-10
[ad-insights] Fetching page 1...
[ad-funnel] Running Metabase query...
[roas-tracker] Starting snapshot. Only test campaign ads with go-live >= 2026-03-10
[gc-ad-funnel] Running Metabase query...
[ad-funnel] Running Metabase query...
[ad-insights] Fetching page 1...
[ad-insights] Serving from disk (5012 rows, 123min old)
[ad-insights] Fetching page 1...
[ad-funnel] Running Metabase query...
[ad-funnel] Running Metabase query...
[ads-status] Error fallback — serving disk cache (5276 ads)
[roas-tracker] 144 creatives since 2026-03-10 (27 with funnel data).
[roas-tracker] 144 ads since 2026-03-10.
[roas-tracker] Upserted: 0 new, 144 updated. 0 need predictions.
[roas-tracker] Done. {"snapshots":144,"tracked":144,"newAds":0,"updated":144,"predicted":0}
[ad-insights] Serving from disk (479 rows, 124min old)
[ad-funnel] Running Metabase query...
[ad-insights] Serving from memory (479 rows)
[ad-funnel] Running Metabase query...
[FE:SelfTester] getHypotheses: returned 0 rows
[ad-insights] Serving from memory (5012 rows)
[ad-funnel] Running Metabase query...
[ads-status] Rate limited — serving stale disk cache (5276 ads)
[ad-insights] Fetching page 2... (500 rows so far)
[ad-insights] Fetching page 2... (500 rows so far)
[ad-insights] Fetching page 2... (500 rows so far)
[ad-insights] Fetching page 3... (1000 rows so far)
[ad-insights] Fetching page 3... (1000 rows so far)
[ad-insights] Fetching page 3... (1000 rows so far)
[ad-funnel] Done. 151 rows returned. Truncated: false
[ad-funnel] Done. 151 rows returned. Truncated: false
[ad-insights] Fetching page 4... (1500 rows so far)
[ad-funnel] Done. 1601 rows returned. Truncated: false
[ad-insights] Fetching page 4... (1500 rows so far)
[ad-insights] Fetching page 4... (1500 rows so far)
[FE:SelfTester] getHypotheses: returned 0 rows
[ad-insights] Serving from memory (479 rows)
[ad-funnel] Serving from memory (151 rows)
[ad-insights] Fetching page 5... (2000 rows so far)
[ad-insights] Fetching page 5... (2000 rows so far)
[ad-insights] Fetching page 5... (2000 rows so far)
[ad-insights] Fetching page 6... (2500 rows so far)
[ad-insights] Fetching page 6... (2500 rows so far)
[ad-insights] Fetching page 7... (3000 rows so far)
[ad-insights] Fetching page 7... (3000 rows so far)
[FE:SelfTester] getHypotheses: returned 0 rows
[ad-insights] Fetching page 6... (2500 rows so far)
[ad-insights] Fetching page 8... (3500 rows so far)
[ad-insights] Fetching page 8... (3500 rows so far)
[ad-insights] Fetching page 9... (4000 rows so far)
[ad-insights] Fetching page 7... (3000 rows so far)
[ad-insights] Fetching page 10... (4500 rows so far)
[ad-insights] Fetching page 9... (4000 rows so far)
[ad-insights] Fetching page 8... (3500 rows so far)
[FE:SelfTester] getHypotheses: returned 0 rows
[ad-insights] Fetching page 11... (5000 rows so far)
[ad-insights] Fetching page 10... (4500 rows so far)
[ad-insights] Fetching page 9... (4000 rows so far)
[ad-insights] Fetching page 12... (5500 rows so far)
[ad-insights] Fetching page 11... (5000 rows so far)
[ad-insights] Fetching page 10... (4500 rows so far)
[ad-insights] Fetching page 13... (6000 rows so far)
[ad-insights] Fetching page 12... (5500 rows so far)
[ad-insights] Fetching page 11... (5000 rows so far)
[ad-insights] Fetching page 13... (6000 rows so far)
[ad-insights] Fetching page 14... (6500 rows so far)
[FE:SelfTester] getHypotheses: returned 0 rows
[ad-insights] Done. 14 pages, 6500 total rows. WARNING: pagination broke — data may be truncated!
[ad-insights] Disk cache has 10837 rows vs truncated 6500 — using disk cache.
[roas-tracker] Fetched 8097 Meta rows, 0 funnel rows.
[roas-tracker] 1712 test campaign rows → 140 ads with go-live >= 2026-03-10 (718 daily rows).
[ad-insights] Done. 13 pages, 6000 total rows. WARNING: pagination broke — data may be truncated!
[ad-insights] Disk cache has 10837 rows vs truncated 6000 — using disk cache.
[roas-tracker] Fetched 8097 Meta rows, 0 funnel rows.
[roas-tracker] 1712 test campaign rows → 140 ads with go-live >= 2026-03-10 (718 daily rows).
[ads-status] Serving from memory cache (5276 ads)
[roas-tracker] 144 creatives since 2026-03-10 (0 with funnel data).
[roas-tracker] 144 ads since 2026-03-10.
[roas-tracker] Upserted: 0 new, 144 updated. 0 need predictions.
[roas-tracker] Done. {"snapshots":144,"tracked":144,"newAds":0,"updated":144,"predicted":0}
[ads-status] Serving from memory cache (5276 ads)
[roas-tracker] 144 creatives since 2026-03-10 (0 with funnel data).
[roas-tracker] 144 ads since 2026-03-10.
[roas-tracker] Upserted: 0 new, 144 updated. 0 need predictions.
[roas-tracker] Done. {"snapshots":144,"tracked":144,"newAds":0,"updated":144,"predicted":0}
[ad-insights] Fetching page 12... (5500 rows so far)
[ad-insights] Fetching page 13... (6000 rows so far)
[ad-insights] Fetching page 14... (6500 rows so far)
[FE:SelfTester] getHypotheses: returned 0 rows
[ad-insights] Fetching page 15... (7000 rows so far)
[apex-breakdowns] Serving from memory
[ad-insights] Fetching page 16... (7500 rows so far)
[ad-insights] Fetching page 17... (8000 rows so far)
[FE:SelfTester] getHypotheses: returned 0 rows
[ad-insights] Fetching page 18... (8500 rows so far)
[ad-insights] Fetching page 19... (9000 rows so far)
[FE:SelfTester] getHypotheses: returned 0 rows
[ad-insights] Fetching page 20... (9500 rows so far)
[ad-insights] Fetching page 21... (10000 rows so far)
[FE:SelfTester] getHypotheses: returned 0 rows
[ad-insights] Fetching page 22... (10500 rows so far)
[ad-insights] Done. 22 pages, 10844 total rows.
[ad-insights] Saved to disk: 10844 rows
[roas-tracker] Fetched 8100 Meta rows, 0 funnel rows.
[roas-tracker] 1712 test campaign rows → 140 ads with go-live >= 2026-03-10 (718 daily rows).
[ads-status] Serving from memory cache (5276 ads)
[roas-tracker] 144 creatives since 2026-03-10 (0 with funnel data).
[roas-tracker] 144 ads since 2026-03-10.
[roas-tracker] Upserted: 0 new, 144 updated. 0 need predictions.
[roas-tracker] Done. {"snapshots":144,"tracked":144,"newAds":0,"updated":144,"predicted":0}
[FE:SelfTester] getHypotheses: returned 0 rows
[ad-insights] Serving from memory (479 rows)
[ad-funnel] Serving from memory (151 rows)
[FE:SelfTester] getHypotheses: returned 0 rows
[FE:SelfTester] getHypotheses: returned 0 rows
[FE:SelfTester] getHypotheses: returned 0 rows
[FE:SelfTester] getHypotheses: returned 0 rows
[FE:SelfTester] getHypotheses: returned 0 rows
[FE:SelfTester] getHypotheses: returned 0 rows
[FE:SelfTester] getHypotheses: returned 0 rows
[FE:SelfTester] getHypotheses: returned 0 rows
[FE:SelfTester] getHypotheses: returned 0 rows
[FE:SelfTester] getHypotheses: returned 0 rows
[gc-ad-funnel] Running Metabase query...
[ad-insights] Serving from memory (5012 rows)
[ad-funnel] Serving from memory (1601 rows)
[ad-insights] Serving from memory (5012 rows)
[ads-status] Serving from memory cache (5276 ads)
[ad-funnel] Serving from memory (1601 rows)
[ad-insights] Serving from memory (5012 rows)
[ad-funnel] Serving from memory (1601 rows)
[ads-status] Serving from memory cache (5276 ads)
[ads-status] Serving from memory cache (5276 ads)
[ad-insights] Serving from memory (479 rows)
[ad-funnel] Serving from memory (151 rows)
[ad-insights] Serving from memory (479 rows)
[ad-funnel] Serving from memory (151 rows)
[ad-insights] Serving from memory (479 rows)
[ad-funnel] Serving from memory (151 rows)
[FE:SelfTester] getHypotheses: returned 0 rows
[gc-ad-funnel] Done. 615 rows returned. Truncated: false
[FE:SelfTester] getHypotheses: returned 0 rows
[FE:SelfTester] getHypotheses: returned 0 rows
[FE:SelfTester] getHypotheses: returned 0 rows
[FE:SelfTester] getHypotheses: returned 0 rows
[FE:SelfTester] getHypotheses: returned 0 rows
[FE:SelfTester] getHypotheses: returned 0 rows
[FE:SelfTester] getHypotheses: returned 0 rows
[FE:SelfTester] getHypotheses: returned 0 rows
[FE:SelfTester] getHypotheses: returned 0 rows
[FE:SelfTester] getHypotheses: returned 0 rows
[apex-breakdowns] Serving from memory
[FE:SelfTester] getHypotheses: returned 0 rows
[ad-insights] Fetching page 1...
[ad-funnel] Running Metabase query...
[ad-insights] Fetching page 2... (500 rows so far)
[ads-status] Done. 5 pages, 2000 ads.
[FE:SelfTester] getHypotheses: returned 0 rows
[ad-insights] Fetching page 3... (1000 rows so far)
[ad-funnel] Done. 3577 rows returned. Truncated: false
[ad-insights] Fetching page 4... (1500 rows so far)
[ad-insights] Fetching page 5... (2000 rows so far)
[FE:SelfTester] getHypotheses: returned 0 rows
[ad-insights] Fetching page 6... (2500 rows so far)
[ad-insights] Fetching page 7... (3000 rows so far)
[FE:SelfTester] getHypotheses: returned 0 rows
[ad-insights] Fetching page 8... (3500 rows so far)
[ad-insights] Fetching page 9... (4000 rows so far)
[ad-insights] Fetching page 1...
[ad-funnel] Serving from memory (3577 rows)
[ads-status] Rate limited — serving stale disk cache (2000 ads)
[FE:SelfTester] getHypotheses: returned 0 rows
[ad-insights] Fetching page 10... (4500 rows so far)
[ad-insights] Fetching page 2... (500 rows so far)
[ad-insights] Fetching page 11... (5000 rows so far)
[ad-insights] Fetching page 3... (1000 rows so far)
[ad-insights] Done. 11 pages, 5000 total rows. WARNING: pagination broke — data may be truncated!
[ad-insights] Disk cache has 11591 rows vs truncated 5000 — using disk cache.
[ad-insights] Fetching page 4... (1500 rows so far)
[FE:SelfTester] getHypotheses: returned 0 rows
[ad-insights] Fetching page 5... (2000 rows so far)
[ad-insights] Fetching page 6... (2500 rows so far)
[ad-insights] Fetching page 7... (3000 rows so far)
[FE:SelfTester] getHypotheses: returned 0 rows
[ad-insights] Fetching page 8... (3500 rows so far)
[ad-insights] Fetching page 9... (4000 rows so far)
[FE:SelfTester] getHypotheses: returned 0 rows
[ad-insights] Fetching page 10... (4500 rows so far)
[ad-insights] Fetching page 11... (5000 rows so far)
[ad-insights] Fetching page 12... (5500 rows so far)
[roas-tracker] Starting snapshot. Only test campaign ads with go-live >= 2026-03-10
[ad-funnel] Running Metabase query...
[ad-insights] Fetching page 1...
[roas-tracker] Starting snapshot. Only test campaign ads with go-live >= 2026-03-10
[roas-tracker] Starting snapshot. Only test campaign ads with go-live >= 2026-03-10
[gc-ad-funnel] Serving from memory (615 rows)
[ad-insights] Fetching page 1...
[ad-funnel] Running Metabase query...
[ad-insights] Fetching page 1...
[ad-funnel] Running Metabase query...
[FE:SelfTester] getHypotheses: returned 0 rows
[ad-insights] Serving from memory (5012 rows)
[ad-funnel] Serving from memory (1601 rows)
[ads-status] Serving from memory cache (2000 ads)
[ad-insights] Serving from memory (5012 rows)
[ad-funnel] Serving from memory (1601 rows)
[ad-insights] Serving from memory (5012 rows)
[ad-funnel] Serving from memory (1601 rows)
[ads-status] Serving from memory cache (2000 ads)
[ads-status] Serving from memory cache (2000 ads)
[ad-insights] Serving from memory (479 rows)
[ad-funnel] Serving from memory (151 rows)
[ad-insights] Serving from memory (479 rows)
[ad-funnel] Serving from memory (151 rows)
[ad-insights] Serving from memory (479 rows)
[ad-funnel] Serving from memory (151 rows)
[ad-insights] Fetching page 2... (500 rows so far)
[ad-insights] Fetching page 13... (6000 rows so far)
[ad-insights] Fetching page 2... (500 rows so far)
[ad-insights] Fetching page 2... (500 rows so far)
[ad-insights] Fetching page 3... (1000 rows so far)
[ad-insights] Fetching page 14... (6500 rows so far)
[ad-insights] Fetching page 3... (1000 rows so far)
[ad-insights] Fetching page 3... (1000 rows so far)
[ad-insights] Fetching page 4... (1500 rows so far)
[FE:SelfTester] getHypotheses: returned 0 rows
[apex-breakdowns] Serving from memory
[ad-insights] Fetching page 15... (7000 rows so far)
[ad-insights] Fetching page 4... (1500 rows so far)
[ad-insights] Fetching page 4... (1500 rows so far)
[ad-insights] Fetching page 5... (2000 rows so far)
[ad-funnel] Done. 3347 rows returned. Truncated: false
[ad-funnel] Done. 3347 rows returned. Truncated: false
[ad-funnel] Done. 3347 rows returned. Truncated: false
[ad-insights] Fetching page 16... (7500 rows so far)
[ad-insights] Fetching page 5... (2000 rows so far)
[ad-insights] Fetching page 6... (2500 rows so far)
[ad-insights] Fetching page 5... (2000 rows so far)
[ad-insights] Fetching page 17... (8000 rows so far)
[ad-insights] Fetching page 7... (3000 rows so far)
[ad-insights] Fetching page 6... (2500 rows so far)
[FE:SelfTester] getHypotheses: returned 0 rows
[ad-insights] Fetching page 6... (2500 rows so far)
[ad-insights] Fetching page 18... (8500 rows so far)
[ad-insights] Fetching page 8... (3500 rows so far)
[ad-insights] Fetching page 7... (3000 rows so far)
[ad-insights] Fetching page 7... (3000 rows so far)
[ad-insights] Fetching page 19... (9000 rows so far)
[ad-insights] Fetching page 9... (4000 rows so far)
[ad-insights] Fetching page 8... (3500 rows so far)
[ad-insights] Fetching page 10... (4500 rows so far)
[ad-insights] Fetching page 8... (3500 rows so far)
[ad-insights] Fetching page 9... (4000 rows so far)
[ad-insights] Fetching page 20... (9500 rows so far)
[FE:SelfTester] getHypotheses: returned 0 rows
[ad-insights] Fetching page 11... (5000 rows so far)
[ad-insights] Fetching page 10... (4500 rows so far)
[ad-insights] Fetching page 9... (4000 rows so far)
[ad-insights] Fetching page 21... (10000 rows so far)
[ad-insights] Fetching page 12... (5500 rows so far)
[ad-insights] Fetching page 10... (4500 rows so far)
[ad-insights] Fetching page 11... (5000 rows so far)
[ad-insights] Fetching page 13... (6000 rows so far)
[ad-insights] Fetching page 22... (10500 rows so far)
[ad-insights] Fetching page 11... (5000 rows so far)
[ad-insights] Fetching page 12... (5500 rows so far)
[ad-insights] Fetching page 14... (6500 rows so far)
[FE:SelfTester] getHypotheses: returned 0 rows
[ad-insights] Fetching page 12... (5500 rows so far)
[ad-insights] Fetching page 23... (11000 rows so far)
[ad-insights] Fetching page 13... (6000 rows so far)
[ad-insights] Fetching page 15... (7000 rows so far)
[ad-insights] Fetching page 13... (6000 rows so far)
[ad-insights] Fetching page 14... (6500 rows so far)
[ad-insights] Fetching page 24... (11500 rows so far)
[ad-insights] Fetching page 16... (7500 rows so far)
[ad-insights] Done. 24 pages, 11656 total rows.
[ad-insights] Saved to disk: 11656 rows
[ad-insights] Fetching page 14... (6500 rows so far)
[ad-insights] Fetching page 15... (7000 rows so far)
[ad-insights] Fetching page 17... (8000 rows so far)
[FE:SelfTester] getHypotheses: returned 0 rows
[apex-breakdowns] Serving from memory
[ad-insights] Done. 17 pages, 8000 total rows. WARNING: pagination broke — data may be truncated!
[ad-insights] Disk cache has 10844 rows vs truncated 8000 — using disk cache.
[roas-tracker] Fetched 8100 Meta rows, 3347 funnel rows.
[roas-tracker] 1712 test campaign rows → 140 ads with go-live >= 2026-03-10 (718 daily rows).
[ads-status] Serving from memory cache (2000 ads)
[roas-tracker] 144 creatives since 2026-03-10 (27 with funnel data).
[roas-tracker] 144 ads since 2026-03-10.
[roas-tracker] Upserted: 0 new, 144 updated. 0 need predictions.
[roas-tracker] Done. {"snapshots":144,"tracked":144,"newAds":0,"updated":144,"predicted":0}
[ad-insights] Fetching page 15... (7000 rows so far)
[ad-insights] Fetching page 16... (7500 rows so far)
[ad-insights] Fetching page 16... (7500 rows so far)
[ad-insights] Fetching page 17... (8000 rows so far)
[ad-insights] Fetching page 17... (8000 rows so far)
[ad-insights] Fetching page 18... (8500 rows so far)
[FE:SelfTester] getHypotheses: returned 0 rows
[ad-insights] Fetching page 18... (8500 rows so far)
[ad-insights] Fetching page 19... (9000 rows so far)
[ad-insights] Fetching page 19... (9000 rows so far)
[ad-insights] Fetching page 20... (9500 rows so far)
[ad-insights] Fetching page 20... (9500 rows so far)
[FE:SelfTester] getHypotheses: returned 0 rows
[ad-insights] Fetching page 21... (10000 rows so far)
[ad-insights] Fetching page 21... (10000 rows so far)
[ad-insights] Fetching page 22... (10500 rows so far)
[ad-insights] Fetching page 22... (10500 rows so far)
[ad-insights] Done. 22 pages, 10844 total rows.
[ad-insights] Saved to disk: 10844 rows
[roas-tracker] Fetched 8100 Meta rows, 3347 funnel rows.
[roas-tracker] 1712 test campaign rows → 140 ads with go-live >= 2026-03-10 (718 daily rows).
[ads-status] Serving from memory cache (2000 ads)
[roas-tracker] 144 creatives since 2026-03-10 (27 with funnel data).
[roas-tracker] 144 ads since 2026-03-10.
[roas-tracker] Upserted: 0 new, 144 updated. 0 need predictions.
[roas-tracker] Done. {"snapshots":144,"tracked":144,"newAds":0,"updated":144,"predicted":0}
[FE:SelfTester] getHypotheses: returned 0 rows
[ad-insights] Done. 22 pages, 10844 total rows.
[ad-insights] Saved to disk: 10844 rows
[roas-tracker] Fetched 8100 Meta rows, 3347 funnel rows.
[roas-tracker] 1712 test campaign rows → 140 ads with go-live >= 2026-03-10 (718 daily rows).
[ads-status] Serving from memory cache (2000 ads)
[roas-tracker] 144 creatives since 2026-03-10 (27 with funnel data).
[roas-tracker] 144 ads since 2026-03-10.
[roas-tracker] Upserted: 0 new, 144 updated. 0 need predictions.
[roas-tracker] Done. {"snapshots":144,"tracked":144,"newAds":0,"updated":144,"predicted":0}
[FE:SelfTester] getHypotheses: returned 0 rows
[FE:SelfTester] getHypotheses: returned 0 rows
[FE:SelfTester] getHypotheses: returned 0 rows
[FE:SelfTester] getHypotheses: returned 0 rows
[FE:SelfTester] getHypotheses: returned 0 rows
[FE:SelfTester] getHypotheses: returned 0 rows
[FE:SelfTester] getHypotheses: returned 0 rows
[FE:SelfTester] getHypotheses: returned 0 rows
[FE:SelfTester] getHypotheses: returned 0 rows
[FE:SelfTester] getHypotheses: returned 0 rows
[FE:SelfTester] getHypotheses: returned 0 rows
[FE:SelfTester] getHypotheses: returned 0 rows
[gc-ad-funnel] Serving from memory (615 rows)
[ad-insights] Serving from memory (5012 rows)
[ad-funnel] Serving from memory (1601 rows)
[ad-insights] Serving from memory (5012 rows)
[ad-funnel] Serving from memory (1601 rows)
[ads-status] Serving from memory cache (2000 ads)
[ad-insights] Serving from memory (5012 rows)
[ad-funnel] Serving from memory (1601 rows)
[ads-status] Serving from memory cache (2000 ads)
[ads-status] Serving from memory cache (2000 ads)
[ad-insights] Serving from memory (479 rows)
[ad-funnel] Serving from memory (151 rows)
[ad-insights] Serving from memory (479 rows)
[ad-funnel] Serving from memory (151 rows)
[ad-insights] Serving from memory (479 rows)
[ad-funnel] Serving from memory (151 rows)
[FE:SelfTester] getHypotheses: returned 0 rows
[FE:SelfTester] getHypotheses: returned 0 rows
[FE:SelfTester] getHypotheses: returned 0 rows
[FE:SelfTester] getHypotheses: returned 0 rows
[FE:SelfTester] getHypotheses: returned 0 rows
[FE:SelfTester] getHypotheses: returned 0 rows
[FE:SelfTester] getHypotheses: returned 0 rows
[FE:SelfTester] getHypotheses: returned 0 rows
[FE:SelfTester] getHypotheses: returned 0 rows
[roas-tracker] Starting snapshot. Only test campaign ads with go-live >= 2026-03-10
[ad-insights] Fetching page 1...
[ad-funnel] Running Metabase query...
[FE:SelfTester] getHypotheses: returned 0 rows
[ad-insights] Fetching page 2... (500 rows so far)
[ad-insights] Fetching page 3... (1000 rows so far)
[ad-insights] Fetching page 4... (1500 rows so far)
[FE:SelfTester] getHypotheses: returned 0 rows
[ad-insights] Fetching page 5... (2000 rows so far)
[ad-insights] Fetching page 6... (2500 rows so far)
[FE:SelfTester] getHypotheses: returned 0 rows
[ad-insights] Fetching page 7... (3000 rows so far)
[ad-funnel] Done. 3348 rows returned. Truncated: false
[ad-insights] Fetching page 8... (3500 rows so far)
[ad-insights] Fetching page 9... (4000 rows so far)
[ad-insights] Fetching page 10... (4500 rows so far)
[ad-insights] Fetching page 11... (5000 rows so far)
[ad-insights] Fetching page 12... (5500 rows so far)
[ad-insights] Fetching page 13... (6000 rows so far)
[ad-insights] Fetching page 14... (6500 rows so far)
[FE:SelfTester] getHypotheses: returned 0 rows
[ad-insights] Fetching page 15... (7000 rows so far)
[ad-insights] Fetching page 16... (7500 rows so far)
[ad-insights] Fetching page 17... (8000 rows so far)
[ad-insights] Fetching page 18... (8500 rows so far)
[ad-insights] Fetching page 19... (9000 rows so far)
[FE:SelfTester] getHypotheses: returned 0 rows
[ad-insights] Fetching page 20... (9500 rows so far)
[ad-insights] Fetching page 21... (10000 rows so far)
[ad-insights] Fetching page 22... (10500 rows so far)
[ad-insights] Done. 22 pages, 10844 total rows.
[ad-insights] Saved to disk: 10844 rows
[roas-tracker] Fetched 8100 Meta rows, 3348 funnel rows.
[roas-tracker] 1712 test campaign rows → 140 ads with go-live >= 2026-03-10 (718 daily rows).
[ads-status] Serving from memory cache (2000 ads)
[roas-tracker] 144 creatives since 2026-03-10 (27 with funnel data).
[roas-tracker] 144 ads since 2026-03-10.
[roas-tracker] Upserted: 0 new, 144 updated. 0 need predictions.
[roas-tracker] Done. {"snapshots":144,"tracked":144,"newAds":0,"updated":144,"predicted":0}
[FE:SelfTester] getHypotheses: returned 0 rows
[roas-tracker] Starting snapshot. Only test campaign ads with go-live >= 2026-03-10
[roas-tracker] Starting snapshot. Only test campaign ads with go-live >= 2026-03-10
[ad-insights] Serving from disk (5012 rows, 163min old)
[gc-ad-funnel] Serving from memory (615 rows)
[ad-funnel] Serving from disk (1601 rows, 39min old)
[ad-insights] Serving from memory (5012 rows)
[ads-status] Serving from memory cache (2000 ads)
[ad-funnel] Running Metabase query...
[ad-insights] Fetching page 1...
[ad-insights] Fetching page 1...
[ad-funnel] Running Metabase query...
[ad-funnel] Serving from memory (1601 rows)
[ad-insights] Serving from memory (5012 rows)
[ad-funnel] Serving from memory (1601 rows)
[FE:SelfTester] getHypotheses: returned 0 rows
[ads-status] Serving from memory cache (2000 ads)
[ads-status] Serving from memory cache (2000 ads)
[ad-insights] Serving from disk (479 rows, 164min old)
[ad-funnel] Serving from disk (151 rows, 39min old)
[ad-insights] Serving from memory (479 rows)
[ad-funnel] Serving from memory (151 rows)
[ad-insights] Fetching page 2... (500 rows so far)
[ad-insights] Fetching page 2... (500 rows so far)
[ad-insights] Serving from memory (479 rows)
[ad-funnel] Serving from memory (151 rows)
[ad-insights] Fetching page 3... (1000 rows so far)
[ad-insights] Fetching page 3... (1000 rows so far)
[ad-insights] Fetching page 4... (1500 rows so far)
[ad-funnel] Done. 3350 rows returned. Truncated: false
[ad-funnel] Done. 3350 rows returned. Truncated: false
[ad-insights] Fetching page 4... (1500 rows so far)
[ad-insights] Fetching page 5... (2000 rows so far)
[ad-insights] Fetching page 5... (2000 rows so far)
[ad-insights] Fetching page 6... (2500 rows so far)
[ad-insights] Fetching page 6... (2500 rows so far)
[FE:SelfTester] getHypotheses: returned 0 rows
[ad-insights] Fetching page 7... (3000 rows so far)
[ad-insights] Fetching page 7... (3000 rows so far)
[ad-insights] Fetching page 8... (3500 rows so far)
[ad-insights] Fetching page 8... (3500 rows so far)
[ad-insights] Fetching page 9... (4000 rows so far)
[ad-insights] Fetching page 9... (4000 rows so far)
[ad-insights] Fetching page 10... (4500 rows so far)
[ad-insights] Fetching page 10... (4500 rows so far)
[ad-insights] Fetching page 11... (5000 rows so far)
[ad-insights] Fetching page 11... (5000 rows so far)
[ad-insights] Fetching page 12... (5500 rows so far)
[ad-insights] Fetching page 12... (5500 rows so far)
[ad-insights] Fetching page 13... (6000 rows so far)
[FE:SelfTester] getHypotheses: returned 0 rows
[ad-insights] Fetching page 13... (6000 rows so far)
[ad-insights] Fetching page 14... (6500 rows so far)
[ad-insights] Fetching page 14... (6500 rows so far)
[ad-insights] Fetching page 15... (7000 rows so far)
[ad-insights] Fetching page 15... (7000 rows so far)
[ad-insights] Fetching page 16... (7500 rows so far)
[ad-insights] Fetching page 16... (7500 rows so far)
[ad-insights] Fetching page 17... (8000 rows so far)
[ad-insights] Fetching page 17... (8000 rows so far)
[FE:Scheduler] Starting job: watcher-refresh
[FE:Watcher] Refreshing Meta prediction accuracy...
[FE:Watcher] Meta predictions: 0 processed, 300 skipped
[FE:Watcher] Refreshing Google prediction accuracy...
[FE:Watcher] Google predictions: 0 processed, 0 skipped
[FE:Watcher] Refreshing recommendation tracking...
[FE:Watcher] ci_recommendations not found: no such table: ci_recommendations
[FE:Watcher] Recommendation tracking: 0 processed
[FE:Watcher] Refreshing competitor signal accuracy...
[FE:Watcher] Competitor signals: 0 processed
[FE:Watcher] Full refresh complete: 0 records processed
[FE:Scheduler] Completed job: watcher-refresh (86ms, 1 records)
[FE:Scheduler] Starting job: anomaly-check
[FE:AnomalyDetector] Running all anomaly detection checks...
[FE:AnomalyDetector] No competitor signal data available. Skipping competitor checks.
[FE:AnomalyDetector] All checks complete. 0 new anomalies detected.
[FE:Scheduler] Completed job: anomaly-check (4ms, 0 records)
[FE:Scheduler] Starting job: proposal-generate
[FE:ProposalGenerator] Generating improvement proposals...
[FE:Scheduler] Starting job: knowledge-crawl-all
[FE:KnowledgeCrawler] Crawling Tier 1 (Ad Library data)...
[FE:KnowledgeCrawler] Tier1 CI db scan skipped: no such table: ci_competitor_ads
[FE:KnowledgeCrawler] Tier1 GC db scan skipped: no such table: gc_competitor_ads
[FE:KnowledgeCrawler] Tier 1: 0 new items
[FE:KnowledgeCrawler] Crawling Tier 2 (Financial RSS)...
[FE:KnowledgeCrawler] Crawling RSS: MoneyControl Technicals (https://www.moneycontrol.com/rss/technicals.xml)
[FE:KnowledgeCrawler] MoneyControl Technicals: 0 new, 4 skipped
[FE:KnowledgeCrawler] Crawling RSS: ET Markets (https://economictimes.indiatimes.com/markets/rssfeeds/1977021501.cms)
[ad-insights] Fetching page 18... (8500 rows so far)
[ad-insights] Fetching page 18... (8500 rows so far)
[FE:SelfTester] getHypotheses: returned 0 rows
[ad-insights] Fetching page 19... (9000 rows so far)
[FE:ProposalGenerator] Proposal #55: [SCORING_FORMULA_UPDATE] Gate D7 accuracy scoring on outcome maturity
[FE:ProposalGenerator] Proposal #56: [NEW_SIGNAL] Add label-availability and data-freshness signals
[FE:ProposalGenerator] Proposal #57: [KNOWLEDGE_PURGE] Purge duplicate and unresolved error rows from learning set
[FE:ProposalGenerator] Proposal #58: [WEIGHT_RECALIBRATION] Shrink extreme Meta ROAS predictions until D7 labels stabili
[FE:ProposalGenerator] Proposal #59: [RECOMMENDATION_IMPROVEMENT] Display confidence and maturity badges in creative recommend
[FE:ProposalGenerator] Generated 5 proposals (expire 2026-04-20T12:00:29.498Z)
[FE:Scheduler] Completed job: proposal-generate (28870ms, 1 records)
[ad-insights] Fetching page 19... (9000 rows so far)
[ad-insights] Fetching page 20... (9500 rows so far)
[ad-insights] Fetching page 20... (9500 rows so far)
[ad-insights] Fetching page 21... (10000 rows so far)
[ad-insights] Fetching page 21... (10000 rows so far)
[ad-insights] Fetching page 22... (10500 rows so far)
[ad-insights] Done. 22 pages, 10844 total rows.
[ad-insights] Saved to disk: 10844 rows
[roas-tracker] Fetched 8100 Meta rows, 3350 funnel rows.
[roas-tracker] 1712 test campaign rows → 140 ads with go-live >= 2026-03-10 (718 daily rows).
[ads-status] Serving from memory cache (2000 ads)
[roas-tracker] 144 creatives since 2026-03-10 (27 with funnel data).
[roas-tracker] 144 ads since 2026-03-10.
[roas-tracker] Upserted: 0 new, 144 updated. 0 need predictions.
[roas-tracker] Done. {"snapshots":144,"tracked":144,"newAds":0,"updated":144,"predicted":0}
[ad-insights] Fetching page 22... (10500 rows so far)
[FE:SelfTester] getHypotheses: returned 0 rows
[ad-insights] Done. 22 pages, 10844 total rows.
[ad-insights] Saved to disk: 10844 rows
[roas-tracker] Fetched 8100 Meta rows, 3350 funnel rows.
[roas-tracker] 1712 test campaign rows → 140 ads with go-live >= 2026-03-10 (718 daily rows).
[ads-status] Serving from memory cache (2000 ads)
[roas-tracker] 144 creatives since 2026-03-10 (27 with funnel data).
[roas-tracker] 144 ads since 2026-03-10.
[roas-tracker] Upserted: 0 new, 144 updated. 0 need predictions.
[roas-tracker] Done. {"snapshots":144,"tracked":144,"newAds":0,"updated":144,"predicted":0}
[FE:SelfTester] getHypotheses: returned 0 rows
[FE:SelfTester] getHypotheses: returned 0 rows
[apex-breakdowns] Serving from memory
[FE:SelfTester] getHypotheses: returned 0 rows
[FE:KnowledgeCrawler] ET Markets: 50 new, 0 skipped
[FE:KnowledgeCrawler] Tier 2: 50 new items
[FE:KnowledgeCrawler] Crawling Tier 3 (Social/Reviews)...
[FE:KnowledgeCrawler] Tier 3: 0 new items
[FE:KnowledgeCrawler] Pending TAXONOMY_EXPANSION proposal already exists
[FE:KnowledgeCrawler] Total crawled: 50 new items
[FE:Scheduler] Completed job: knowledge-crawl-all (158680ms, 1 records)
[FE:SelfTester] getHypotheses: returned 0 rows
[FE:SelfTester] getHypotheses: returned 0 rows
[FE:SelfTester] getHypotheses: returned 0 rows
[FE:SelfTester] getHypotheses: returned 0 rows
[FE:SelfTester] getHypotheses: returned 0 rows
[FE:SelfTester] getHypotheses: returned 0 rows
[FE:SelfTester] getHypotheses: returned 0 rows
[FE:SelfTester] getHypotheses: returned 0 rows
[FE:SelfTester] getHypotheses: returned 0 rows
[gc-ad-funnel] Serving from disk (615 rows, 39min old)
[ad-insights] Serving from memory (5012 rows)
[ad-funnel] Serving from memory (1601 rows)
[ad-insights] Serving from memory (5012 rows)
[ad-funnel] Serving from memory (1601 rows)
[ads-status] Serving from memory cache (2000 ads)
[ad-insights] Serving from memory (5012 rows)
[ad-funnel] Serving from memory (1601 rows)
[ads-status] Serving from memory cache (2000 ads)
[ads-status] Serving from memory cache (2000 ads)
[ad-insights] Serving from memory (479 rows)
[ad-funnel] Serving from memory (151 rows)
[ad-insights] Serving from memory (479 rows)
[ad-funnel] Serving from memory (151 rows)
[ad-insights] Serving from memory (479 rows)
[ad-funnel] Serving from memory (151 rows)
[FE:SelfTester] getHypotheses: returned 0 rows
[FE:SelfTester] getHypotheses: returned 0 rows
[apex-breakdowns] Serving from memory
[FE:SelfTester] getHypotheses: returned 0 rows
[FE:SelfTester] getHypotheses: returned 0 rows
[FE:SelfTester] getHypotheses: returned 0 rows
[FE:SelfTester] getHypotheses: returned 0 rows
[FE:SelfTester] getHypotheses: returned 0 rows
[FE:SelfTester] getHypotheses: returned 0 rows
[FE:SelfTester] getHypotheses: returned 0 rows
[ad-insights] Serving from memory (5012 rows)
[ad-funnel] Serving from memory (1601 rows)
[ads-status] Serving from memory cache (2000 ads)
[gc-ad-funnel] Serving from memory (615 rows)
[ad-insights] Serving from memory (5012 rows)
[ad-funnel] Serving from memory (1601 rows)
[ad-insights] Serving from memory (5012 rows)
[ad-funnel] Serving from memory (1601 rows)
[roas-tracker] Starting snapshot. Only test campaign ads with go-live >= 2026-03-10
[FE:ProposalGenerator] getProposals: returned 49 rows
[ad-insights] Fetching page 1...
[ad-funnel] Running Metabase query...
[FE:ProposalGenerator] getProposals: returned 59 rows
[roas-tracker] Starting snapshot. Only test campaign ads with go-live >= 2026-03-10
[roas-tracker] Starting snapshot. Only test campaign ads with go-live >= 2026-03-10
[ad-insights] Fetching page 1...
[ad-funnel] Running Metabase query...
[ad-insights] Fetching page 1...
[ad-funnel] Running Metabase query...
[ads-status] Serving from memory cache (2000 ads)
[ads-status] Serving from memory cache (2000 ads)
[ad-insights] Serving from memory (479 rows)
[ad-funnel] Serving from memory (151 rows)
[FE:ProposalGenerator] getProposals: returned 49 rows
[FE:ProposalGenerator] getProposals: returned 59 rows
[ad-insights] Serving from disk (11656 rows, 32min old)
[ad-funnel] Serving from disk (3577 rows, 38min old)
[ad-insights] Serving from memory (479 rows)
[ad-funnel] Serving from memory (151 rows)
[ad-insights] Serving from memory (479 rows)
[ad-funnel] Serving from memory (151 rows)
[ad-insights] Fetching page 2... (500 rows so far)
[ad-insights] Fetching page 2... (500 rows so far)
[ad-insights] Fetching page 2... (500 rows so far)
[ad-insights] Fetching page 3... (1000 rows so far)
[ad-insights] Fetching page 3... (1000 rows so far)
[ad-insights] Fetching page 3... (1000 rows so far)
[ads-status] Done. 11 pages, 5283 ads.
[FE:ProposalGenerator] getProposals: returned 49 rows
[FE:ProposalGenerator] getProposals: returned 59 rows
[ad-funnel] Done. 3351 rows returned. Truncated: false
[ad-insights] Fetching page 4... (1500 rows so far)
[ad-funnel] Done. 3351 rows returned. Truncated: false
[ad-funnel] Done. 3351 rows returned. Truncated: false
[ad-insights] Fetching page 4... (1500 rows so far)
[ad-insights] Fetching page 4... (1500 rows so far)
[ad-insights] Fetching page 5... (2000 rows so far)
[ad-insights] Fetching page 5... (2000 rows so far)
[ad-insights] Fetching page 5... (2000 rows so far)
[ad-insights] Fetching page 6... (2500 rows so far)
[ad-insights] Fetching page 6... (2500 rows so far)
[ad-insights] Fetching page 6... (2500 rows so far)
[FE:ProposalGenerator] getProposals: returned 49 rows
[FE:ProposalGenerator] getProposals: returned 59 rows
[ad-insights] Fetching page 7... (3000 rows so far)
[ad-insights] Fetching page 7... (3000 rows so far)
[ad-insights] Fetching page 7... (3000 rows so far)
[ad-insights] Fetching page 8... (3500 rows so far)
[ad-insights] Fetching page 8... (3500 rows so far)
[ad-insights] Fetching page 8... (3500 rows so far)
[ad-insights] Fetching page 9... (4000 rows so far)
[ad-insights] Fetching page 9... (4000 rows so far)
[ad-insights] Fetching page 9... (4000 rows so far)
[ad-insights] Fetching page 10... (4500 rows so far)
[ad-insights] Fetching page 10... (4500 rows so far)
[ad-insights] Fetching page 10... (4500 rows so far)
[ad-insights] Fetching page 11... (5000 rows so far)
[ad-insights] Fetching page 11... (5000 rows so far)
[ad-insights] Fetching page 11... (5000 rows so far)
[ad-insights] Fetching page 12... (5500 rows so far)
[ad-insights] Fetching page 12... (5500 rows so far)
[ad-insights] Fetching page 12... (5500 rows so far)
[FE:ProposalGenerator] getProposals: returned 49 rows
[FE:ProposalGenerator] getProposals: returned 59 rows
[apex-breakdowns] Serving from memory
[FE:ProposalGenerator] getProposals: returned 49 rows
[FE:ProposalGenerator] getProposals: returned 59 rows
[ad-insights] Fetching page 13... (6000 rows so far)
[ad-insights] Fetching page 13... (6000 rows so far)
[ad-insights] Fetching page 13... (6000 rows so far)
[ad-insights] Fetching page 14... (6500 rows so far)
[ad-insights] Fetching page 14... (6500 rows so far)
[ad-insights] Fetching page 14... (6500 rows so far)
[ad-insights] Fetching page 15... (7000 rows so far)
[ad-insights] Fetching page 15... (7000 rows so far)
[FE:ProposalGenerator] getProposals: returned 49 rows
[FE:ProposalGenerator] getProposals: returned 59 rows
[ad-insights] Fetching page 16... (7500 rows so far)
[ad-insights] Fetching page 16... (7500 rows so far)
[ad-insights] Fetching page 15... (7000 rows so far)
[ad-insights] Fetching page 17... (8000 rows so far)
[ad-insights] Fetching page 16... (7500 rows so far)
[ad-insights] Fetching page 17... (8000 rows so far)
[ad-insights] Fetching page 18... (8500 rows so far)
[FE:ProposalGenerator] getProposals: returned 49 rows
[FE:ProposalGenerator] getProposals: returned 59 rows
[ad-insights] Fetching page 18... (8500 rows so far)
[ad-insights] Fetching page 17... (8000 rows so far)
[ad-insights] Fetching page 19... (9000 rows so far)
[FE:Scheduler] Starting job: data-quality-check
[FE:DataQuality] Running audit (2026-03-07 -> 2026-04-06, forceFresh=false)
[ad-insights] Fetching page 1...
[ad-funnel] Running Metabase query...
[gc-ad-funnel] Serving from memory (615 rows)
[ads-status] Serving from memory cache (5283 ads)
[ad-insights] Fetching page 19... (9000 rows so far)
[ad-insights] Fetching page 18... (8500 rows so far)
[ad-insights] Fetching page 20... (9500 rows so far)
[ad-insights] Fetching page 2... (500 rows so far)
[ad-insights] Fetching page 20... (9500 rows so far)
[ad-insights] Fetching page 19... (9000 rows so far)
[FE:ProposalGenerator] getProposals: returned 49 rows
[FE:ProposalGenerator] getProposals: returned 59 rows
[ad-insights] Fetching page 3... (1000 rows so far)
[ad-insights] Fetching page 21... (10000 rows so far)
[ad-insights] Fetching page 21... (10000 rows so far)
[ad-insights] Fetching page 20... (9500 rows so far)
[ad-funnel] Done. 3706 rows returned. Truncated: false
[ad-insights] Fetching page 4... (1500 rows so far)
[ad-insights] Fetching page 22... (10500 rows so far)
[ad-insights] Fetching page 21... (10000 rows so far)
[ad-insights] Fetching page 22... (10500 rows so far)
[ad-insights] Fetching page 5... (2000 rows so far)
[ad-insights] Done. 22 pages, 10846 total rows.
[ad-insights] Saved to disk: 10846 rows
[roas-tracker] Fetched 8101 Meta rows, 3351 funnel rows.
[roas-tracker] 1712 test campaign rows → 140 ads with go-live >= 2026-03-10 (718 daily rows).
[ads-status] Serving from memory cache (5283 ads)
[roas-tracker] 144 creatives since 2026-03-10 (27 with funnel data).
[roas-tracker] 144 ads since 2026-03-10.
[roas-tracker] Upserted: 0 new, 144 updated. 0 need predictions.
[roas-tracker] Done. {"snapshots":144,"tracked":144,"newAds":0,"updated":144,"predicted":0}
[ad-insights] Done. 22 pages, 10846 total rows.
[ad-insights] Saved to disk: 10846 rows
[roas-tracker] Fetched 8101 Meta rows, 3351 funnel rows.
[roas-tracker] 1712 test campaign rows → 140 ads with go-live >= 2026-03-10 (718 daily rows).
[ads-status] Serving from memory cache (5283 ads)
[roas-tracker] 144 creatives since 2026-03-10 (27 with funnel data).
[roas-tracker] 144 ads since 2026-03-10.
[roas-tracker] Upserted: 0 new, 144 updated. 0 need predictions.
[roas-tracker] Done. {"snapshots":144,"tracked":144,"newAds":0,"updated":144,"predicted":0}
[ad-insights] Fetching page 22... (10500 rows so far)
[ad-insights] Fetching page 6... (2500 rows so far)
[ad-insights] Done. 22 pages, 10846 total rows.
[ad-insights] Saved to disk: 10846 rows
[roas-tracker] Fetched 8101 Meta rows, 3351 funnel rows.
[roas-tracker] 1712 test campaign rows → 140 ads with go-live >= 2026-03-10 (718 daily rows).
[ads-status] Serving from memory cache (5283 ads)
[roas-tracker] 144 creatives since 2026-03-10 (27 with funnel data).
[roas-tracker] 144 ads since 2026-03-10.
[roas-tracker] Upserted: 0 new, 144 updated. 0 need predictions.
[roas-tracker] Done. {"snapshots":144,"tracked":144,"newAds":0,"updated":144,"predicted":0}
[ad-insights] Fetching page 7... (3000 rows so far)
[FE:ProposalGenerator] getProposals: returned 49 rows
[FE:ProposalGenerator] getProposals: returned 59 rows
[ad-insights] Fetching page 8... (3500 rows so far)
[ad-insights] Fetching page 9... (4000 rows so far)
[ad-insights] Fetching page 10... (4500 rows so far)
[ad-insights] Fetching page 11... (5000 rows so far)
[ad-insights] Fetching page 12... (5500 rows so far)
[ad-insights] Fetching page 13... (6000 rows so far)
[FE:ProposalGenerator] getProposals: returned 49 rows
[FE:ProposalGenerator] getProposals: returned 59 rows
[ad-insights] Fetching page 14... (6500 rows so far)
[roas-tracker] Starting snapshot. Only test campaign ads with go-live >= 2026-03-10
[ad-insights] Serving from memory (10846 rows)
[ad-funnel] Serving from memory (3351 rows)
[roas-tracker] Fetched 8101 Meta rows, 3351 funnel rows.
[roas-tracker] 1712 test campaign rows → 140 ads with go-live >= 2026-03-10 (718 daily rows).
[ads-status] Serving from memory cache (5283 ads)
[roas-tracker] 144 creatives since 2026-03-10 (27 with funnel data).
[roas-tracker] 144 ads since 2026-03-10.
[roas-tracker] Upserted: 0 new, 144 updated. 0 need predictions.
[roas-tracker] Done. {"snapshots":144,"tracked":144,"newAds":0,"updated":144,"predicted":0}
[ad-insights] Fetching page 15... (7000 rows so far)
[ad-insights] Fetching page 16... (7500 rows so far)
[ad-insights] Fetching page 17... (8000 rows so far)
[ad-insights] Fetching page 18... (8500 rows so far)
[ad-insights] Fetching page 19... (9000 rows so far)
[FE:ProposalGenerator] getProposals: returned 49 rows
[FE:ProposalGenerator] getProposals: returned 59 rows
[ad-insights] Fetching page 20... (9500 rows so far)
[ad-insights] Fetching page 21... (10000 rows so far)
[ad-insights] Fetching page 22... (10500 rows so far)
[ad-insights] Fetching page 23... (11000 rows so far)
[FE:ProposalGenerator] getProposals: returned 49 rows
[FE:ProposalGenerator] getProposals: returned 59 rows
[ad-insights] Serving from memory (5012 rows)
[ad-funnel] Serving from memory (1601 rows)
[ads-status] Serving from memory cache (5283 ads)
[ad-insights] Serving from memory (5012 rows)
[ad-funnel] Serving from memory (1601 rows)
[ads-status] Serving from memory cache (5283 ads)
[ad-insights] Serving from memory (5012 rows)
[ad-funnel] Serving from memory (1601 rows)
[ads-status] Serving from memory cache (5283 ads)
[gc-ad-funnel] Serving from memory (615 rows)
[FE:ProposalGenerator] getProposals: returned 49 rows
[FE:ProposalGenerator] getProposals: returned 59 rows
[FE:ProposalGenerator] getProposals: returned 49 rows
[FE:ProposalGenerator] getProposals: returned 59 rows
[ad-insights] Fetching page 24... (11500 rows so far)
[roas-tracker] Starting snapshot. Only test campaign ads with go-live >= 2026-03-10
[ad-insights] Fetching page 1...
[roas-tracker] Starting snapshot. Only test campaign ads with go-live >= 2026-03-10
[ad-funnel] Running Metabase query...
[ad-insights] Fetching page 1...
[ad-funnel] Running Metabase query...
[roas-tracker] Starting snapshot. Only test campaign ads with go-live >= 2026-03-10
[ad-funnel] Running Metabase query...
[ad-insights] Serving from memory (479 rows)
[ad-insights] Fetching page 1...
[ad-funnel] Serving from memory (151 rows)
[ad-insights] Serving from memory (479 rows)
[ad-funnel] Serving from memory (151 rows)
[ad-insights] Serving from memory (479 rows)
[ad-funnel] Serving from memory (151 rows)
[gc-ad-funnel] Serving from memory (615 rows)
[ad-insights] Fetching page 2... (500 rows so far)
[ad-insights] Fetching page 2... (500 rows so far)
[ad-insights] Fetching page 2... (500 rows so far)
[ad-insights] Fetching page 25... (12000 rows so far)
[ad-insights] Done. 25 pages, 12044 total rows.
[ad-insights] Saved to disk: 12044 rows
[FE:DataQuality] Audit complete. status=OK findings=14
[FE:Scheduler] Completed job: data-quality-check (270121ms, 14 records)
[ai/analyze] Running AI analysis (prompt length: 858 chars)...
[ai/analyze] Running AI analysis (prompt length: 858 chars)...
[ai/analyze] Done. Response length: 982 chars
[ad-insights] Fetching page 3... (1000 rows so far)
[ai/analyze] Done. Response length: 1209 chars
[ad-insights] Fetching page 3... (1000 rows so far)
[ad-insights] Fetching page 3... (1000 rows so far)
[ad-insights] Serving from memory (11656 rows)
[ad-funnel] Serving from memory (3577 rows)
[ads-status] Rate limited — serving stale disk cache (5283 ads)
[FE:ProposalGenerator] getProposals: returned 49 rows
[FE:ProposalGenerator] getProposals: returned 59 rows
[ad-insights] Fetching page 4... (1500 rows so far)
[ad-insights] Fetching page 4... (1500 rows so far)
[ad-funnel] Done. 3351 rows returned. Truncated: false
[ad-funnel] Done. 3351 rows returned. Truncated: false
[ad-insights] Fetching page 4... (1500 rows so far)
[ad-funnel] Done. 3351 rows returned. Truncated: false
[ad-insights] Fetching page 5... (2000 rows so far)
[ad-insights] Fetching page 5... (2000 rows so far)
[ad-insights] Fetching page 5... (2000 rows so far)
[ad-insights] Fetching page 6... (2500 rows so far)
[ad-insights] Fetching page 6... (2500 rows so far)
[ad-insights] Fetching page 6... (2500 rows so far)
[FE:ProposalGenerator] getProposals: returned 49 rows
[FE:ProposalGenerator] getProposals: returned 59 rows
[ad-insights] Fetching page 7... (3000 rows so far)
[ad-insights] Fetching page 7... (3000 rows so far)
[ad-insights] Fetching page 7... (3000 rows so far)
[ad-insights] Fetching page 8... (3500 rows so far)
[ad-insights] Fetching page 8... (3500 rows so far)
[ad-insights] Fetching page 8... (3500 rows so far)
[ad-insights] Fetching page 9... (4000 rows so far)
[ad-insights] Fetching page 9... (4000 rows so far)
[ad-insights] Fetching page 9... (4000 rows so far)
[ad-insights] Fetching page 10... (4500 rows so far)
[ad-insights] Fetching page 10... (4500 rows so far)
[ad-insights] Fetching page 10... (4500 rows so far)
[ad-insights] Fetching page 11... (5000 rows so far)
[ad-insights] Fetching page 11... (5000 rows so far)
[ad-insights] Fetching page 11... (5000 rows so far)
[ad-insights] Fetching page 12... (5500 rows so far)
[FE:ProposalGenerator] getProposals: returned 49 rows
[FE:ProposalGenerator] getProposals: returned 59 rows
[ad-insights] Fetching page 12... (5500 rows so far)
[ad-insights] Fetching page 12... (5500 rows so far)
[ad-insights] Fetching page 13... (6000 rows so far)
[ad-insights] Fetching page 13... (6000 rows so far)
[ad-insights] Fetching page 13... (6000 rows so far)
[apex-breakdowns] Serving from memory
[FE:ProposalGenerator] getProposals: returned 49 rows
[FE:ProposalGenerator] getProposals: returned 59 rows
[ad-insights] Fetching page 14... (6500 rows so far)
[ad-insights] Fetching page 14... (6500 rows so far)
[ad-insights] Fetching page 1...
[ad-funnel] Running Metabase query...
[ads-status] Rate limited — serving stale disk cache (5283 ads)
[ad-insights] Fetching page 14... (6500 rows so far)
[ad-insights] Fetching page 2... (500 rows so far)
[ad-insights] Fetching page 15... (7000 rows so far)
[ad-insights] Fetching page 15... (7000 rows so far)
[FE:ProposalGenerator] getProposals: returned 49 rows
[FE:ProposalGenerator] getProposals: returned 59 rows
[ad-insights] Fetching page 15... (7000 rows so far)
[ad-insights] Fetching page 16... (7500 rows so far)
[ad-insights] Fetching page 3... (1000 rows so far)
[ad-insights] Fetching page 16... (7500 rows so far)
[ad-insights] Fetching page 16... (7500 rows so far)
[ad-insights] Fetching page 17... (8000 rows so far)
[ad-insights] Fetching page 17... (8000 rows so far)
[ad-insights] Fetching page 4... (1500 rows so far)
[ad-insights] Fetching page 17... (8000 rows so far)
[ad-funnel] Done. 5440 rows returned. Truncated: false
[FE:ProposalGenerator] getProposals: returned 49 rows
[FE:ProposalGenerator] getProposals: returned 59 rows
[ad-insights] Fetching page 18... (8500 rows so far)
[ad-insights] Fetching page 18... (8500 rows so far)
[ad-insights] Fetching page 18... (8500 rows so far)
[ad-insights] Fetching page 5... (2000 rows so far)
[ad-insights] Fetching page 19... (9000 rows so far)
[ad-insights] Fetching page 19... (9000 rows so far)
[ad-insights] Fetching page 6... (2500 rows so far)
[ad-insights] Fetching page 19... (9000 rows so far)
[ad-insights] Fetching page 20... (9500 rows so far)
[ad-insights] Fetching page 20... (9500 rows so far)
[ad-insights] Fetching page 7... (3000 rows so far)
[FE:ProposalGenerator] getProposals: returned 49 rows
[FE:ProposalGenerator] getProposals: returned 59 rows
[ad-insights] Fetching page 20... (9500 rows so far)
[ad-insights] Fetching page 21... (10000 rows so far)
[ad-insights] Fetching page 8... (3500 rows so far)
[ad-insights] Fetching page 21... (10000 rows so far)
[ad-insights] Fetching page 21... (10000 rows so far)
[ad-insights] Fetching page 22... (10500 rows so far)
[ad-insights] Fetching page 22... (10500 rows so far)
[ad-insights] Fetching page 9... (4000 rows so far)
[ad-insights] Done. 22 pages, 10846 total rows.
[ad-insights] Saved to disk: 10846 rows
[roas-tracker] Fetched 8101 Meta rows, 3351 funnel rows.
[roas-tracker] 1712 test campaign rows → 140 ads with go-live >= 2026-03-10 (718 daily rows).
[ads-status] Serving from memory cache (5283 ads)
[roas-tracker] 144 creatives since 2026-03-10 (27 with funnel data).
[roas-tracker] 144 ads since 2026-03-10.
[roas-tracker] Upserted: 0 new, 144 updated. 0 need predictions.
[roas-tracker] Done. {"snapshots":144,"tracked":144,"newAds":0,"updated":144,"predicted":0}
[ad-insights] Done. 22 pages, 10846 total rows.
[ad-insights] Saved to disk: 10846 rows
[roas-tracker] Fetched 8101 Meta rows, 3351 funnel rows.
[roas-tracker] 1712 test campaign rows → 140 ads with go-live >= 2026-03-10 (718 daily rows).
[ads-status] Serving from memory cache (5283 ads)
[roas-tracker] 144 creatives since 2026-03-10 (27 with funnel data).
[roas-tracker] 144 ads since 2026-03-10.
[roas-tracker] Upserted: 0 new, 144 updated. 0 need predictions.
[roas-tracker] Done. {"snapshots":144,"tracked":144,"newAds":0,"updated":144,"predicted":0}
[FE:ProposalGenerator] getProposals: returned 49 rows
[FE:ProposalGenerator] getProposals: returned 59 rows
[ad-insights] Fetching page 22... (10500 rows so far)
[ad-insights] Fetching page 10... (4500 rows so far)
[ad-insights] Done. 22 pages, 10846 total rows.
[ad-insights] Saved to disk: 10846 rows
[roas-tracker] Fetched 8101 Meta rows, 3351 funnel rows.
[roas-tracker] 1712 test campaign rows → 140 ads with go-live >= 2026-03-10 (718 daily rows).
[ads-status] Serving from memory cache (5283 ads)
[roas-tracker] 144 creatives since 2026-03-10 (27 with funnel data).
[roas-tracker] 144 ads since 2026-03-10.
[roas-tracker] Upserted: 0 new, 144 updated. 0 need predictions.
[roas-tracker] Done. {"snapshots":144,"tracked":144,"newAds":0,"updated":144,"predicted":0}
[ad-insights] Fetching page 11... (5000 rows so far)
[ad-insights] Fetching page 12... (5500 rows so far)
[FE:ProposalGenerator] getProposals: returned 49 rows
[FE:ProposalGenerator] getProposals: returned 59 rows
[ad-insights] Fetching page 13... (6000 rows so far)
[ad-insights] Fetching page 14... (6500 rows so far)
[FE:ProposalGenerator] getProposals: returned 49 rows
[FE:ProposalGenerator] getProposals: returned 59 rows
[ad-insights] Fetching page 15... (7000 rows so far)
[ad-insights] Fetching page 16... (7500 rows so far)
[ad-insights] Fetching page 17... (8000 rows so far)
[FE:ProposalGenerator] getProposals: returned 49 rows
[FE:ProposalGenerator] getProposals: returned 59 rows
[ad-insights] Fetching page 18... (8500 rows so far)
[ad-insights] Fetching page 19... (9000 rows so far)
[FE:ProposalGenerator] getProposals: returned 49 rows
[FE:ProposalGenerator] getProposals: returned 59 rows
[ad-insights] Fetching page 20... (9500 rows so far)
[ad-insights] Fetching page 21... (10000 rows so far)
[FE:ProposalGenerator] getProposals: returned 49 rows
[FE:ProposalGenerator] getProposals: returned 59 rows
[ad-insights] Fetching page 22... (10500 rows so far)
[ad-insights] Fetching page 23... (11000 rows so far)
[ad-insights] Fetching page 24... (11500 rows so far)
[FE:ProposalGenerator] getProposals: returned 49 rows
[FE:ProposalGenerator] getProposals: returned 59 rows
[ad-insights] Fetching page 25... (12000 rows so far)
[ad-insights] Fetching page 26... (12500 rows so far)
[ad-insights] Fetching page 27... (13000 rows so far)
[FE:ProposalGenerator] getProposals: returned 49 rows
[FE:ProposalGenerator] getProposals: returned 59 rows
[ad-insights] Fetching page 28... (13500 rows so far)
[ad-insights] Fetching page 29... (14000 rows so far)
[FE:ProposalGenerator] getProposals: returned 49 rows
[FE:ProposalGenerator] getProposals: returned 59 rows
[ad-insights] Fetching page 30... (14500 rows so far)
[ad-insights] Fetching page 31... (15000 rows so far)
[FE:ProposalGenerator] getProposals: returned 49 rows
[FE:ProposalGenerator] getProposals: returned 59 rows
[ad-insights] Fetching page 32... (15500 rows so far)
[ad-insights] Fetching page 33... (16000 rows so far)
[ad-insights] Fetching page 34... (16500 rows so far)
[FE:ProposalGenerator] getProposals: returned 49 rows
[FE:ProposalGenerator] getProposals: returned 59 rows
[ad-insights] Fetching page 35... (17000 rows so far)
[ad-insights] Fetching page 36... (17500 rows so far)
[FE:ProposalGenerator] getProposals: returned 49 rows
[FE:ProposalGenerator] getProposals: returned 59 rows
[ad-insights] Done. 36 pages, 17963 total rows.
[ad-insights] Saved to disk: 17963 rows
[FE:ProposalGenerator] getProposals: returned 49 rows
[FE:ProposalGenerator] getProposals: returned 59 rows
[ad-insights] Serving from disk (5012 rows, 195min old)
[ad-funnel] Serving from disk (1601 rows, 71min old)
[ads-status] Serving from memory cache (5283 ads)
[ad-insights] Serving from memory (5012 rows)
[ad-funnel] Serving from memory (1601 rows)
[ads-status] Serving from memory cache (5283 ads)
[ad-insights] Serving from memory (5012 rows)
[ad-funnel] Serving from memory (1601 rows)
[ads-status] Serving from memory cache (5283 ads)
[ad-insights] Serving from disk (479 rows, 196min old)
[ad-funnel] Serving from disk (151 rows, 71min old)
[ad-insights] Serving from memory (479 rows)
[ad-funnel] Serving from memory (151 rows)
[ad-insights] Serving from memory (479 rows)
[ad-funnel] Serving from memory (151 rows)
[gc-ad-funnel] Serving from memory (615 rows)
[gc-ad-funnel] Serving from memory (615 rows)
[FE:ProposalGenerator] getProposals: returned 49 rows
[FE:ProposalGenerator] getProposals: returned 59 rows
[GC Scheduler] Starting 6-hour cycle...
[gc/dataFetcher] === Step 1/4: Fetching Metabase adset data ===
[gc/dataFetcher] Fetching Metabase adset performance for last 90 days...
[TrendScanner] Scheduled scan starting...
[TrendScanner] Starting full scrape...
[TrendScanner] Scheduled concept regeneration...
[CompetitorScheduler] 2026-04-06T12:30:00.392Z — Pipeline started
[CompetitorScheduler] 2026-04-06T12:30:00.392Z — fetch — started
[competitor-meta-fetcher] 2026-04-06T12:30:00.392Z Cache still valid for Samco, skipping fetch
[competitor-meta-fetcher] 2026-04-06T12:30:00.392Z Cache still valid for StockGro, skipping fetch
[competitor-meta-fetcher] 2026-04-06T12:30:00.392Z Cache still valid for Sensibull, skipping fetch
[competitor-meta-fetcher] 2026-04-06T12:30:00.392Z Cache still valid for Definedge, skipping fetch
[competitor-meta-fetcher] 2026-04-06T12:30:00.392Z Cache still valid for Weekend Investing, skipping fetch
[competitor-meta-fetcher] 2026-04-06T12:30:00.392Z Cache still valid for Capitalmind, skipping fetch
[competitor-meta-fetcher] 2026-04-06T12:30:00.392Z Cache still valid for Dhan, skipping fetch
[competitor-meta-fetcher] 2026-04-06T12:30:00.392Z Cache still valid for Zerodha, skipping fetch
[competitor-meta-fetcher] 2026-04-06T12:30:00.392Z Cache still valid for Groww, skipping fetch
[competitor-meta-fetcher] 2026-04-06T12:30:00.393Z Cache still valid for Angel One, skipping fetch
[competitor-meta-fetcher] 2026-04-06T12:30:00.393Z Cache still valid for Upstox, skipping fetch
[competitor-meta-fetcher] 2026-04-06T12:30:00.393Z Cache still valid for 5paisa, skipping fetch
[competitor-meta-fetcher] 2026-04-06T12:30:00.393Z Cache still valid for Paytm Money, skipping fetch
[competitor-meta-fetcher] 2026-04-06T12:30:00.393Z fetchAllCompetitorAds complete: 92 total ads from 13 competitors, 0 errors
[competitor-meta-fetcher] 2026-04-06T12:30:00.393Z Univest cache still valid, skipping fetch
[CompetitorScheduler] 2026-04-06T12:30:00.393Z — fetch — done in 1ms, records: 92
[CompetitorScheduler] 2026-04-06T12:30:00.393Z — classify — started
[CompetitorScheduler] 2026-04-06T12:30:00.393Z — classify — done in 0ms, records: 92
[CompetitorScheduler] 2026-04-06T12:30:00.394Z — trends — started
[competitor-trends] Computed trends: 92 ads, 13 competitors, 6 themes
[CompetitorScheduler] 2026-04-06T12:30:00.395Z — trends — done in 1ms, records: 0
[CompetitorScheduler] 2026-04-06T12:30:00.395Z — radar — started
[FE:Scheduler] Starting job: knowledge-crawl-tier1
[FE:KnowledgeCrawler] Pending TAXONOMY_EXPANSION proposal already exists
[FE:KnowledgeCrawler] Total crawled: 0 new items
[FE:Scheduler] Completed job: knowledge-crawl-tier1 (1ms, 1 records)
[AT Scheduler] Starting optimizer-health...
[AT Optimizer] === Starting health check ===
[AT Optimizer] Fetching live ACTIVE Meta adsets...
[CompetitorScheduler] 2026-04-06T12:30:13.047Z — radar — done in 12652ms, records: 0
[CompetitorScheduler] 2026-04-06T12:30:13.047Z — Pipeline finished in 12655ms
[FE:ProposalGenerator] getProposals: returned 49 rows
[FE:ProposalGenerator] getProposals: returned 59 rows
[AT Optimizer] Error fetching live Meta adsets: Meta API 400: {"error":{"message":"API calls from the server require an appsecret_proof argument","type":"GraphMethodException","code":100,"fbtrace_id":"A2SW1IgInQGGmwXe983p6de"}}
[AT Optimizer] Fetching live ENABLED Google adgroups from local DB (last 7 days)...
[AT Optimizer] Found 17 enabled Google adgroups
[AT Optimizer] Health check complete: 1 flags generated
[AT Scheduler] optimizer-health completed
[TrendScanner] Synthesizing...
[FE:ProposalGenerator] getProposals: returned 49 rows
[FE:ProposalGenerator] getProposals: returned 59 rows
[FE:ProposalGenerator] getProposals: returned 49 rows
[FE:ProposalGenerator] getProposals: returned 59 rows
[FE:ProposalGenerator] getProposals: returned 49 rows
[FE:ProposalGenerator] getProposals: returned 59 rows
[FE:ProposalGenerator] getProposals: returned 49 rows
[FE:ProposalGenerator] getProposals: returned 59 rows
[TrendScanner] Generating concepts...
[FE:ProposalGenerator] getProposals: returned 49 rows
[FE:ProposalGenerator] getProposals: returned 59 rows
[FE:ProposalGenerator] getProposals: returned 49 rows
[FE:ProposalGenerator] getProposals: returned 59 rows
[FE:ProposalGenerator] getProposals: returned 49 rows
[FE:ProposalGenerator] getProposals: returned 59 rows
[FE:ProposalGenerator] getProposals: returned 49 rows
[FE:ProposalGenerator] getProposals: returned 59 rows
[roas-tracker] Starting snapshot. Only test campaign ads with go-live >= 2026-03-10
[roas-tracker] Starting snapshot. Only test campaign ads with go-live >= 2026-03-10
[roas-tracker] Starting snapshot. Only test campaign ads with go-live >= 2026-03-10
[ad-funnel] Running Metabase query...
[ad-insights] Fetching page 1...
[ad-insights] Fetching page 1...
[ad-funnel] Running Metabase query...
[ad-insights] Fetching page 1...
[ad-funnel] Running Metabase query...
[ad-insights] Fetching page 2... (500 rows so far)
[ad-insights] Fetching page 2... (500 rows so far)
[ad-insights] Fetching page 3... (1000 rows so far)
[ad-insights] Fetching page 3... (1000 rows so far)
[ad-insights] Fetching page 2... (500 rows so far)
[FE:ProposalGenerator] getProposals: returned 49 rows
[FE:ProposalGenerator] getProposals: returned 59 rows
[ad-insights] Fetching page 4... (1500 rows so far)
[ad-insights] Fetching page 4... (1500 rows so far)
[ad-insights] Fetching page 3... (1000 rows so far)
[ad-funnel] Done. 3351 rows returned. Truncated: false
[ad-funnel] Done. 3351 rows returned. Truncated: false
[ad-funnel] Done. 3351 rows returned. Truncated: false
[ad-insights] Fetching page 5... (2000 rows so far)
[ad-insights] Fetching page 5... (2000 rows so far)
[ad-insights] Fetching page 4... (1500 rows so far)
[ad-insights] Fetching page 6... (2500 rows so far)
[ad-insights] Fetching page 6... (2500 rows so far)
[ad-insights] Fetching page 5... (2000 rows so far)
[FE:ProposalGenerator] getProposals: returned 49 rows
[FE:ProposalGenerator] getProposals: returned 59 rows
[ad-insights] Fetching page 7... (3000 rows so far)
[ad-insights] Fetching page 7... (3000 rows so far)
[ad-insights] Fetching page 6... (2500 rows so far)
[ad-insights] Fetching page 8... (3500 rows so far)
[ad-insights] Fetching page 8... (3500 rows so far)
[ad-insights] Fetching page 7... (3000 rows so far)
[ad-insights] Fetching page 9... (4000 rows so far)
[ad-insights] Fetching page 9... (4000 rows so far)
[FE:ProposalGenerator] getProposals: returned 49 rows
[FE:ProposalGenerator] getProposals: returned 59 rows
[ad-insights] Fetching page 10... (4500 rows so far)
[ad-insights] Fetching page 8... (3500 rows so far)
[ad-insights] Fetching page 10... (4500 rows so far)
[apex-breakdowns] Serving from memory
[ad-insights] Serving from memory (17963 rows)
[ad-funnel] Serving from memory (5440 rows)
[ad-insights] Fetching page 11... (5000 rows so far)
[ad-insights] Fetching page 9... (4000 rows so far)
[ad-insights] Fetching page 11... (5000 rows so far)
[gc-ad-funnel] Serving from memory (615 rows)
[ad-insights] Serving from memory (5012 rows)
[ad-funnel] Serving from memory (1601 rows)
[ad-insights] Serving from memory (5012 rows)
[ad-funnel] Serving from memory (1601 rows)
[ads-status] Serving from memory cache (5283 ads)
[ad-insights] Serving from memory (5012 rows)
[ad-funnel] Serving from memory (1601 rows)
[roas-tracker] Starting snapshot. Only test campaign ads with go-live >= 2026-03-10
[ad-insights] Fetching page 1...
[ad-funnel] Running Metabase query...
[FE:ProposalGenerator] getProposals: returned 49 rows
[roas-tracker] Starting snapshot. Only test campaign ads with go-live >= 2026-03-10
[FE:ProposalGenerator] getProposals: returned 59 rows
[ad-funnel] Running Metabase query...
[ad-insights] Fetching page 1...
[roas-tracker] Starting snapshot. Only test campaign ads with go-live >= 2026-03-10
[ad-insights] Fetching page 1...
[ad-funnel] Running Metabase query...
[ads-status] Serving from memory cache (5283 ads)
[ads-status] Serving from memory cache (5283 ads)
[ad-insights] Serving from memory (479 rows)
[ad-funnel] Serving from memory (151 rows)
[FE:ProposalGenerator] getProposals: returned 49 rows
[FE:ProposalGenerator] getProposals: returned 59 rows
[ads-status] Done. 3 pages, 1000 ads.
[ad-insights] Serving from memory (479 rows)
[ad-funnel] Serving from memory (151 rows)
[ad-insights] Serving from memory (11656 rows)
[ad-funnel] Serving from memory (3577 rows)
[ad-insights] Serving from memory (479 rows)
[ad-funnel] Serving from memory (151 rows)
[ad-insights] Fetching page 10... (4500 rows so far)
[ad-insights] Fetching page 12... (5500 rows so far)
[ad-insights] Fetching page 12... (5500 rows so far)
[ad-insights] Fetching page 2... (500 rows so far)
[ad-insights] Fetching page 2... (500 rows so far)
[ad-insights] Fetching page 13... (6000 rows so far)
[ads-status] Rate limited — serving stale disk cache (1000 ads)
[ad-insights] Fetching page 11... (5000 rows so far)
[ad-insights] Fetching page 2... (500 rows so far)
[ad-insights] Fetching page 13... (6000 rows so far)
[ad-insights] Fetching page 3... (1000 rows so far)
[ad-insights] Fetching page 3... (1000 rows so far)
[ad-insights] Fetching page 12... (5500 rows so far)
[ad-insights] Fetching page 14... (6500 rows so far)
[ad-insights] Fetching page 3... (1000 rows so far)
[ad-funnel] Done. 3351 rows returned. Truncated: false
[FE:ProposalGenerator] getProposals: returned 49 rows
[FE:ProposalGenerator] getProposals: returned 59 rows
[ad-insights] Fetching page 14... (6500 rows so far)
[ad-funnel] Done. 3351 rows returned. Truncated: false
[ad-funnel] Done. 3351 rows returned. Truncated: false
[ad-insights] Fetching page 4... (1500 rows so far)
[ad-insights] Fetching page 4... (1500 rows so far)
[ad-insights] Fetching page 13... (6000 rows so far)
[ad-insights] Fetching page 4... (1500 rows so far)
[ad-insights] Fetching page 15... (7000 rows so far)
[ad-insights] Serving from memory (17963 rows)
[ad-funnel] Serving from memory (5440 rows)
[ads-status] Rate limited — serving stale disk cache (1000 ads)
[ad-insights] Fetching page 5... (2000 rows so far)
[ad-insights] Fetching page 15... (7000 rows so far)
[ad-insights] Fetching page 14... (6500 rows so far)
[ad-insights] Fetching page 5... (2000 rows so far)
[ad-insights] Fetching page 5... (2000 rows so far)
[ad-insights] Fetching page 6... (2500 rows so far)
[ad-insights] Fetching page 16... (7500 rows so far)
[ad-insights] Fetching page 6... (2500 rows so far)
[ad-insights] Fetching page 15... (7000 rows so far)
[ad-insights] Fetching page 16... (7500 rows so far)
[ad-insights] Fetching page 6... (2500 rows so far)
[FE:ProposalGenerator] getProposals: returned 49 rows
[FE:ProposalGenerator] getProposals: returned 59 rows
[ad-insights] Fetching page 7... (3000 rows so far)
[ad-insights] Fetching page 7... (3000 rows so far)
[ad-insights] Fetching page 16... (7500 rows so far)
[ad-insights] Fetching page 17... (8000 rows so far)
[ad-insights] Fetching page 7... (3000 rows so far)
[ad-insights] Fetching page 8... (3500 rows so far)
[ad-insights] Fetching page 17... (8000 rows so far)
[ad-insights] Fetching page 17... (8000 rows so far)
[ad-insights] Fetching page 8... (3500 rows so far)
[ad-insights] Fetching page 18... (8500 rows so far)
[ad-insights] Fetching page 8... (3500 rows so far)
[ad-insights] Fetching page 9... (4000 rows so far)
[ad-insights] Fetching page 18... (8500 rows so far)
[ad-insights] Fetching page 18... (8500 rows so far)
[ad-insights] Fetching page 9... (4000 rows so far)
[ad-insights] Fetching page 10... (4500 rows so far)
[ad-insights] Fetching page 9... (4000 rows so far)
[ad-insights] Fetching page 19... (9000 rows so far)
[FE:ProposalGenerator] getProposals: returned 49 rows
[FE:ProposalGenerator] getProposals: returned 59 rows
[ad-insights] Fetching page 19... (9000 rows so far)
[ad-insights] Fetching page 10... (4500 rows so far)
[ad-insights] Fetching page 19... (9000 rows so far)
[ad-insights] Fetching page 10... (4500 rows so far)
[ad-insights] Fetching page 11... (5000 rows so far)
[ad-insights] Fetching page 20... (9500 rows so far)
[ad-insights] Fetching page 11... (5000 rows so far)
[ad-insights] Fetching page 20... (9500 rows so far)
[ad-insights] Fetching page 12... (5500 rows so far)
[ad-insights] Fetching page 11... (5000 rows so far)
[ad-insights] Fetching page 20... (9500 rows so far)
[ad-insights] Fetching page 12... (5500 rows so far)
[ad-insights] Fetching page 13... (6000 rows so far)
[ad-insights] Fetching page 21... (10000 rows so far)
[ad-insights] Fetching page 21... (10000 rows so far)
[ad-insights] Fetching page 21... (10000 rows so far)
[ad-insights] Fetching page 12... (5500 rows so far)
[FE:ProposalGenerator] getProposals: returned 49 rows
[FE:ProposalGenerator] getProposals: returned 59 rows
[ad-insights] Fetching page 13... (6000 rows so far)
[ad-insights] Fetching page 14... (6500 rows so far)
[ad-insights] Fetching page 22... (10500 rows so far)
[ad-insights] Fetching page 22... (10500 rows so far)
[ad-insights] Fetching page 13... (6000 rows so far)
[ad-insights] Fetching page 22... (10500 rows so far)
[ad-insights] Fetching page 15... (7000 rows so far)
[ad-insights] Fetching page 14... (6500 rows so far)
[ad-insights] Done. 22 pages, 10847 total rows.
[ad-insights] Saved to disk: 10847 rows
[roas-tracker] Fetched 8102 Meta rows, 3351 funnel rows.
[roas-tracker] 1712 test campaign rows → 140 ads with go-live >= 2026-03-10 (718 daily rows).
[ads-status] Serving from memory cache (1000 ads)
[roas-tracker] 144 creatives since 2026-03-10 (27 with funnel data).
[roas-tracker] 144 ads since 2026-03-10.
[roas-tracker] Upserted: 0 new, 144 updated. 0 need predictions.
[roas-tracker] Done. {"snapshots":144,"tracked":144,"newAds":0,"updated":144,"predicted":0}
[ad-insights] Done. 22 pages, 10847 total rows.
[ad-insights] Saved to disk: 10847 rows
[roas-tracker] Fetched 8102 Meta rows, 3351 funnel rows.
[roas-tracker] 1712 test campaign rows → 140 ads with go-live >= 2026-03-10 (718 daily rows).
[ads-status] Serving from memory cache (1000 ads)
[roas-tracker] 144 creatives since 2026-03-10 (27 with funnel data).
[roas-tracker] 144 ads since 2026-03-10.
[roas-tracker] Upserted: 0 new, 144 updated. 0 need predictions.
[roas-tracker] Done. {"snapshots":144,"tracked":144,"newAds":0,"updated":144,"predicted":0}
[ad-insights] Fetching page 14... (6500 rows so far)
[ad-insights] Done. 22 pages, 10847 total rows.
[ad-insights] Saved to disk: 10847 rows
[roas-tracker] Fetched 8102 Meta rows, 3351 funnel rows.
[roas-tracker] 1712 test campaign rows → 140 ads with go-live >= 2026-03-10 (718 daily rows).
[ads-status] Serving from memory cache (1000 ads)
[roas-tracker] 144 creatives since 2026-03-10 (27 with funnel data).
[roas-tracker] 144 ads since 2026-03-10.
[roas-tracker] Upserted: 0 new, 144 updated. 0 need predictions.
[roas-tracker] Done. {"snapshots":144,"tracked":144,"newAds":0,"updated":144,"predicted":0}
[ad-insights] Fetching page 15... (7000 rows so far)
[ad-insights] Fetching page 16... (7500 rows so far)
[ad-insights] Fetching page 15... (7000 rows so far)
[FE:ProposalGenerator] getProposals: returned 49 rows
[FE:ProposalGenerator] getProposals: returned 59 rows
[ad-insights] Fetching page 16... (7500 rows so far)
[ad-insights] Fetching page 16... (7500 rows so far)
[ad-insights] Fetching page 17... (8000 rows so far)
[ad-insights] Fetching page 17... (8000 rows so far)
[ad-insights] Fetching page 17... (8000 rows so far)
[ad-insights] Fetching page 18... (8500 rows so far)
[ad-insights] Fetching page 18... (8500 rows so far)
[FE:ProposalGenerator] getProposals: returned 49 rows
[FE:ProposalGenerator] getProposals: returned 59 rows
[ad-insights] Fetching page 18... (8500 rows so far)
[ad-insights] Fetching page 19... (9000 rows so far)
[ad-insights] Fetching page 19... (9000 rows so far)
[ad-insights] Fetching page 20... (9500 rows so far)
[ad-insights] Fetching page 19... (9000 rows so far)
[ad-insights] Fetching page 20... (9500 rows so far)
[ad-insights] Fetching page 21... (10000 rows so far)
[ad-insights] Fetching page 20... (9500 rows so far)
[FE:ProposalGenerator] getProposals: returned 49 rows
[FE:ProposalGenerator] getProposals: returned 59 rows
[ad-insights] Fetching page 21... (10000 rows so far)
[ad-insights] Fetching page 22... (10500 rows so far)
[ad-insights] Fetching page 21... (10000 rows so far)
[ad-insights] Fetching page 22... (10500 rows so far)
[ad-insights] Done. 22 pages, 10847 total rows.
[ad-insights] Saved to disk: 10847 rows
[roas-tracker] Fetched 8102 Meta rows, 3351 funnel rows.
[roas-tracker] 1712 test campaign rows → 140 ads with go-live >= 2026-03-10 (718 daily rows).
[ads-status] Serving from memory cache (1000 ads)
[roas-tracker] 144 creatives since 2026-03-10 (27 with funnel data).
[roas-tracker] 144 ads since 2026-03-10.
[roas-tracker] Upserted: 0 new, 144 updated. 0 need predictions.
[roas-tracker] Done. {"snapshots":144,"tracked":144,"newAds":0,"updated":144,"predicted":0}
[ad-insights] Done. 22 pages, 10847 total rows.
[ad-insights] Saved to disk: 10847 rows
[roas-tracker] Fetched 8102 Meta rows, 3351 funnel rows.
[roas-tracker] 1712 test campaign rows → 140 ads with go-live >= 2026-03-10 (718 daily rows).
[ads-status] Serving from memory cache (1000 ads)
[roas-tracker] 144 creatives since 2026-03-10 (27 with funnel data).
[roas-tracker] 144 ads since 2026-03-10.
[roas-tracker] Upserted: 0 new, 144 updated. 0 need predictions.
[roas-tracker] Done. {"snapshots":144,"tracked":144,"newAds":0,"updated":144,"predicted":0}
[ad-insights] Fetching page 22... (10500 rows so far)
[FE:ProposalGenerator] getProposals: returned 49 rows
[FE:ProposalGenerator] getProposals: returned 59 rows
[ad-insights] Done. 22 pages, 10847 total rows.
[ad-insights] Saved to disk: 10847 rows
[roas-tracker] Fetched 8102 Meta rows, 3351 funnel rows.
[roas-tracker] 1712 test campaign rows → 140 ads with go-live >= 2026-03-10 (718 daily rows).
[ads-status] Serving from memory cache (1000 ads)
[roas-tracker] 144 creatives since 2026-03-10 (27 with funnel data).
[roas-tracker] 144 ads since 2026-03-10.
[roas-tracker] Upserted: 0 new, 144 updated. 0 need predictions.
[roas-tracker] Done. {"snapshots":144,"tracked":144,"newAds":0,"updated":144,"predicted":0}
[FE:ProposalGenerator] getProposals: returned 49 rows
[FE:ProposalGenerator] getProposals: returned 59 rows
[FE:ProposalGenerator] getProposals: returned 49 rows
[FE:ProposalGenerator] getProposals: returned 59 rows
[FE:ProposalGenerator] getProposals: returned 49 rows
[FE:ProposalGenerator] getProposals: returned 59 rows
[FE:ProposalGenerator] getProposals: returned 49 rows
[FE:ProposalGenerator] getProposals: returned 59 rows
[FE:ProposalGenerator] getProposals: returned 49 rows
[FE:ProposalGenerator] getProposals: returned 59 rows
[ad-insights] Serving from memory (17963 rows)
[ad-funnel] Serving from memory (5440 rows)
[ads-status] Rate limited — serving stale disk cache (1000 ads)
[FE:ProposalGenerator] getProposals: returned 49 rows
[FE:ProposalGenerator] getProposals: returned 59 rows
[FE:ProposalGenerator] getProposals: returned 49 rows
[FE:ProposalGenerator] getProposals: returned 59 rows
[FE:ProposalGenerator] getProposals: returned 49 rows
[FE:ProposalGenerator] getProposals: returned 59 rows
[FE:ProposalGenerator] getProposals: returned 49 rows
[FE:ProposalGenerator] getProposals: returned 59 rows
[ad-insights] Serving from memory (5012 rows)
[ad-funnel] Serving from memory (1601 rows)
[ads-status] Serving from memory cache (1000 ads)
[ad-insights] Serving from memory (5012 rows)
[ad-funnel] Serving from memory (1601 rows)
[ads-status] Serving from memory cache (1000 ads)
[ad-insights] Serving from memory (479 rows)
[ad-funnel] Serving from memory (151 rows)
[gc-ad-funnel] Serving from disk (615 rows, 78min old)
[ad-insights] Serving from memory (5012 rows)
[ad-funnel] Serving from memory (1601 rows)
[ads-status] Serving from memory cache (1000 ads)
[ad-insights] Serving from memory (479 rows)
[ad-funnel] Serving from memory (151 rows)
[ad-insights] Serving from memory (479 rows)
[ad-funnel] Serving from memory (151 rows)
[FE:ProposalGenerator] getProposals: returned 49 rows
[FE:ProposalGenerator] getProposals: returned 59 rows
[FE:ProposalGenerator] getProposals: returned 49 rows
[FE:ProposalGenerator] getProposals: returned 59 rows
[FE:ProposalGenerator] getProposals: returned 49 rows
[FE:ProposalGenerator] getProposals: returned 59 rows
[FE:ProposalGenerator] getProposals: returned 49 rows
[FE:ProposalGenerator] getProposals: returned 59 rows
[FE:ProposalGenerator] getProposals: returned 49 rows
[FE:ProposalGenerator] getProposals: returned 59 rows
[ad-insights] Serving from memory (17963 rows)
[ad-funnel] Serving from memory (5440 rows)
[FE:ProposalGenerator] getProposals: returned 49 rows
[FE:ProposalGenerator] getProposals: returned 59 rows
[ads-status] Done. 11 pages, 5283 ads.
[FE:ProposalGenerator] getProposals: returned 49 rows
[FE:ProposalGenerator] getProposals: returned 59 rows
[FE:ProposalGenerator] getProposals: returned 49 rows
[FE:ProposalGenerator] getProposals: returned 59 rows
[FE:ProposalGenerator] getProposals: returned 49 rows
[FE:ProposalGenerator] getProposals: returned 59 rows
[roas-tracker] Starting snapshot. Only test campaign ads with go-live >= 2026-03-10
[ad-insights] Fetching page 1...
[roas-tracker] Starting snapshot. Only test campaign ads with go-live >= 2026-03-10
[roas-tracker] Starting snapshot. Only test campaign ads with go-live >= 2026-03-10
[ad-funnel] Running Metabase query...
[ad-insights] Fetching page 1...
[ad-funnel] Running Metabase query...
[ad-insights] Fetching page 1...
[ad-funnel] Running Metabase query...
[FE:ProposalGenerator] getProposals: returned 49 rows
[FE:ProposalGenerator] getProposals: returned 59 rows
[ad-insights] Fetching page 2... (500 rows so far)
[ad-insights] Fetching page 2... (500 rows so far)
[ad-insights] Fetching page 2... (500 rows so far)
[ad-insights] Fetching page 3... (1000 rows so far)
[ad-insights] Fetching page 3... (1000 rows so far)
[ad-insights] Fetching page 3... (1000 rows so far)
[ad-funnel] Done. 3351 rows returned. Truncated: false
[FE:ProposalGenerator] getProposals: returned 49 rows
[FE:ProposalGenerator] getProposals: returned 59 rows
[ad-funnel] Done. 3351 rows returned. Truncated: false
[ad-insights] Fetching page 4... (1500 rows so far)
[ad-funnel] Done. 3351 rows returned. Truncated: false
[ad-insights] Fetching page 4... (1500 rows so far)
[ad-insights] Fetching page 4... (1500 rows so far)
[ad-insights] Fetching page 5... (2000 rows so far)
[ad-insights] Fetching page 5... (2000 rows so far)
[ad-insights] Fetching page 5... (2000 rows so far)
[ad-insights] Fetching page 6... (2500 rows so far)
[ad-insights] Fetching page 6... (2500 rows so far)
[ad-insights] Fetching page 6... (2500 rows so far)
[FE:ProposalGenerator] getProposals: returned 49 rows
[FE:ProposalGenerator] getProposals: returned 59 rows
[ad-insights] Fetching page 7... (3000 rows so far)
[ad-insights] Fetching page 7... (3000 rows so far)
[ad-insights] Fetching page 8... (3500 rows so far)
[ad-insights] Fetching page 8... (3500 rows so far)
[ad-insights] Fetching page 7... (3000 rows so far)
[ad-insights] Fetching page 9... (4000 rows so far)
[ad-insights] Fetching page 8... (3500 rows so far)
[ad-insights] Fetching page 9... (4000 rows so far)
[FE:ProposalGenerator] getProposals: returned 49 rows
[FE:ProposalGenerator] getProposals: returned 59 rows
[ad-insights] Fetching page 10... (4500 rows so far)
[ad-insights] Fetching page 10... (4500 rows so far)
[ad-insights] Fetching page 9... (4000 rows so far)
[ad-insights] Fetching page 11... (5000 rows so far)
[ad-insights] Fetching page 11... (5000 rows so far)
[ad-insights] Fetching page 10... (4500 rows so far)
[ad-insights] Fetching page 12... (5500 rows so far)
[ad-insights] Fetching page 11... (5000 rows so far)
[ad-insights] Fetching page 12... (5500 rows so far)
[ad-insights] Fetching page 13... (6000 rows so far)
[FE:ProposalGenerator] getProposals: returned 49 rows
[FE:ProposalGenerator] getProposals: returned 59 rows
[ad-insights] Fetching page 13... (6000 rows so far)
[ad-insights] Fetching page 12... (5500 rows so far)
[ad-insights] Serving from memory (17963 rows)
[ad-funnel] Serving from disk (5440 rows, 31min old)
[ad-insights] Fetching page 14... (6500 rows so far)
[ad-insights] Fetching page 14... (6500 rows so far)
[ad-insights] Fetching page 13... (6000 rows so far)
[ad-insights] Fetching page 15... (7000 rows so far)
[ad-insights] Fetching page 15... (7000 rows so far)
[ad-insights] Fetching page 14... (6500 rows so far)
[FE:ProposalGenerator] getProposals: returned 49 rows
[FE:ProposalGenerator] getProposals: returned 59 rows
[ad-insights] Fetching page 16... (7500 rows so far)
[ad-insights] Fetching page 15... (7000 rows so far)
[ad-insights] Fetching page 16... (7500 rows so far)
[ads-status] Done. 11 pages, 5283 ads.
[ad-insights] Fetching page 17... (8000 rows so far)
[ad-insights] Fetching page 16... (7500 rows so far)
[ad-insights] Fetching page 17... (8000 rows so far)
[ad-insights] Serving from memory (17963 rows)
[ad-funnel] Serving from memory (5440 rows)
[ad-insights] Fetching page 17... (8000 rows so far)
[ad-insights] Fetching page 18... (8500 rows so far)
[ad-insights] Fetching page 18... (8500 rows so far)
[FE:ProposalGenerator] getProposals: returned 49 rows
[FE:ProposalGenerator] getProposals: returned 59 rows
[ad-insights] Fetching page 18... (8500 rows so far)
[ad-insights] Fetching page 19... (9000 rows so far)
[ad-insights] Fetching page 19... (9000 rows so far)
[ad-insights] Fetching page 19... (9000 rows so far)
[ad-insights] Fetching page 20... (9500 rows so far)
[ad-insights] Fetching page 20... (9500 rows so far)
[ads-status] Done. 10 pages, 4500 ads.
[ad-insights] Fetching page 21... (10000 rows so far)
[ad-insights] Fetching page 21... (10000 rows so far)
[ad-insights] Fetching page 20... (9500 rows so far)
[FE:ProposalGenerator] getProposals: returned 49 rows
[FE:ProposalGenerator] getProposals: returned 59 rows
[ad-insights] Fetching page 22... (10500 rows so far)
[ad-insights] Fetching page 21... (10000 rows so far)
[ad-insights] Fetching page 22... (10500 rows so far)
[ad-insights] Done. 22 pages, 10847 total rows.
[ad-insights] Saved to disk: 10847 rows
[roas-tracker] Fetched 8102 Meta rows, 3351 funnel rows.
[roas-tracker] 1712 test campaign rows → 140 ads with go-live >= 2026-03-10 (718 daily rows).
[ads-status] Serving from memory cache (4500 ads)
[roas-tracker] 144 creatives since 2026-03-10 (27 with funnel data).
[roas-tracker] 144 ads since 2026-03-10.
[roas-tracker] Upserted: 0 new, 144 updated. 0 need predictions.
[roas-tracker] Done. {"snapshots":144,"tracked":144,"newAds":0,"updated":144,"predicted":0}
[ad-insights] Done. 22 pages, 10847 total rows.
[ad-insights] Saved to disk: 10847 rows
[roas-tracker] Fetched 8102 Meta rows, 3351 funnel rows.
[roas-tracker] 1712 test campaign rows → 140 ads with go-live >= 2026-03-10 (718 daily rows).
[ads-status] Serving from memory cache (4500 ads)
[roas-tracker] 144 creatives since 2026-03-10 (27 with funnel data).
[roas-tracker] 144 ads since 2026-03-10.
[roas-tracker] Upserted: 0 new, 144 updated. 0 need predictions.
[roas-tracker] Done. {"snapshots":144,"tracked":144,"newAds":0,"updated":144,"predicted":0}
[ad-insights] Fetching page 22... (10500 rows so far)
[ad-insights] Done. 22 pages, 10847 total rows.
[ad-insights] Saved to disk: 10847 rows
[roas-tracker] Fetched 8102 Meta rows, 3351 funnel rows.
[roas-tracker] 1712 test campaign rows → 140 ads with go-live >= 2026-03-10 (718 daily rows).
[ads-status] Serving from memory cache (4500 ads)
[roas-tracker] 144 creatives since 2026-03-10 (27 with funnel data).
[roas-tracker] 144 ads since 2026-03-10.
[roas-tracker] Upserted: 0 new, 144 updated. 0 need predictions.
[roas-tracker] Done. {"snapshots":144,"tracked":144,"newAds":0,"updated":144,"predicted":0}
[FE:ProposalGenerator] getProposals: returned 49 rows
[FE:ProposalGenerator] getProposals: returned 59 rows
[FE:ProposalGenerator] getProposals: returned 49 rows
[FE:ProposalGenerator] getProposals: returned 59 rows
[FE:ProposalGenerator] getProposals: returned 49 rows
[FE:ProposalGenerator] getProposals: returned 59 rows
[ad-insights] Serving from memory (5012 rows)
[ad-funnel] Serving from memory (1601 rows)
[ads-status] Serving from memory cache (4500 ads)
[ad-insights] Serving from memory (5012 rows)
[ad-funnel] Serving from memory (1601 rows)
[ads-status] Serving from memory cache (4500 ads)
[gc-ad-funnel] Serving from memory (615 rows)
[ad-insights] Serving from memory (5012 rows)
[ad-funnel] Serving from memory (1601 rows)
[ads-status] Serving from memory cache (4500 ads)
[ad-insights] Serving from memory (479 rows)
[ad-funnel] Serving from memory (151 rows)
[ad-insights] Serving from memory (479 rows)
[ad-funnel] Serving from memory (151 rows)
[ad-insights] Serving from memory (479 rows)
[ad-funnel] Serving from memory (151 rows)
[FE:ProposalGenerator] getProposals: returned 49 rows
[FE:ProposalGenerator] getProposals: returned 59 rows
[FE:ProposalGenerator] getProposals: returned 49 rows
[FE:ProposalGenerator] getProposals: returned 59 rows
[FE:ProposalGenerator] getProposals: returned 49 rows
[FE:ProposalGenerator] getProposals: returned 59 rows
[FE:ProposalGenerator] getProposals: returned 49 rows
[FE:ProposalGenerator] getProposals: returned 59 rows
[FE:ProposalGenerator] getProposals: returned 49 rows
[FE:ProposalGenerator] getProposals: returned 59 rows
[FE:ProposalGenerator] getProposals: returned 49 rows
[FE:ProposalGenerator] getProposals: returned 59 rows
[FE:ProposalGenerator] getProposals: returned 49 rows
[FE:ProposalGenerator] getProposals: returned 59 rows
[FE:Scheduler] Starting job: watcher-refresh
[FE:Watcher] Refreshing Meta prediction accuracy...
[FE:Watcher] Meta predictions: 0 processed, 300 skipped
[FE:Watcher] Refreshing Google prediction accuracy...
[FE:Watcher] Google predictions: 0 processed, 0 skipped
[FE:Watcher] Refreshing recommendation tracking...
[FE:Watcher] ci_recommendations not found: no such table: ci_recommendations
[FE:Watcher] Recommendation tracking: 0 processed
[FE:Watcher] Refreshing competitor signal accuracy...
[FE:Watcher] Competitor signals: 0 processed
[FE:Watcher] Full refresh complete: 0 records processed
[FE:Scheduler] Completed job: watcher-refresh (44ms, 1 records)
[FE:ProposalGenerator] getProposals: returned 49 rows
[FE:ProposalGenerator] getProposals: returned 59 rows
[ad-insights] Serving from disk (17963 rows, 31min old)
[ad-funnel] Serving from memory (5440 rows)
[ads-status] Rate limited — serving stale disk cache (4500 ads)
[FE:ProposalGenerator] getProposals: returned 49 rows
[FE:ProposalGenerator] getProposals: returned 59 rows
[FE:ProposalGenerator] getProposals: returned 49 rows
[FE:ProposalGenerator] getProposals: returned 59 rows
[FE:ProposalGenerator] getProposals: returned 49 rows
[FE:ProposalGenerator] getProposals: returned 59 rows
[FE:ProposalGenerator] getProposals: returned 49 rows
[FE:ProposalGenerator] getProposals: returned 59 rows
[FE:ProposalGenerator] getProposals: returned 49 rows
[FE:ProposalGenerator] getProposals: returned 59 rows
[FE:ProposalGenerator] getProposals: returned 49 rows
[FE:ProposalGenerator] getProposals: returned 59 rows
[ad-insights] Serving from disk (11656 rows, 84min old)
[ad-funnel] Serving from disk (3577 rows, 89min old)
[FE:ProposalGenerator] getProposals: returned 49 rows
[FE:ProposalGenerator] getProposals: returned 59 rows
[ad-funnel] Serving from memory (3577 rows)
[ad-insights] Serving from memory (11656 rows)
[FE:ProposalGenerator] getProposals: returned 49 rows
[FE:ProposalGenerator] getProposals: returned 59 rows
[FE:ProposalGenerator] getProposals: returned 49 rows
[FE:ProposalGenerator] getProposals: returned 59 rows
[FE:ProposalGenerator] getProposals: returned 49 rows
[FE:ProposalGenerator] getProposals: returned 59 rows
[FE:ProposalGenerator] getProposals: returned 49 rows
[FE:ProposalGenerator] getProposals: returned 59 rows
[roas-tracker] Starting snapshot. Only test campaign ads with go-live >= 2026-03-10
[ad-insights] Fetching page 1...
[ad-funnel] Running Metabase query...
[roas-tracker] Starting snapshot. Only test campaign ads with go-live >= 2026-03-10
[FE:ProposalGenerator] getProposals: returned 49 rows
[ad-insights] Fetching page 1...
[ad-funnel] Running Metabase query...
[FE:ProposalGenerator] getProposals: returned 59 rows
[ad-insights] Serving from disk (5012 rows, 232min old)
[ad-funnel] Serving from disk (1601 rows, 108min old)
[ads-status] Serving from memory cache (4500 ads)
[ad-insights] Serving from memory (5012 rows)
[ad-funnel] Serving from memory (1601 rows)
[ads-status] Serving from memory cache (4500 ads)
[ad-insights] Serving from disk (479 rows, 232min old)
[ad-funnel] Serving from disk (151 rows, 108min old)
[gc-ad-funnel] Serving from memory (615 rows)
[ad-insights] Serving from memory (5012 rows)
[ad-funnel] Serving from memory (1601 rows)
[ads-status] Serving from memory cache (4500 ads)
[ad-insights] Serving from memory (479 rows)
[ad-funnel] Serving from memory (151 rows)
[ad-insights] Serving from memory (479 rows)
[ad-funnel] Serving from memory (151 rows)
[ad-insights] Fetching page 2... (500 rows so far)
[ad-insights] Fetching page 2... (500 rows so far)
[ad-insights] Fetching page 3... (1000 rows so far)
[ad-insights] Fetching page 3... (1000 rows so far)
[FE:ProposalGenerator] getProposals: returned 49 rows
[FE:ProposalGenerator] getProposals: returned 59 rows
[ad-insights] Fetching page 4... (1500 rows so far)
[ad-funnel] Done. 3351 rows returned. Truncated: false
[ad-insights] Fetching page 4... (1500 rows so far)
[ad-funnel] Done. 3351 rows returned. Truncated: false
[ad-insights] Fetching page 5... (2000 rows so far)
[ad-insights] Fetching page 5... (2000 rows so far)
[ad-insights] Fetching page 6... (2500 rows so far)
[ad-insights] Fetching page 6... (2500 rows so far)
[ad-insights] Serving from memory (17963 rows)
[ad-funnel] Serving from memory (5440 rows)
[FE:ProposalGenerator] getProposals: returned 49 rows
[FE:ProposalGenerator] getProposals: returned 59 rows
[ads-status] Rate limited — serving stale disk cache (4500 ads)
[ad-insights] Fetching page 7... (3000 rows so far)
[ad-insights] Fetching page 7... (3000 rows so far)
[gc-ad-funnel] Serving from memory (615 rows)
[ad-insights] Serving from memory (5012 rows)
[ad-funnel] Serving from memory (1601 rows)
[ads-status] Serving from memory cache (4500 ads)
[ad-insights] Serving from memory (5012 rows)
[ad-funnel] Serving from memory (1601 rows)
[ad-insights] Serving from memory (5012 rows)
[ad-funnel] Serving from memory (1601 rows)
[FE:ProposalGenerator] getProposals: returned 49 rows
[FE:ProposalGenerator] getProposals: returned 59 rows
[roas-tracker] Starting snapshot. Only test campaign ads with go-live >= 2026-03-10
[roas-tracker] Starting snapshot. Only test campaign ads with go-live >= 2026-03-10
[roas-tracker] Starting snapshot. Only test campaign ads with go-live >= 2026-03-10
[ad-insights] Fetching page 1...
[ad-funnel] Running Metabase query...
[ads-status] Serving from memory cache (4500 ads)
[ad-insights] Fetching page 1...
[ad-funnel] Running Metabase query...
[ad-insights] Fetching page 1...
[ad-funnel] Running Metabase query...
[ads-status] Serving from memory cache (4500 ads)
[FE:ProposalGenerator] getProposals: returned 49 rows
[FE:ProposalGenerator] getProposals: returned 59 rows
[ad-insights] Serving from memory (479 rows)
[ad-funnel] Serving from memory (151 rows)
[ad-insights] Serving from memory (479 rows)
[ad-funnel] Serving from memory (151 rows)
[ad-insights] Serving from memory (479 rows)
[ad-funnel] Serving from memory (151 rows)
[ad-insights] Serving from memory (11656 rows)
[ad-funnel] Serving from memory (3577 rows)
[ads-status] Rate limited — serving stale disk cache (4500 ads)
[ad-insights] Fetching page 8... (3500 rows so far)
[ad-insights] Fetching page 8... (3500 rows so far)
[ad-insights] Fetching page 2... (500 rows so far)
[ad-insights] Fetching page 2... (500 rows so far)
[ad-insights] Fetching page 2... (500 rows so far)
[ad-insights] Fetching page 9... (4000 rows so far)
[ad-insights] Fetching page 9... (4000 rows so far)
[ad-insights] Fetching page 3... (1000 rows so far)
[ad-insights] Fetching page 3... (1000 rows so far)
[ad-insights] Fetching page 3... (1000 rows so far)
[ad-insights] Fetching page 10... (4500 rows so far)
[FE:ProposalGenerator] getProposals: returned 49 rows
[FE:ProposalGenerator] getProposals: returned 59 rows
[ad-insights] Fetching page 10... (4500 rows so far)
[ad-insights] Fetching page 4... (1500 rows so far)
[ad-insights] Fetching page 4... (1500 rows so far)
[ad-insights] Fetching page 4... (1500 rows so far)
[ad-insights] Fetching page 11... (5000 rows so far)
[ad-insights] Fetching page 11... (5000 rows so far)
[ad-insights] Fetching page 5... (2000 rows so far)
[ad-insights] Fetching page 5... (2000 rows so far)
[ad-insights] Fetching page 5... (2000 rows so far)
[ad-funnel] Done. 3351 rows returned. Truncated: false
[ad-insights] Fetching page 12... (5500 rows so far)
[ad-funnel] Done. 3351 rows returned. Truncated: false
[ad-funnel] Done. 3351 rows returned. Truncated: false
[ad-insights] Fetching page 12... (5500 rows so far)
[ad-insights] Fetching page 6... (2500 rows so far)
[ad-insights] Fetching page 6... (2500 rows so far)
[ad-insights] Fetching page 13... (6000 rows so far)
[ad-insights] Fetching page 6... (2500 rows so far)
[ad-insights] Fetching page 13... (6000 rows so far)
[FE:ProposalGenerator] getProposals: returned 49 rows
[FE:ProposalGenerator] getProposals: returned 59 rows
[ad-insights] Fetching page 7... (3000 rows so far)
[ad-insights] Fetching page 7... (3000 rows so far)
[ad-insights] Fetching page 14... (6500 rows so far)
[ad-insights] Fetching page 7... (3000 rows so far)
[ad-insights] Fetching page 14... (6500 rows so far)
[ad-insights] Fetching page 8... (3500 rows so far)
[ad-insights] Fetching page 8... (3500 rows so far)
[ad-insights] Fetching page 15... (7000 rows so far)
[ad-insights] Fetching page 8... (3500 rows so far)
[ad-insights] Fetching page 15... (7000 rows so far)
[ad-insights] Fetching page 9... (4000 rows so far)
[ad-insights] Fetching page 16... (7500 rows so far)
[ad-insights] Fetching page 9... (4000 rows so far)
[ad-insights] Fetching page 9... (4000 rows so far)
[FE:ProposalGenerator] getProposals: returned 49 rows
[FE:ProposalGenerator] getProposals: returned 59 rows
[ad-insights] Fetching page 16... (7500 rows so far)
[ad-insights] Fetching page 10... (4500 rows so far)
[ad-insights] Fetching page 10... (4500 rows so far)
[ad-insights] Fetching page 10... (4500 rows so far)
[ad-insights] Fetching page 17... (8000 rows so far)
[ad-insights] Fetching page 17... (8000 rows so far)
[ad-insights] Fetching page 11... (5000 rows so far)
[ad-insights] Fetching page 11... (5000 rows so far)
[ad-insights] Fetching page 11... (5000 rows so far)
[ad-insights] Fetching page 18... (8500 rows so far)
[ad-insights] Fetching page 18... (8500 rows so far)
[ad-insights] Fetching page 12... (5500 rows so far)
[ad-insights] Fetching page 12... (5500 rows so far)
[ad-insights] Fetching page 12... (5500 rows so far)
[FE:ProposalGenerator] getProposals: returned 49 rows
[FE:ProposalGenerator] getProposals: returned 59 rows
[ad-insights] Fetching page 19... (9000 rows so far)
[ad-insights] Fetching page 13... (6000 rows so far)
[ad-insights] Fetching page 19... (9000 rows so far)
[ad-insights] Fetching page 13... (6000 rows so far)
[ad-insights] Fetching page 13... (6000 rows so far)
[ad-insights] Fetching page 20... (9500 rows so far)
[ad-insights] Fetching page 14... (6500 rows so far)
[ad-insights] Fetching page 14... (6500 rows so far)
[ad-insights] Fetching page 20... (9500 rows so far)
[ad-insights] Fetching page 14... (6500 rows so far)
[ad-insights] Fetching page 15... (7000 rows so far)
[ad-insights] Fetching page 21... (10000 rows so far)
[ad-insights] Fetching page 15... (7000 rows so far)
[ad-insights] Fetching page 15... (7000 rows so far)
[ad-insights] Fetching page 21... (10000 rows so far)
[FE:ProposalGenerator] getProposals: returned 49 rows
[FE:ProposalGenerator] getProposals: returned 59 rows
[ad-insights] Fetching page 16... (7500 rows so far)
[ad-insights] Fetching page 16... (7500 rows so far)
[ad-insights] Fetching page 22... (10500 rows so far)
[ad-insights] Fetching page 16... (7500 rows so far)
[ad-insights] Fetching page 22... (10500 rows so far)
[ad-insights] Fetching page 17... (8000 rows so far)
[ad-insights] Done. 22 pages, 10847 total rows.
[ad-insights] Saved to disk: 10847 rows
[roas-tracker] Fetched 8102 Meta rows, 3351 funnel rows.
[roas-tracker] 1712 test campaign rows → 140 ads with go-live >= 2026-03-10 (718 daily rows).
[ads-status] Serving from memory cache (4500 ads)
[roas-tracker] 144 creatives since 2026-03-10 (27 with funnel data).
[roas-tracker] 144 ads since 2026-03-10.
[roas-tracker] Upserted: 0 new, 144 updated. 0 need predictions.
[roas-tracker] Done. {"snapshots":144,"tracked":144,"newAds":0,"updated":144,"predicted":0}
[ad-insights] Fetching page 17... (8000 rows so far)
[ad-insights] Fetching page 17... (8000 rows so far)
[ad-insights] Done. 22 pages, 10847 total rows.
[ad-insights] Saved to disk: 10847 rows
[roas-tracker] Fetched 8102 Meta rows, 3351 funnel rows.
[roas-tracker] 1712 test campaign rows → 140 ads with go-live >= 2026-03-10 (718 daily rows).
[ads-status] Serving from memory cache (4500 ads)
[roas-tracker] 144 creatives since 2026-03-10 (27 with funnel data).
[roas-tracker] 144 ads since 2026-03-10.
[roas-tracker] Upserted: 0 new, 144 updated. 0 need predictions.
[roas-tracker] Done. {"snapshots":144,"tracked":144,"newAds":0,"updated":144,"predicted":0}
[ad-insights] Fetching page 18... (8500 rows so far)
[ad-insights] Fetching page 18... (8500 rows so far)
[ad-insights] Fetching page 18... (8500 rows so far)
[FE:ProposalGenerator] getProposals: returned 49 rows
[FE:ProposalGenerator] getProposals: returned 59 rows
[ad-insights] Fetching page 19... (9000 rows so far)
[ad-insights] Fetching page 19... (9000 rows so far)
[ad-insights] Fetching page 19... (9000 rows so far)
[ad-insights] Fetching page 20... (9500 rows so far)
[ad-insights] Fetching page 20... (9500 rows so far)
[ad-insights] Fetching page 20... (9500 rows so far)
[FE:ProposalGenerator] getProposals: returned 49 rows
[FE:ProposalGenerator] getProposals: returned 59 rows
[ad-insights] Fetching page 21... (10000 rows so far)
[ad-insights] Fetching page 21... (10000 rows so far)
[ad-insights] Fetching page 21... (10000 rows so far)
[ad-insights] Serving from memory (5012 rows)
[ad-funnel] Serving from memory (1601 rows)
[roas-tracker] Starting snapshot. Only test campaign ads with go-live >= 2026-03-10
[ads-status] Serving from memory cache (4500 ads)
[gc-ad-funnel] Serving from memory (615 rows)
[ad-insights] Serving from memory (5012 rows)
[ad-funnel] Serving from memory (1601 rows)
[ads-status] Serving from memory cache (4500 ads)
[ad-insights] Serving from memory (5012 rows)
[ad-funnel] Running Metabase query...
[ad-funnel] Serving from memory (1601 rows)
[ad-insights] Fetching page 1...
[ads-status] Serving from memory cache (4500 ads)
[FE:ProposalGenerator] getProposals: returned 49 rows
[FE:ProposalGenerator] getProposals: returned 59 rows
[roas-tracker] Starting snapshot. Only test campaign ads with go-live >= 2026-03-10
[roas-tracker] Starting snapshot. Only test campaign ads with go-live >= 2026-03-10
[ad-insights] Fetching page 1...
[ad-funnel] Running Metabase query...
[ad-insights] Fetching page 1...
[ad-funnel] Running Metabase query...
[FE:ProposalGenerator] getProposals: returned 49 rows
[FE:ProposalGenerator] getProposals: returned 59 rows
[ad-insights] Serving from memory (479 rows)
[ad-funnel] Serving from memory (151 rows)
[ad-insights] Serving from memory (479 rows)
[ad-funnel] Serving from memory (151 rows)
[ad-insights] Serving from memory (479 rows)
[ad-funnel] Serving from memory (151 rows)
[ad-insights] Fetching page 22... (10500 rows so far)
[ad-insights] Fetching page 22... (10500 rows so far)
[ad-insights] Fetching page 22... (10500 rows so far)
[ad-insights] Fetching page 2... (500 rows so far)
[ad-insights] Done. 22 pages, 10847 total rows.
[ad-insights] Saved to disk: 10847 rows
[roas-tracker] Fetched 8102 Meta rows, 3351 funnel rows.
[roas-tracker] 1712 test campaign rows → 140 ads with go-live >= 2026-03-10 (718 daily rows).
[ads-status] Serving from memory cache (4500 ads)
[roas-tracker] 144 creatives since 2026-03-10 (27 with funnel data).
[roas-tracker] 144 ads since 2026-03-10.
[roas-tracker] Upserted: 0 new, 144 updated. 0 need predictions.
[roas-tracker] Done. {"snapshots":144,"tracked":144,"newAds":0,"updated":144,"predicted":0}
[ad-insights] Fetching page 2... (500 rows so far)
[ad-insights] Done. 22 pages, 10847 total rows.
[ad-insights] Saved to disk: 10847 rows
[roas-tracker] Fetched 8102 Meta rows, 3351 funnel rows.
[roas-tracker] 1712 test campaign rows → 140 ads with go-live >= 2026-03-10 (718 daily rows).
[ads-status] Serving from memory cache (4500 ads)
[roas-tracker] 144 creatives since 2026-03-10 (27 with funnel data).
[roas-tracker] 144 ads since 2026-03-10.
[roas-tracker] Upserted: 0 new, 144 updated. 0 need predictions.
[roas-tracker] Done. {"snapshots":144,"tracked":144,"newAds":0,"updated":144,"predicted":0}
[ad-insights] Done. 22 pages, 10847 total rows.
[ad-insights] Saved to disk: 10847 rows
[roas-tracker] Fetched 8102 Meta rows, 3351 funnel rows.
[roas-tracker] 1712 test campaign rows → 140 ads with go-live >= 2026-03-10 (718 daily rows).
[ads-status] Serving from memory cache (4500 ads)
[roas-tracker] 144 creatives since 2026-03-10 (27 with funnel data).
[roas-tracker] 144 ads since 2026-03-10.
[roas-tracker] Upserted: 0 new, 144 updated. 0 need predictions.
[roas-tracker] Done. {"snapshots":144,"tracked":144,"newAds":0,"updated":144,"predicted":0}
[ad-insights] Fetching page 2... (500 rows so far)
[ad-insights] Fetching page 3... (1000 rows so far)
[ad-insights] Fetching page 3... (1000 rows so far)
[ad-insights] Fetching page 3... (1000 rows so far)
[FE:ProposalGenerator] getProposals: returned 49 rows
[FE:ProposalGenerator] getProposals: returned 59 rows
[ad-insights] Fetching page 4... (1500 rows so far)
[ad-insights] Fetching page 4... (1500 rows so far)
[ad-insights] Fetching page 4... (1500 rows so far)
[ad-funnel] Done. 3351 rows returned. Truncated: false
[ad-funnel] Done. 3351 rows returned. Truncated: false
[ad-funnel] Done. 3351 rows returned. Truncated: false
[ad-insights] Fetching page 5... (2000 rows so far)
[ad-insights] Fetching page 5... (2000 rows so far)
[gc-ad-funnel] Serving from memory (615 rows)
[ad-insights] Serving from memory (5012 rows)
[ad-funnel] Serving from memory (1601 rows)
[roas-tracker] Starting snapshot. Only test campaign ads with go-live >= 2026-03-10
[ads-status] Serving from memory cache (4500 ads)
[ad-insights] Serving from memory (5012 rows)
[ad-funnel] Serving from memory (1601 rows)
[ad-insights] Serving from memory (5012 rows)
[ad-insights] Fetching page 1...
[ad-funnel] Serving from memory (1601 rows)
[ads-status] Serving from memory cache (4500 ads)
[ad-funnel] Running Metabase query...
[ads-status] Serving from memory cache (4500 ads)
[roas-tracker] Starting snapshot. Only test campaign ads with go-live >= 2026-03-10
[FE:ProposalGenerator] getProposals: returned 49 rows
[ad-insights] Fetching page 1...
[roas-tracker] Starting snapshot. Only test campaign ads with go-live >= 2026-03-10
[ad-funnel] Running Metabase query...
[ad-insights] Fetching page 1...
[ad-funnel] Running Metabase query...
[FE:ProposalGenerator] getProposals: returned 59 rows
[ad-insights] Serving from memory (479 rows)
[ad-funnel] Serving from memory (151 rows)
[FE:ProposalGenerator] getProposals: returned 49 rows
[FE:ProposalGenerator] getProposals: returned 59 rows
[ad-insights] Serving from memory (479 rows)
[ad-funnel] Serving from memory (151 rows)
[ad-insights] Serving from memory (11656 rows)
[ad-funnel] Serving from memory (3577 rows)
[ad-insights] Serving from memory (479 rows)
[ad-funnel] Serving from memory (151 rows)
[ad-insights] Fetching page 5... (2000 rows so far)
[ads-status] Rate limited — serving stale disk cache (4500 ads)
[ad-insights] Fetching page 6... (2500 rows so far)
[ad-insights] Fetching page 6... (2500 rows so far)
[ad-insights] Fetching page 2... (500 rows so far)
[ad-insights] Fetching page 2... (500 rows so far)
[ad-insights] Fetching page 2... (500 rows so far)
[ad-insights] Fetching page 6... (2500 rows so far)
[ad-insights] Fetching page 7... (3000 rows so far)
[ad-insights] Fetching page 7... (3000 rows so far)
[ad-insights] Fetching page 3... (1000 rows so far)
[ad-insights] Fetching page 3... (1000 rows so far)
[ad-insights] Fetching page 3... (1000 rows so far)
[ad-insights] Fetching page 8... (3500 rows so far)
[ad-insights] Fetching page 7... (3000 rows so far)
[apex-breakdowns] Serving from memory
[ad-funnel] Done. 3351 rows returned. Truncated: false
[FE:ProposalGenerator] getProposals: returned 49 rows
[FE:ProposalGenerator] getProposals: returned 59 rows
[ad-insights] Fetching page 8... (3500 rows so far)
[ad-insights] Fetching page 4... (1500 rows so far)
[ad-insights] Fetching page 4... (1500 rows so far)
[ad-funnel] Done. 3351 rows returned. Truncated: false
[ad-funnel] Done. 3351 rows returned. Truncated: false
[ad-insights] Fetching page 4... (1500 rows so far)
[ad-insights] Fetching page 9... (4000 rows so far)
[ad-insights] Fetching page 8... (3500 rows so far)
[ad-insights] Fetching page 9... (4000 rows so far)
[ad-insights] Fetching page 5... (2000 rows so far)
[ad-insights] Fetching page 5... (2000 rows so far)
[ad-insights] Fetching page 10... (4500 rows so far)
[ad-insights] Fetching page 5... (2000 rows so far)
[ad-insights] Fetching page 9... (4000 rows so far)
[ad-insights] Fetching page 10... (4500 rows so far)
[ad-insights] Fetching page 6... (2500 rows so far)
[ad-insights] Fetching page 6... (2500 rows so far)
[ad-insights] Fetching page 11... (5000 rows so far)
[ad-insights] Fetching page 6... (2500 rows so far)
[FE:ProposalGenerator] getProposals: returned 49 rows
[FE:ProposalGenerator] getProposals: returned 59 rows
[ad-insights] Fetching page 10... (4500 rows so far)
[ad-insights] Fetching page 11... (5000 rows so far)
[ad-insights] Fetching page 7... (3000 rows so far)
[ad-insights] Fetching page 7... (3000 rows so far)
[ad-insights] Fetching page 12... (5500 rows so far)
[ad-insights] Fetching page 7... (3000 rows so far)
[ad-insights] Fetching page 11... (5000 rows so far)
[ad-insights] Fetching page 13... (6000 rows so far)
[ad-insights] Fetching page 12... (5500 rows so far)
[ad-insights] Fetching page 8... (3500 rows so far)
[ad-insights] Fetching page 8... (3500 rows so far)
[ad-insights] Fetching page 8... (3500 rows so far)
[ad-insights] Fetching page 12... (5500 rows so far)
[ad-insights] Fetching page 13... (6000 rows so far)
[ad-insights] Fetching page 14... (6500 rows so far)
[ad-insights] Fetching page 9... (4000 rows so far)
[ad-insights] Fetching page 9... (4000 rows so far)
[FE:ProposalGenerator] getProposals: returned 49 rows
[FE:ProposalGenerator] getProposals: returned 59 rows
[ad-insights] Fetching page 13... (6000 rows so far)
[ad-insights] Fetching page 15... (7000 rows so far)
[ad-insights] Fetching page 9... (4000 rows so far)
[ad-insights] Fetching page 14... (6500 rows so far)
[ad-insights] Fetching page 10... (4500 rows so far)
[ad-insights] Fetching page 10... (4500 rows so far)
[ad-insights] Fetching page 14... (6500 rows so far)
[ad-insights] Fetching page 16... (7500 rows so far)
[ad-insights] Fetching page 10... (4500 rows so far)
[ad-insights] Fetching page 15... (7000 rows so far)
[ad-insights] Fetching page 11... (5000 rows so far)
[ad-insights] Fetching page 11... (5000 rows so far)
[ad-insights] Fetching page 15... (7000 rows so far)
[ad-insights] Fetching page 17... (8000 rows so far)
[ad-insights] Fetching page 11... (5000 rows so far)
[ad-insights] Fetching page 12... (5500 rows so far)
[ad-insights] Fetching page 16... (7500 rows so far)
[ad-insights] Fetching page 12... (5500 rows so far)
[FE:ProposalGenerator] getProposals: returned 49 rows
[FE:ProposalGenerator] getProposals: returned 59 rows
[ad-insights] Fetching page 16... (7500 rows so far)
[ad-insights] Fetching page 18... (8500 rows so far)
[ad-insights] Fetching page 12... (5500 rows so far)
[ad-insights] Fetching page 13... (6000 rows so far)
[ad-insights] Fetching page 13... (6000 rows so far)
[ad-insights] Fetching page 17... (8000 rows so far)
[ad-insights] Fetching page 17... (8000 rows so far)
[ad-insights] Fetching page 13... (6000 rows so far)
[ad-insights] Fetching page 14... (6500 rows so far)
[ad-insights] Fetching page 19... (9000 rows so far)
[ad-insights] Fetching page 18... (8500 rows so far)
[ad-insights] Fetching page 14... (6500 rows so far)
[ad-insights] Fetching page 18... (8500 rows so far)
[ad-insights] Fetching page 14... (6500 rows so far)
[ad-insights] Fetching page 15... (7000 rows so far)
[ad-insights] Fetching page 20... (9500 rows so far)
[FE:ProposalGenerator] getProposals: returned 49 rows
[FE:ProposalGenerator] getProposals: returned 59 rows
[ad-insights] Fetching page 15... (7000 rows so far)
[ad-insights] Fetching page 19... (9000 rows so far)
[ad-insights] Fetching page 15... (7000 rows so far)
[ad-insights] Fetching page 16... (7500 rows so far)
[ad-insights] Fetching page 21... (10000 rows so far)
[ad-insights] Fetching page 19... (9000 rows so far)
[ad-insights] Fetching page 16... (7500 rows so far)
[ad-insights] Fetching page 20... (9500 rows so far)
[ad-insights] Fetching page 16... (7500 rows so far)
[ad-insights] Fetching page 17... (8000 rows so far)
[ad-insights] Fetching page 22... (10500 rows so far)
[ad-insights] Fetching page 20... (9500 rows so far)
[ad-insights] Fetching page 17... (8000 rows so far)
[ad-insights] Fetching page 21... (10000 rows so far)
[ad-insights] Fetching page 17... (8000 rows so far)
[FE:ProposalGenerator] getProposals: returned 49 rows
[FE:ProposalGenerator] getProposals: returned 59 rows
[ad-insights] Fetching page 18... (8500 rows so far)
[ad-insights] Done. 22 pages, 10847 total rows.
[ad-insights] Saved to disk: 10847 rows
[roas-tracker] Fetched 8102 Meta rows, 3351 funnel rows.
[roas-tracker] 1712 test campaign rows → 140 ads with go-live >= 2026-03-10 (718 daily rows).
[ads-status] Serving from memory cache (4500 ads)
[roas-tracker] 144 creatives since 2026-03-10 (27 with funnel data).
[roas-tracker] 144 ads since 2026-03-10.
[roas-tracker] Upserted: 0 new, 144 updated. 0 need predictions.
[roas-tracker] Done. {"snapshots":144,"tracked":144,"newAds":0,"updated":144,"predicted":0}
[ad-insights] Fetching page 21... (10000 rows so far)
[ad-insights] Fetching page 18... (8500 rows so far)
[ad-insights] Fetching page 18... (8500 rows so far)
[ad-insights] Fetching page 22... (10500 rows so far)
[ad-insights] Fetching page 19... (9000 rows so far)
[ad-insights] Fetching page 22... (10500 rows so far)
[ad-insights] Fetching page 19... (9000 rows so far)
[ad-insights] Done. 22 pages, 10847 total rows.
[ad-insights] Saved to disk: 10847 rows
[roas-tracker] Fetched 8102 Meta rows, 3351 funnel rows.
[roas-tracker] 1712 test campaign rows → 140 ads with go-live >= 2026-03-10 (718 daily rows).
[ads-status] Serving from memory cache (4500 ads)
[roas-tracker] 144 creatives since 2026-03-10 (27 with funnel data).
[roas-tracker] 144 ads since 2026-03-10.
[roas-tracker] Upserted: 0 new, 144 updated. 0 need predictions.
[roas-tracker] Done. {"snapshots":144,"tracked":144,"newAds":0,"updated":144,"predicted":0}
[FE:Scheduler] Starting job: data-quality-check
[FE:DataQuality] Running audit (2026-03-07 -> 2026-04-06, forceFresh=false)
[ad-insights] Serving from disk (12044 rows, 56min old)
[ad-funnel] Serving from disk (3706 rows, 60min old)
[gc-ad-funnel] Serving from memory (615 rows)
[ads-status] Serving from memory cache (4500 ads)
[FE:DataQuality] Audit complete. status=OK findings=14
[FE:Scheduler] Completed job: data-quality-check (1252ms, 14 records)
[ad-insights] Done. 22 pages, 10847 total rows.
[ad-insights] Saved to disk: 10847 rows
[roas-tracker] Fetched 8102 Meta rows, 3351 funnel rows.
[roas-tracker] 1712 test campaign rows → 140 ads with go-live >= 2026-03-10 (718 daily rows).
[ads-status] Serving from memory cache (4500 ads)
[roas-tracker] 144 creatives since 2026-03-10 (27 with funnel data).
[roas-tracker] 144 ads since 2026-03-10.
[roas-tracker] Upserted: 0 new, 144 updated. 0 need predictions.
[roas-tracker] Done. {"snapshots":144,"tracked":144,"newAds":0,"updated":144,"predicted":0}
[ad-insights] Fetching page 20... (9500 rows so far)
[ad-insights] Fetching page 19... (9000 rows so far)
[ad-insights] Fetching page 20... (9500 rows so far)
[FE:ProposalGenerator] getProposals: returned 49 rows
[FE:ProposalGenerator] getProposals: returned 59 rows
[ad-insights] Fetching page 21... (10000 rows so far)
[ad-insights] Fetching page 20... (9500 rows so far)
[ad-insights] Fetching page 21... (10000 rows so far)
[ad-insights] Fetching page 22... (10500 rows so far)
[ad-insights] Fetching page 21... (10000 rows so far)
[ad-insights] Fetching page 22... (10500 rows so far)
[ad-insights] Done. 22 pages, 10848 total rows.
[ad-insights] Saved to disk: 10848 rows
[roas-tracker] Fetched 8103 Meta rows, 3351 funnel rows.
[roas-tracker] 1712 test campaign rows → 140 ads with go-live >= 2026-03-10 (718 daily rows).
[ads-status] Serving from memory cache (4500 ads)
[roas-tracker] 144 creatives since 2026-03-10 (27 with funnel data).
[roas-tracker] 144 ads since 2026-03-10.
[roas-tracker] Upserted: 0 new, 144 updated. 0 need predictions.
[roas-tracker] Done. {"snapshots":144,"tracked":144,"newAds":0,"updated":144,"predicted":0}
[FE:ProposalGenerator] getProposals: returned 49 rows
[FE:ProposalGenerator] getProposals: returned 59 rows
[ad-insights] Done. 22 pages, 10848 total rows.
[ad-insights] Saved to disk: 10848 rows
[roas-tracker] Fetched 8103 Meta rows, 3351 funnel rows.
[roas-tracker] 1712 test campaign rows → 140 ads with go-live >= 2026-03-10 (718 daily rows).
[ads-status] Serving from memory cache (4500 ads)
[roas-tracker] 144 creatives since 2026-03-10 (27 with funnel data).
[roas-tracker] 144 ads since 2026-03-10.
[roas-tracker] Upserted: 0 new, 144 updated. 0 need predictions.
[roas-tracker] Done. {"snapshots":144,"tracked":144,"newAds":0,"updated":144,"predicted":0}
[ad-insights] Fetching page 22... (10500 rows so far)
[ad-insights] Done. 22 pages, 10848 total rows.
[ad-insights] Saved to disk: 10848 rows
[roas-tracker] Fetched 8103 Meta rows, 3351 funnel rows.
[roas-tracker] 1712 test campaign rows → 140 ads with go-live >= 2026-03-10 (718 daily rows).
[ads-status] Serving from memory cache (4500 ads)
[roas-tracker] 144 creatives since 2026-03-10 (27 with funnel data).
[roas-tracker] 144 ads since 2026-03-10.
[roas-tracker] Upserted: 0 new, 144 updated. 0 need predictions.
[roas-tracker] Done. {"snapshots":144,"tracked":144,"newAds":0,"updated":144,"predicted":0}
[FE:ProposalGenerator] getProposals: returned 49 rows
[FE:ProposalGenerator] getProposals: returned 59 rows
[FE:ProposalGenerator] getProposals: returned 49 rows
[FE:ProposalGenerator] getProposals: returned 59 rows
[FE:ProposalGenerator] getProposals: returned 49 rows
[FE:ProposalGenerator] getProposals: returned 59 rows
[roas-tracker] Starting snapshot. Only test campaign ads with go-live >= 2026-03-10
[ad-insights] Serving from memory (10848 rows)
[ad-funnel] Serving from memory (3351 rows)
[roas-tracker] Fetched 8103 Meta rows, 3351 funnel rows.
[roas-tracker] 1712 test campaign rows → 140 ads with go-live >= 2026-03-10 (718 daily rows).
[ads-status] Serving from memory cache (4500 ads)
[roas-tracker] 144 creatives since 2026-03-10 (27 with funnel data).
[roas-tracker] 144 ads since 2026-03-10.
[roas-tracker] Upserted: 0 new, 144 updated. 0 need predictions.
[roas-tracker] Done. {"snapshots":144,"tracked":144,"newAds":0,"updated":144,"predicted":0}
[FE:ProposalGenerator] getProposals: returned 49 rows
[FE:ProposalGenerator] getProposals: returned 59 rows
[FE:ProposalGenerator] getProposals: returned 49 rows
[FE:ProposalGenerator] getProposals: returned 59 rows
[FE:ProposalGenerator] getProposals: returned 49 rows
[FE:ProposalGenerator] getProposals: returned 59 rows
[FE:ProposalGenerator] getProposals: returned 49 rows
[FE:ProposalGenerator] getProposals: returned 59 rows
[FE:ProposalGenerator] getProposals: returned 49 rows
[FE:ProposalGenerator] getProposals: returned 59 rows
[FE:ProposalGenerator] getProposals: returned 49 rows
[FE:ProposalGenerator] getProposals: returned 59 rows
[FE:ProposalGenerator] getProposals: returned 49 rows
[FE:ProposalGenerator] getProposals: returned 59 rows
[FE:ProposalGenerator] getProposals: returned 49 rows
[FE:ProposalGenerator] getProposals: returned 59 rows
[FE:ProposalGenerator] getProposals: returned 49 rows
[FE:ProposalGenerator] getProposals: returned 59 rows
[ad-insights] Serving from memory (5012 rows)
[ad-funnel] Serving from memory (1601 rows)
[ads-status] Serving from memory cache (4500 ads)
[ad-insights] Serving from memory (5012 rows)
[ad-funnel] Serving from memory (1601 rows)
[ad-insights] Serving from memory (5012 rows)
[ad-funnel] Serving from memory (1601 rows)
[ads-status] Serving from memory cache (4500 ads)
[ads-status] Serving from memory cache (4500 ads)
[ad-insights] Serving from memory (479 rows)
[ad-funnel] Serving from memory (151 rows)
[gc-ad-funnel] Serving from disk (615 rows, 114min old)
[ad-insights] Serving from memory (479 rows)
[ad-funnel] Serving from memory (151 rows)
[ad-insights] Serving from memory (479 rows)
[ad-funnel] Serving from memory (151 rows)
[FE:ProposalGenerator] getProposals: returned 49 rows
[FE:ProposalGenerator] getProposals: returned 59 rows
[FE:ProposalGenerator] getProposals: returned 49 rows
[FE:ProposalGenerator] getProposals: returned 59 rows
[FE:ProposalGenerator] getProposals: returned 49 rows
[FE:ProposalGenerator] getProposals: returned 59 rows
[ad-insights] Serving from memory (5012 rows)
[ad-funnel] Serving from memory (1601 rows)
[gc-ad-funnel] Serving from memory (615 rows)
[ads-status] Serving from memory cache (4500 ads)
[ad-insights] Serving from memory (5012 rows)
[ad-funnel] Serving from memory (1601 rows)
[ad-insights] Serving from memory (5012 rows)
[ad-funnel] Serving from memory (1601 rows)
[roas-tracker] Starting snapshot. Only test campaign ads with go-live >= 2026-03-10
[FE:ProposalGenerator] getProposals: returned 49 rows
[ad-insights] Fetching page 1...
[ad-funnel] Running Metabase query...
[FE:ProposalGenerator] getProposals: returned 59 rows
[roas-tracker] Starting snapshot. Only test campaign ads with go-live >= 2026-03-10
[roas-tracker] Starting snapshot. Only test campaign ads with go-live >= 2026-03-10
[ads-status] Serving from memory cache (4500 ads)
[ad-insights] Fetching page 1...
[ad-funnel] Running Metabase query...
[ad-insights] Fetching page 1...
[ad-funnel] Running Metabase query...
[ads-status] Serving from memory cache (4500 ads)
[FE:ProposalGenerator] getProposals: returned 49 rows
[FE:ProposalGenerator] getProposals: returned 59 rows
[ad-insights] Serving from memory (479 rows)
[ad-funnel] Serving from memory (151 rows)
[ad-insights] Serving from memory (479 rows)
[ad-funnel] Serving from memory (151 rows)
[ad-insights] Serving from memory (11656 rows)
[ad-funnel] Serving from memory (3577 rows)
[ad-insights] Serving from memory (479 rows)
[ad-funnel] Serving from memory (151 rows)
[ads-status] Rate limited — serving stale disk cache (4500 ads)
[ad-insights] Fetching page 2... (500 rows so far)
[ad-insights] Fetching page 2... (500 rows so far)
[ad-insights] Fetching page 2... (500 rows so far)
[ad-insights] Fetching page 3... (1000 rows so far)
[ad-insights] Fetching page 3... (1000 rows so far)
[ad-insights] Fetching page 3... (1000 rows so far)
[ad-insights] Fetching page 4... (1500 rows so far)
[ad-funnel] Done. 3351 rows returned. Truncated: false
[ad-funnel] Done. 3351 rows returned. Truncated: false
[ad-insights] Fetching page 4... (1500 rows so far)
[ad-funnel] Done. 3351 rows returned. Truncated: false
[FE:ProposalGenerator] getProposals: returned 49 rows
[FE:ProposalGenerator] getProposals: returned 59 rows
[apex-breakdowns] Serving from memory
[ad-insights] Fetching page 4... (1500 rows so far)
[ad-insights] Fetching page 5... (2000 rows so far)
[ad-insights] Fetching page 5... (2000 rows so far)
[ad-insights] Fetching page 5... (2000 rows so far)
[ad-insights] Fetching page 6... (2500 rows so far)
[ad-insights] Fetching page 6... (2500 rows so far)
[ad-insights] Fetching page 6... (2500 rows so far)
[FE:ProposalGenerator] getProposals: returned 49 rows
[FE:ProposalGenerator] getProposals: returned 59 rows
[ad-insights] Fetching page 7... (3000 rows so far)
[ad-insights] Fetching page 7... (3000 rows so far)
[ad-insights] Fetching page 7... (3000 rows so far)
[ad-insights] Fetching page 8... (3500 rows so far)
[ad-insights] Fetching page 8... (3500 rows so far)
[ad-insights] Fetching page 8... (3500 rows so far)
[ad-insights] Fetching page 9... (4000 rows so far)
[ad-insights] Fetching page 9... (4000 rows so far)
[FE:ProposalGenerator] getProposals: returned 49 rows
[FE:ProposalGenerator] getProposals: returned 59 rows
[ad-insights] Fetching page 9... (4000 rows so far)
[ad-insights] Fetching page 10... (4500 rows so far)
[ad-insights] Fetching page 10... (4500 rows so far)
[ad-insights] Fetching page 10... (4500 rows so far)
[ad-insights] Fetching page 11... (5000 rows so far)
[ad-insights] Fetching page 11... (5000 rows so far)
[ad-insights] Fetching page 11... (5000 rows so far)
[ad-insights] Fetching page 12... (5500 rows so far)
[FE:ProposalGenerator] getProposals: returned 49 rows
[FE:ProposalGenerator] getProposals: returned 59 rows
[ad-insights] Fetching page 12... (5500 rows so far)
[ad-insights] Fetching page 12... (5500 rows so far)
[ad-insights] Fetching page 13... (6000 rows so far)
[ad-insights] Fetching page 13... (6000 rows so far)
[ad-insights] Fetching page 13... (6000 rows so far)
[ad-insights] Fetching page 14... (6500 rows so far)
[ad-insights] Fetching page 14... (6500 rows so far)
[ad-insights] Fetching page 14... (6500 rows so far)
[apex-breakdowns] Serving from memory
[FE:ProposalGenerator] getProposals: returned 49 rows
[FE:ProposalGenerator] getProposals: returned 59 rows
[ad-insights] Fetching page 15... (7000 rows so far)
[ad-insights] Fetching page 15... (7000 rows so far)
[ad-insights] Fetching page 15... (7000 rows so far)
[ad-insights] Done. 15 pages, 7000 total rows. WARNING: pagination broke — data may be truncated!
[ad-insights] Disk cache has 10848 rows vs truncated 7000 — using disk cache.
[roas-tracker] Fetched 8103 Meta rows, 3351 funnel rows.
[roas-tracker] 1712 test campaign rows → 140 ads with go-live >= 2026-03-10 (718 daily rows).
[ads-status] Serving from memory cache (4500 ads)
[roas-tracker] 144 creatives since 2026-03-10 (27 with funnel data).
[roas-tracker] 144 ads since 2026-03-10.
[roas-tracker] Upserted: 0 new, 144 updated. 0 need predictions.
[roas-tracker] Done. {"snapshots":144,"tracked":144,"newAds":0,"updated":144,"predicted":0}
[ad-insights] Fetching page 16... (7500 rows so far)
[ad-insights] Fetching page 16... (7500 rows so far)
[ad-insights] Fetching page 17... (8000 rows so far)
[ad-insights] Fetching page 17... (8000 rows so far)
[FE:ProposalGenerator] getProposals: returned 49 rows
[FE:ProposalGenerator] getProposals: returned 59 rows
[ad-insights] Fetching page 18... (8500 rows so far)
[ad-insights] Fetching page 18... (8500 rows so far)
[ad-insights] Fetching page 19... (9000 rows so far)
[ad-insights] Fetching page 19... (9000 rows so far)
[FE:ProposalGenerator] getProposals: returned 49 rows
[FE:ProposalGenerator] getProposals: returned 59 rows
[ad-insights] Fetching page 20... (9500 rows so far)
[ad-insights] Fetching page 20... (9500 rows so far)
[ad-insights] Fetching page 21... (10000 rows so far)
[ad-insights] Fetching page 21... (10000 rows so far)
[FE:ProposalGenerator] getProposals: returned 49 rows
[FE:ProposalGenerator] getProposals: returned 59 rows
[ad-insights] Fetching page 22... (10500 rows so far)
[ad-insights] Fetching page 22... (10500 rows so far)
[ad-insights] Done. 22 pages, 10848 total rows.
[ad-insights] Saved to disk: 10848 rows
[roas-tracker] Fetched 8103 Meta rows, 3351 funnel rows.
[roas-tracker] 1712 test campaign rows → 140 ads with go-live >= 2026-03-10 (718 daily rows).
[ads-status] Serving from memory cache (4500 ads)
[roas-tracker] 144 creatives since 2026-03-10 (27 with funnel data).
[roas-tracker] 144 ads since 2026-03-10.
[roas-tracker] Upserted: 0 new, 144 updated. 0 need predictions.
[roas-tracker] Done. {"snapshots":144,"tracked":144,"newAds":0,"updated":144,"predicted":0}
[ad-insights] Done. 22 pages, 10848 total rows.
[ad-insights] Saved to disk: 10848 rows
[roas-tracker] Fetched 8103 Meta rows, 3351 funnel rows.
[roas-tracker] 1712 test campaign rows → 140 ads with go-live >= 2026-03-10 (718 daily rows).
[ads-status] Serving from memory cache (4500 ads)
[roas-tracker] 144 creatives since 2026-03-10 (27 with funnel data).
[roas-tracker] 144 ads since 2026-03-10.
[roas-tracker] Upserted: 0 new, 144 updated. 0 need predictions.
[roas-tracker] Done. {"snapshots":144,"tracked":144,"newAds":0,"updated":144,"predicted":0}
[FE:ProposalGenerator] getProposals: returned 49 rows
[FE:ProposalGenerator] getProposals: returned 59 rows
[FE:ProposalGenerator] getProposals: returned 49 rows
[FE:ProposalGenerator] getProposals: returned 59 rows
[FE:ProposalGenerator] getProposals: returned 49 rows
[FE:ProposalGenerator] getProposals: returned 59 rows
[FE:ProposalGenerator] getProposals: returned 49 rows
[FE:ProposalGenerator] getProposals: returned 59 rows
[FE:ProposalGenerator] getProposals: returned 49 rows
[FE:ProposalGenerator] getProposals: returned 59 rows
[FE:ProposalGenerator] getProposals: returned 49 rows
[FE:ProposalGenerator] getProposals: returned 59 rows
[FE:ProposalGenerator] getProposals: returned 49 rows
[FE:ProposalGenerator] getProposals: returned 59 rows
[FE:ProposalGenerator] getProposals: returned 49 rows
[FE:ProposalGenerator] getProposals: returned 59 rows
[FE:ProposalGenerator] getProposals: returned 49 rows
[FE:ProposalGenerator] getProposals: returned 59 rows
[FE:ProposalGenerator] getProposals: returned 49 rows
[FE:ProposalGenerator] getProposals: returned 59 rows
[FE:ProposalGenerator] getProposals: returned 49 rows
[FE:ProposalGenerator] getProposals: returned 59 rows
[FE:ProposalGenerator] getProposals: returned 49 rows
[FE:ProposalGenerator] getProposals: returned 59 rows
[ad-insights] Serving from memory (5012 rows)
[ad-funnel] Serving from memory (1601 rows)
[ads-status] Serving from memory cache (4500 ads)
[ad-insights] Serving from memory (5012 rows)
[ad-funnel] Serving from memory (1601 rows)
[ads-status] Serving from memory cache (4500 ads)
[ad-insights] Serving from memory (5012 rows)
[ad-funnel] Serving from memory (1601 rows)
[gc-ad-funnel] Serving from memory (615 rows)
[ads-status] Serving from memory cache (4500 ads)
[ad-insights] Serving from memory (479 rows)
[ad-funnel] Serving from memory (151 rows)
[ad-insights] Serving from memory (479 rows)
[ad-funnel] Serving from memory (151 rows)
[ad-insights] Serving from memory (479 rows)
[ad-funnel] Serving from memory (151 rows)
[FE:ProposalGenerator] getProposals: returned 49 rows
[FE:ProposalGenerator] getProposals: returned 59 rows
[apex-breakdowns] Serving from memory
[FE:ProposalGenerator] getProposals: returned 49 rows
[FE:ProposalGenerator] getProposals: returned 59 rows
[FE:ProposalGenerator] getProposals: returned 49 rows
[FE:ProposalGenerator] getProposals: returned 59 rows
[FE:ProposalGenerator] getProposals: returned 49 rows
[FE:ProposalGenerator] getProposals: returned 59 rows
[FE:ProposalGenerator] getProposals: returned 49 rows
[FE:ProposalGenerator] getProposals: returned 59 rows
[FE:ProposalGenerator] getProposals: returned 49 rows
[FE:ProposalGenerator] getProposals: returned 59 rows
[FE:ProposalGenerator] getProposals: returned 49 rows
[FE:ProposalGenerator] getProposals: returned 59 rows
[FE:ProposalGenerator] getProposals: returned 49 rows
[FE:ProposalGenerator] getProposals: returned 59 rows
[FE:ProposalGenerator] getProposals: returned 49 rows
[FE:ProposalGenerator] getProposals: returned 59 rows
[roas-tracker] Starting snapshot. Only test campaign ads with go-live >= 2026-03-10
[roas-tracker] Starting snapshot. Only test campaign ads with go-live >= 2026-03-10
[roas-tracker] Starting snapshot. Only test campaign ads with go-live >= 2026-03-10
[ad-insights] Fetching page 1...
[ad-funnel] Running Metabase query...
[ad-funnel] Running Metabase query...
[ad-insights] Fetching page 1...
[ad-insights] Fetching page 1...
[ad-funnel] Running Metabase query...
[FE:ProposalGenerator] getProposals: returned 49 rows
[FE:ProposalGenerator] getProposals: returned 59 rows
[ad-insights] Fetching page 2... (500 rows so far)
[ad-insights] Fetching page 2... (500 rows so far)
[ad-insights] Fetching page 2... (500 rows so far)
[ad-insights] Fetching page 3... (1000 rows so far)
[ad-insights] Fetching page 3... (1000 rows so far)
[ad-insights] Fetching page 3... (1000 rows so far)
[ad-funnel] Done. 3352 rows returned. Truncated: false
[ad-insights] Fetching page 4... (1500 rows so far)
[ad-funnel] Done. 3352 rows returned. Truncated: false
[ad-funnel] Done. 3352 rows returned. Truncated: false
[ad-insights] Fetching page 4... (1500 rows so far)
[FE:ProposalGenerator] getProposals: returned 49 rows
[FE:ProposalGenerator] getProposals: returned 59 rows
[ad-insights] Fetching page 4... (1500 rows so far)
[ad-insights] Fetching page 5... (2000 rows so far)
[ad-insights] Fetching page 5... (2000 rows so far)
[apex-breakdowns] Serving from memory
[ad-insights] Fetching page 5... (2000 rows so far)
[ad-insights] Fetching page 6... (2500 rows so far)
[ad-insights] Fetching page 6... (2500 rows so far)
[ad-insights] Fetching page 7... (3000 rows so far)
[ad-insights] Fetching page 6... (2500 rows so far)
[ad-insights] Fetching page 7... (3000 rows so far)
[FE:ProposalGenerator] getProposals: returned 49 rows
[FE:ProposalGenerator] getProposals: returned 59 rows
[ad-insights] Fetching page 8... (3500 rows so far)
[ad-insights] Fetching page 8... (3500 rows so far)
[ad-insights] Fetching page 7... (3000 rows so far)
[ad-insights] Fetching page 9... (4000 rows so far)
[ad-insights] Fetching page 8... (3500 rows so far)
[ad-insights] Fetching page 9... (4000 rows so far)
[ad-insights] Fetching page 10... (4500 rows so far)
[ad-insights] Fetching page 9... (4000 rows so far)
[ad-insights] Fetching page 10... (4500 rows so far)
[FE:ProposalGenerator] getProposals: returned 49 rows
[FE:ProposalGenerator] getProposals: returned 59 rows
[ad-insights] Fetching page 11... (5000 rows so far)
[ad-insights] Fetching page 10... (4500 rows so far)
[ad-insights] Fetching page 11... (5000 rows so far)
[ad-insights] Fetching page 12... (5500 rows so far)
[ad-insights] Fetching page 12... (5500 rows so far)
[ad-insights] Fetching page 13... (6000 rows so far)
[ad-insights] Fetching page 11... (5000 rows so far)
[ad-insights] Fetching page 14... (6500 rows so far)
[ad-insights] Fetching page 13... (6000 rows so far)
[ad-insights] Fetching page 12... (5500 rows so far)
[FE:ProposalGenerator] getProposals: returned 49 rows
[FE:ProposalGenerator] getProposals: returned 59 rows
[ad-insights] Fetching page 15... (7000 rows so far)
[ad-insights] Fetching page 14... (6500 rows so far)
[ad-insights] Fetching page 13... (6000 rows so far)
[ad-insights] Fetching page 16... (7500 rows so far)
[ad-insights] Fetching page 15... (7000 rows so far)
[ad-insights] Fetching page 14... (6500 rows so far)
[ad-insights] Fetching page 17... (8000 rows so far)
[ad-insights] Fetching page 16... (7500 rows so far)
[ad-insights] Fetching page 15... (7000 rows so far)
[FE:ProposalGenerator] getProposals: returned 49 rows
[FE:ProposalGenerator] getProposals: returned 59 rows
[ad-insights] Fetching page 18... (8500 rows so far)
[ad-insights] Fetching page 17... (8000 rows so far)
[ad-insights] Fetching page 16... (7500 rows so far)
[ad-insights] Fetching page 19... (9000 rows so far)
[ad-insights] Fetching page 18... (8500 rows so far)
[ad-insights] Fetching page 17... (8000 rows so far)
[ad-insights] Fetching page 20... (9500 rows so far)
[FE:ProposalGenerator] getProposals: returned 49 rows
[FE:ProposalGenerator] getProposals: returned 59 rows
[ad-insights] Fetching page 19... (9000 rows so far)
[ad-insights] Fetching page 18... (8500 rows so far)
[ad-insights] Fetching page 20... (9500 rows so far)
[ad-insights] Fetching page 21... (10000 rows so far)
[ad-insights] Fetching page 19... (9000 rows so far)
[ad-insights] Fetching page 21... (10000 rows so far)
[ad-insights] Fetching page 22... (10500 rows so far)
[FE:ProposalGenerator] getProposals: returned 49 rows
[FE:ProposalGenerator] getProposals: returned 59 rows
[ad-insights] Done. 22 pages, 10848 total rows.
[ad-insights] Saved to disk: 10848 rows
[roas-tracker] Fetched 8103 Meta rows, 3352 funnel rows.
[roas-tracker] 1712 test campaign rows → 140 ads with go-live >= 2026-03-10 (718 daily rows).
[ads-status] Serving from memory cache (4500 ads)
[roas-tracker] 144 creatives since 2026-03-10 (27 with funnel data).
[roas-tracker] 144 ads since 2026-03-10.
[roas-tracker] Upserted: 0 new, 144 updated. 0 need predictions.
[roas-tracker] Done. {"snapshots":144,"tracked":144,"newAds":0,"updated":144,"predicted":0}
[ad-insights] Fetching page 20... (9500 rows so far)
[ad-insights] Fetching page 22... (10500 rows so far)
[ad-insights] Done. 22 pages, 10848 total rows.
[ad-insights] Saved to disk: 10848 rows
[roas-tracker] Fetched 8103 Meta rows, 3352 funnel rows.
[roas-tracker] 1712 test campaign rows → 140 ads with go-live >= 2026-03-10 (718 daily rows).
[ads-status] Serving from memory cache (4500 ads)
[roas-tracker] 144 creatives since 2026-03-10 (27 with funnel data).
[roas-tracker] 144 ads since 2026-03-10.
[roas-tracker] Upserted: 0 new, 144 updated. 0 need predictions.
[roas-tracker] Done. {"snapshots":144,"tracked":144,"newAds":0,"updated":144,"predicted":0}
[ad-insights] Fetching page 21... (10000 rows so far)
[ad-insights] Fetching page 22... (10500 rows so far)
[ad-insights] Serving from disk (5012 rows, 270min old)
[ad-funnel] Running Metabase query...
[ad-insights] Serving from memory (5012 rows)
[ads-status] Serving from memory cache (4500 ads)
[ad-funnel] Running Metabase query...
[ad-insights] Serving from memory (5012 rows)
[ad-funnel] Running Metabase query...
[gc-ad-funnel] Serving from memory (615 rows)
[FE:ProposalGenerator] getProposals: returned 49 rows
[FE:ProposalGenerator] getProposals: returned 59 rows
[ads-status] Serving from memory cache (4500 ads)
[ads-status] Serving from memory cache (4500 ads)
[ad-insights] Serving from disk (479 rows, 270min old)
[ad-funnel] Running Metabase query...
[ad-insights] Done. 22 pages, 10848 total rows.
[ad-insights] Saved to disk: 10848 rows
[roas-tracker] Fetched 8103 Meta rows, 3352 funnel rows.
[roas-tracker] 1712 test campaign rows → 140 ads with go-live >= 2026-03-10 (718 daily rows).
[ads-status] Serving from memory cache (4500 ads)
[roas-tracker] 144 creatives since 2026-03-10 (27 with funnel data).
[roas-tracker] 144 ads since 2026-03-10.
[roas-tracker] Upserted: 0 new, 144 updated. 0 need predictions.
[roas-tracker] Done. {"snapshots":144,"tracked":144,"newAds":0,"updated":144,"predicted":0}
[FE:ProposalGenerator] getProposals: returned 49 rows
[FE:ProposalGenerator] getProposals: returned 59 rows
[ad-funnel] Done. 157 rows returned. Truncated: false
[ad-funnel] Done. 1601 rows returned. Truncated: false
[ad-funnel] Done. 1601 rows returned. Truncated: false
[ad-insights] Serving from memory (479 rows)
[ad-funnel] Serving from memory (157 rows)
[ad-insights] Serving from memory (479 rows)
[ad-funnel] Serving from memory (157 rows)
[FE:ProposalGenerator] getProposals: returned 49 rows
[FE:ProposalGenerator] getProposals: returned 59 rows
[FE:ProposalGenerator] getProposals: returned 49 rows
[FE:ProposalGenerator] getProposals: returned 59 rows
[FE:ProposalGenerator] getProposals: returned 49 rows
[FE:ProposalGenerator] getProposals: returned 59 rows
[FE:ProposalGenerator] getProposals: returned 49 rows
[FE:ProposalGenerator] getProposals: returned 59 rows
[FE:ProposalGenerator] getProposals: returned 49 rows
[FE:ProposalGenerator] getProposals: returned 59 rows
[apex-breakdowns] Serving from memory
[FE:ProposalGenerator] getProposals: returned 49 rows
[FE:ProposalGenerator] getProposals: returned 59 rows
[FE:ProposalGenerator] getProposals: returned 49 rows
[FE:ProposalGenerator] getProposals: returned 59 rows
[FE:ProposalGenerator] getProposals: returned 49 rows
[FE:ProposalGenerator] getProposals: returned 59 rows
[FE:ProposalGenerator] getProposals: returned 49 rows
[FE:ProposalGenerator] getProposals: returned 59 rows
[FE:ProposalGenerator] getProposals: returned 49 rows
[FE:ProposalGenerator] getProposals: returned 59 rows
[FE:ProposalGenerator] getProposals: returned 49 rows
[FE:ProposalGenerator] getProposals: returned 59 rows
[FE:ProposalGenerator] getProposals: returned 49 rows
[FE:ProposalGenerator] getProposals: returned 59 rows
[FE:ProposalGenerator] getProposals: returned 49 rows
[FE:ProposalGenerator] getProposals: returned 59 rows
[FE:ProposalGenerator] getProposals: returned 49 rows
[FE:ProposalGenerator] getProposals: returned 59 rows
[FE:ProposalGenerator] getProposals: returned 49 rows
[FE:ProposalGenerator] getProposals: returned 59 rows
[FE:ProposalGenerator] getProposals: returned 49 rows
[FE:ProposalGenerator] getProposals: returned 59 rows
[roas-tracker] Starting snapshot. Only test campaign ads with go-live >= 2026-03-10
[roas-tracker] Starting snapshot. Only test campaign ads with go-live >= 2026-03-10
[ad-insights] Fetching page 1...
[ad-insights] Serving from memory (5012 rows)
[roas-tracker] Starting snapshot. Only test campaign ads with go-live >= 2026-03-10
[ad-funnel] Serving from memory (1601 rows)
[ad-funnel] Running Metabase query...
[ads-status] Serving from memory cache (4500 ads)
[ad-insights] Fetching page 1...
[ad-funnel] Running Metabase query...
[ad-insights] Fetching page 1...
[ad-funnel] Running Metabase query...
[ad-insights] Serving from memory (5012 rows)
[ad-funnel] Serving from memory (1601 rows)
[ad-insights] Serving from memory (5012 rows)
[ad-funnel] Serving from memory (1601 rows)
[ads-status] Serving from memory cache (4500 ads)
[gc-ad-funnel] Running Metabase query...
[ads-status] Serving from memory cache (4500 ads)
[ad-insights] Serving from memory (479 rows)
[ad-funnel] Serving from memory (157 rows)
[ad-insights] Serving from memory (479 rows)
[ad-funnel] Serving from memory (157 rows)
[ad-insights] Serving from memory (479 rows)
[ad-funnel] Serving from memory (157 rows)
[FE:ProposalGenerator] getProposals: returned 49 rows
[FE:ProposalGenerator] getProposals: returned 59 rows
[ad-insights] Fetching page 2... (500 rows so far)
[ad-insights] Fetching page 2... (500 rows so far)
[ad-insights] Fetching page 2... (500 rows so far)
[ad-insights] Fetching page 3... (1000 rows so far)
[ad-insights] Fetching page 3... (1000 rows so far)
[ad-insights] Fetching page 3... (1000 rows so far)
[ad-insights] Fetching page 4... (1500 rows so far)
[ad-insights] Fetching page 4... (1500 rows so far)
[ad-insights] Fetching page 4... (1500 rows so far)
[ad-funnel] Done. 3352 rows returned. Truncated: false
[ad-insights] Fetching page 5... (2000 rows so far)
[ad-insights] Fetching page 5... (2000 rows so far)
[ad-insights] Fetching page 5... (2000 rows so far)
[gc-ad-funnel] Done. 615 rows returned. Truncated: false
[ad-funnel] Done. 3352 rows returned. Truncated: false
[ad-funnel] Done. 3352 rows returned. Truncated: false
[ad-insights] Fetching page 6... (2500 rows so far)
[ad-insights] Fetching page 6... (2500 rows so far)
[ad-insights] Fetching page 6... (2500 rows so far)
[ad-insights] Fetching page 7... (3000 rows so far)
[ad-insights] Fetching page 7... (3000 rows so far)
[ad-insights] Fetching page 7... (3000 rows so far)
[FE:ProposalGenerator] getProposals: returned 49 rows
[FE:ProposalGenerator] getProposals: returned 59 rows
[ad-insights] Fetching page 8... (3500 rows so far)
[ad-insights] Fetching page 8... (3500 rows so far)
[ad-insights] Fetching page 8... (3500 rows so far)
[ad-insights] Fetching page 9... (4000 rows so far)
[ad-insights] Fetching page 9... (4000 rows so far)
[ad-insights] Fetching page 9... (4000 rows so far)
[ad-insights] Fetching page 10... (4500 rows so far)
[ad-insights] Fetching page 10... (4500 rows so far)
[ad-insights] Fetching page 10... (4500 rows so far)
[ad-insights] Fetching page 11... (5000 rows so far)
[ad-insights] Fetching page 11... (5000 rows so far)
[ad-insights] Fetching page 11... (5000 rows so far)
[ad-insights] Fetching page 12... (5500 rows so far)
[ad-insights] Fetching page 12... (5500 rows so far)
[ad-insights] Fetching page 12... (5500 rows so far)
[ad-insights] Fetching page 13... (6000 rows so far)
[ad-insights] Fetching page 13... (6000 rows so far)
[ad-insights] Fetching page 13... (6000 rows so far)
[ad-insights] Fetching page 14... (6500 rows so far)
[FE:ProposalGenerator] getProposals: returned 49 rows
[FE:ProposalGenerator] getProposals: returned 59 rows
[roas-tracker] Fetched 0 Meta rows, 3352 funnel rows.
[roas-tracker] Fetched 0 Meta rows, 3352 funnel rows.
[roas-tracker] Fetched 0 Meta rows, 3352 funnel rows.
[FE:ProposalGenerator] getProposals: returned 49 rows
[FE:ProposalGenerator] getProposals: returned 59 rows
[FE:ProposalGenerator] getProposals: returned 49 rows
[FE:ProposalGenerator] getProposals: returned 59 rows
[FE:ProposalGenerator] getProposals: returned 49 rows
[FE:ProposalGenerator] getProposals: returned 59 rows
[FE:ProposalGenerator] getProposals: returned 49 rows
[FE:ProposalGenerator] getProposals: returned 59 rows
[FE:Scheduler] Starting job: watcher-refresh
[FE:Watcher] Refreshing Meta prediction accuracy...
[FE:Watcher] Meta predictions: 0 processed, 300 skipped
[FE:Watcher] Refreshing Google prediction accuracy...
[FE:Watcher] Google predictions: 0 processed, 0 skipped
[FE:Watcher] Refreshing recommendation tracking...
[FE:Watcher] ci_recommendations not found: no such table: ci_recommendations
[FE:Watcher] Recommendation tracking: 0 processed
[FE:Watcher] Refreshing competitor signal accuracy...
[FE:Watcher] Competitor signals: 0 processed
[FE:Watcher] Full refresh complete: 0 records processed
[FE:Scheduler] Completed job: watcher-refresh (107ms, 1 records)
[FE:ProposalGenerator] getProposals: returned 49 rows
[FE:ProposalGenerator] getProposals: returned 59 rows
[FE:ProposalGenerator] getProposals: returned 49 rows
[FE:ProposalGenerator] getProposals: returned 59 rows
[FE:ProposalGenerator] getProposals: returned 49 rows
[FE:ProposalGenerator] getProposals: returned 59 rows
[ad-insights] Serving from memory (5012 rows)
[ad-funnel] Serving from memory (1601 rows)
[ads-status] Serving from memory cache (4500 ads)
[ad-insights] Serving from memory (5012 rows)
[ad-funnel] Serving from memory (1601 rows)
[ad-insights] Serving from memory (5012 rows)
[ad-funnel] Serving from memory (1601 rows)
[gc-ad-funnel] Serving from memory (615 rows)
[ads-status] Serving from memory cache (4500 ads)
[ads-status] Serving from memory cache (4500 ads)
[ad-insights] Serving from memory (479 rows)
[ad-funnel] Serving from memory (157 rows)
[ad-insights] Serving from memory (479 rows)
[ad-funnel] Serving from memory (157 rows)
[ad-insights] Serving from memory (479 rows)
[ad-funnel] Serving from memory (157 rows)
[FE:ProposalGenerator] getProposals: returned 49 rows
[FE:ProposalGenerator] getProposals: returned 59 rows
[FE:ProposalGenerator] getProposals: returned 49 rows
[FE:ProposalGenerator] getProposals: returned 59 rows
[roas-tracker] Starting snapshot. Only test campaign ads with go-live >= 2026-03-10
[roas-tracker] Starting snapshot. Only test campaign ads with go-live >= 2026-03-10
[ad-insights] Serving from disk (5012 rows, 300min old)
[roas-tracker] Starting snapshot. Only test campaign ads with go-live >= 2026-03-10
[ad-funnel] Serving from memory (1601 rows)
[ad-insights] Serving from memory (5012 rows)
[ad-insights] Serving from memory (5012 rows)
[ad-insights] Fetching page 1...
[ad-funnel] Running Metabase query...
[ad-funnel] Running Metabase query...
[ad-insights] Fetching page 1...
[ad-funnel] Serving from memory (1601 rows)
[gc-ad-funnel] Serving from memory (615 rows)
[ads-status] Serving from memory cache (4500 ads)
[ad-funnel] Serving from memory (1601 rows)
[ad-insights] Fetching page 1...
[ad-funnel] Running Metabase query...
[roas-tracker] Fetched 0 Meta rows, 0 funnel rows.
[roas-tracker] Fetched 0 Meta rows, 0 funnel rows.
[FE:ProposalGenerator] getProposals: returned 49 rows
[roas-tracker] Fetched 0 Meta rows, 0 funnel rows.
[FE:ProposalGenerator] getProposals: returned 59 rows
[ads-status] Serving from memory cache (4500 ads)
[ads-status] Serving from memory cache (4500 ads)
[roas-tracker] Starting snapshot. Only test campaign ads with go-live >= 2026-03-10
[Integrity] Scheduled 6-hour run starting...

============================================================
[Integrity] Running 5 data integrity tests...
============================================================
[roas-tracker] Starting snapshot. Only test campaign ads with go-live >= 2026-03-10
[roas-tracker] Starting snapshot. Only test campaign ads with go-live >= 2026-03-10
[roas-tracker] Starting snapshot. Only test campaign ads with go-live >= 2026-03-10
[ad-insights] Serving from disk (5012 rows, 360min old)
  *** [FAIL] Campaign ID extraction (69ms) — Exception: fetch failed
  *** [FAIL] Campaign ID <-> Meta API match rate (54ms) — Exception: fetch failed
  [PASS] ROAS sanity check (2ms) — 63 ads checked — ROAS values within expected ranges (avg D6: 29.3%)
  [PASS] Revenue window alignment (0ms) — 30 ads checked — all revenue windows correctly ordered (D6 <= D15 <= D30 <= D60 <= Overall)
[ad-insights] Serving from memory (5012 rows)
[ad-funnel] Serving from disk (1601 rows, 89min old)
  *** [FAIL] Adset name normalization (94ms) — Exception: fetch failed
============================================================
[Integrity] Done in 219ms — FAIL (2 pass, 3 fail, 0 warn, 0 skip)
[Integrity] *** FAILURES DETECTED — review data_integrity_results.json ***
============================================================

[ads-status] Serving from disk cache (4500 ads, 139min old)
[ad-insights] Fetching page 1...
[ad-funnel] Running Metabase query...
[ad-funnel] Serving from memory (1601 rows)
[ad-funnel] Running Metabase query...
[ad-insights] Serving from memory (5012 rows)
[ad-insights] Fetching page 1...
[ad-insights] Fetching page 1...
[ad-funnel] Running Metabase query...
[ad-insights] Serving from disk (10848 rows, 89min old)
[ad-funnel] Serving from disk (3352 rows, 80min old)
[ad-funnel] Serving from memory (1601 rows)
[gc-ad-funnel] Serving from disk (615 rows, 80min old)
[roas-tracker] Fetched 0 Meta rows, 0 funnel rows.
[roas-tracker] Fetched 0 Meta rows, 0 funnel rows.
[roas-tracker] Fetched 0 Meta rows, 0 funnel rows.
[roas-tracker] Fetched 8103 Meta rows, 3352 funnel rows.
[roas-tracker] 1712 test campaign rows → 140 ads with go-live >= 2026-03-10 (718 daily rows).
[FE:ProposalGenerator] getProposals: returned 49 rows
[FE:ProposalGenerator] getProposals: returned 59 rows
[ads-status] Serving from memory cache (4500 ads)
[ads-status] Serving from memory cache (4500 ads)
[roas-tracker] 144 creatives since 2026-03-10 (27 with funnel data).
[roas-tracker] 144 ads since 2026-03-10.
[roas-tracker] Upserted: 0 new, 144 updated. 0 need predictions.
[roas-tracker] Done. {"snapshots":144,"tracked":144,"newAds":0,"updated":144,"predicted":0}
[ads-status] Serving from memory cache (4500 ads)
[FE:ProposalGenerator] getProposals: returned 49 rows
[FE:ProposalGenerator] getProposals: returned 59 rows
[FE:ProposalGenerator] getProposals: returned 49 rows
[FE:ProposalGenerator] getProposals: returned 59 rows
[ad-insights] Serving from memory (5012 rows)
[ad-funnel] Serving from memory (1601 rows)
[ad-insights] Serving from memory (5012 rows)
[ad-funnel] Serving from memory (1601 rows)
[ad-insights] Serving from memory (5012 rows)
[ad-funnel] Serving from memory (1601 rows)
[ads-status] Serving from memory cache (4500 ads)
[gc-ad-funnel] Serving from memory (615 rows)
[FE:ProposalGenerator] getProposals: returned 49 rows
[FE:ProposalGenerator] getProposals: returned 59 rows
[ads-status] Serving from memory cache (4500 ads)
[ads-status] Serving from memory cache (4500 ads)
[ad-insights] Fetching page 1...
[ad-funnel] Serving from disk (157 rows, 99min old)
[ad-insights] Fetching page 1...
[ad-funnel] Serving from memory (157 rows)
[ad-insights] Fetching page 1...
[ad-funnel] Serving from memory (157 rows)
[ad-insights] Fetching page 1...
[ad-funnel] Serving from memory (157 rows)
[ad-insights] Fetching page 1...
[ad-funnel] Serving from memory (157 rows)
[ad-insights] Fetching page 1...
[ad-insights] Done. 1 pages, 499 total rows.
[ad-insights] Saved to disk: 499 rows
[ad-funnel] Serving from memory (157 rows)
[ad-insights] Done. 1 pages, 499 total rows.
[ad-insights] Saved to disk: 499 rows
[ad-insights] Done. 1 pages, 499 total rows.
[ad-insights] Saved to disk: 499 rows
[ad-insights] Done. 1 pages, 499 total rows.
[ad-insights] Saved to disk: 499 rows
[ad-insights] Done. 1 pages, 499 total rows.
[ad-insights] Saved to disk: 499 rows
[ad-insights] Done. 1 pages, 499 total rows.
[ad-insights] Saved to disk: 499 rows
[FE:ProposalGenerator] getProposals: returned 49 rows
[FE:ProposalGenerator] getProposals: returned 59 rows
[FE:ProposalGenerator] getProposals: returned 49 rows
[FE:ProposalGenerator] getProposals: returned 59 rows
[FE:ProposalGenerator] getProposals: returned 49 rows
[FE:ProposalGenerator] getProposals: returned 59 rows
[FE:ProposalGenerator] getProposals: returned 49 rows
[FE:ProposalGenerator] getProposals: returned 59 rows
[FE:ProposalGenerator] getProposals: returned 49 rows
[FE:ProposalGenerator] getProposals: returned 59 rows
[FE:ProposalGenerator] getProposals: returned 49 rows
[FE:ProposalGenerator] getProposals: returned 59 rows
[FE:ProposalGenerator] getProposals: returned 49 rows
[FE:ProposalGenerator] getProposals: returned 59 rows
[FE:ProposalGenerator] getProposals: returned 49 rows
[FE:ProposalGenerator] getProposals: returned 59 rows
[FE:ProposalGenerator] getProposals: returned 49 rows
[FE:ProposalGenerator] getProposals: returned 59 rows
[roas-tracker] Starting snapshot. Only test campaign ads with go-live >= 2026-03-10
[roas-tracker] Starting snapshot. Only test campaign ads with go-live >= 2026-03-10
[roas-tracker] Starting snapshot. Only test campaign ads with go-live >= 2026-03-10
[ad-insights] Serving from memory (5012 rows)
[ad-funnel] Serving from memory (1601 rows)
[ad-funnel] Running Metabase query...
[ad-insights] Fetching page 1...
[ad-insights] Serving from memory (5012 rows)
[ad-funnel] Serving from memory (1601 rows)
[ad-insights] Fetching page 1...
[ad-funnel] Running Metabase query...
[ad-insights] Fetching page 1...
[ad-funnel] Running Metabase query...
[ads-status] Serving from memory cache (4500 ads)
[ad-insights] Serving from memory (5012 rows)
[ad-funnel] Serving from memory (1601 rows)
[gc-ad-funnel] Serving from memory (615 rows)
[FE:ProposalGenerator] getProposals: returned 49 rows
[FE:ProposalGenerator] getProposals: returned 59 rows
[ads-status] Serving from memory cache (4500 ads)
[ads-status] Serving from memory cache (4500 ads)
[ad-insights] Serving from memory (499 rows)
[ad-funnel] Serving from memory (157 rows)
[ad-insights] Serving from memory (499 rows)
[ad-funnel] Serving from memory (157 rows)
[ad-insights] Serving from memory (499 rows)
[ad-funnel] Serving from memory (157 rows)
[ad-insights] Fetching page 2... (500 rows so far)
[ad-insights] Fetching page 2... (500 rows so far)
[ad-insights] Fetching page 2... (500 rows so far)
[ad-insights] Fetching page 3... (1000 rows so far)
[ad-insights] Fetching page 3... (1000 rows so far)
[ad-insights] Fetching page 3... (1000 rows so far)
[ad-insights] Fetching page 4... (1500 rows so far)
[ad-insights] Fetching page 4... (1500 rows so far)
[ad-insights] Fetching page 4... (1500 rows so far)
[ad-funnel] Done. 3359 rows returned. Truncated: false
[ad-funnel] Done. 3359 rows returned. Truncated: false
[ad-funnel] Done. 3359 rows returned. Truncated: false
[ad-insights] Fetching page 5... (2000 rows so far)
[ad-insights] Fetching page 5... (2000 rows so far)
[ad-insights] Fetching page 5... (2000 rows so far)
[ad-insights] Fetching page 6... (2500 rows so far)
[ad-insights] Fetching page 6... (2500 rows so far)
[ad-insights] Fetching page 6... (2500 rows so far)
[FE:ProposalGenerator] getProposals: returned 49 rows
[FE:ProposalGenerator] getProposals: returned 59 rows
[ad-insights] Fetching page 7... (3000 rows so far)
[ad-insights] Fetching page 7... (3000 rows so far)
[ad-insights] Fetching page 7... (3000 rows so far)
[ad-insights] Fetching page 8... (3500 rows so far)
[ad-insights] Fetching page 8... (3500 rows so far)
[ad-insights] Fetching page 8... (3500 rows so far)
[ad-insights] Fetching page 9... (4000 rows so far)
[ad-insights] Fetching page 9... (4000 rows so far)
[ad-insights] Fetching page 10... (4500 rows so far)
[ad-insights] Fetching page 9... (4000 rows so far)
[ad-insights] Fetching page 10... (4500 rows so far)
[ad-insights] Fetching page 10... (4500 rows so far)
[ad-insights] Fetching page 11... (5000 rows so far)
[ad-insights] Fetching page 11... (5000 rows so far)
[ad-insights] Fetching page 12... (5500 rows so far)
[ad-insights] Fetching page 11... (5000 rows so far)
[ad-insights] Fetching page 12... (5500 rows so far)
[ad-insights] Fetching page 13... (6000 rows so far)
[ad-insights] Fetching page 12... (5500 rows so far)
[ad-insights] Fetching page 13... (6000 rows so far)
[FE:ProposalGenerator] getProposals: returned 49 rows
[FE:ProposalGenerator] getProposals: returned 59 rows
[ad-insights] Fetching page 14... (6500 rows so far)
[ad-insights] Fetching page 13... (6000 rows so far)
[ad-insights] Fetching page 14... (6500 rows so far)
[ad-insights] Fetching page 15... (7000 rows so far)
[ad-insights] Fetching page 14... (6500 rows so far)
[ad-insights] Fetching page 15... (7000 rows so far)
[ad-insights] Fetching page 16... (7500 rows so far)
[ad-insights] Fetching page 15... (7000 rows so far)
[ad-insights] Fetching page 16... (7500 rows so far)
[ad-insights] Fetching page 16... (7500 rows so far)
[ad-insights] Fetching page 17... (8000 rows so far)
[ad-insights] Fetching page 17... (8000 rows so far)
[ad-insights] Fetching page 18... (8500 rows so far)
[ad-insights] Fetching page 17... (8000 rows so far)
[ad-insights] Fetching page 18... (8500 rows so far)
[FE:ProposalGenerator] getProposals: returned 49 rows
[FE:ProposalGenerator] getProposals: returned 59 rows
[ad-insights] Fetching page 18... (8500 rows so far)
[ad-insights] Fetching page 19... (9000 rows so far)
[ad-insights] Fetching page 19... (9000 rows so far)
[ad-insights] Fetching page 20... (9500 rows so far)
[ad-insights] Fetching page 19... (9000 rows so far)
[ad-insights] Fetching page 20... (9500 rows so far)
[ad-insights] Fetching page 21... (10000 rows so far)
[ad-insights] Fetching page 20... (9500 rows so far)
[ad-insights] Fetching page 21... (10000 rows so far)
[ad-insights] Fetching page 22... (10500 rows so far)
[ad-insights] Fetching page 21... (10000 rows so far)
[ad-insights] Fetching page 22... (10500 rows so far)
[ad-insights] Done. 22 pages, 10858 total rows.
[ad-insights] Saved to disk: 10858 rows
[roas-tracker] Fetched 8110 Meta rows, 3359 funnel rows.
[roas-tracker] 1717 test campaign rows → 145 ads with go-live >= 2026-03-10 (723 daily rows).
[ads-status] Serving from memory cache (4500 ads)
[roas-tracker] 149 creatives since 2026-03-10 (27 with funnel data).
[roas-tracker] 149 ads since 2026-03-10.
[roas-tracker] Upserted: 5 new, 144 updated. 5 need predictions.
[ad-insights] Done. 22 pages, 10858 total rows.
[ad-insights] Saved to disk: 10858 rows
[roas-tracker] Fetched 8110 Meta rows, 3359 funnel rows.
[roas-tracker] 1717 test campaign rows → 145 ads with go-live >= 2026-03-10 (723 daily rows).
[ads-status] Serving from memory cache (4500 ads)
[roas-tracker] 149 creatives since 2026-03-10 (27 with funnel data).
[roas-tracker] 149 ads since 2026-03-10.
[roas-tracker] Upserted: 0 new, 149 updated. 5 need predictions.
[predictor] AI prediction for FB_MOF_Video_Uncle_V2_060426: D6=18.5%, D30=22.4% (10 similar ads, market: neutral)
[ad-insights] Fetching page 22... (10500 rows so far)
[predictor] AI prediction for FB_MOF_Video_Uncle_V2_060426: D6=18.5%, D30=22.4% (10 similar ads, market: neutral)
[predictor] AI prediction for FB_MOF_Video_Yash-Ripal-CCTV_V0_060426: D6=14.8%, D30=18.6% (10 similar ads, market: neutral)
[predictor] AI prediction for FB_MOF_Video_Yash-Ripal-CCTV_V0_060426: D6=18.5%, D30=22.0% (10 similar ads, market: neutral)
[predictor] AI prediction for FB_MOF_Video_Telegram_V1_060426: D6=11.2%, D30=15.8% (10 similar ads, market: neutral)
[predictor] AI prediction for FB_MOF_Video_Telegram_V1_060426: D6=11.8%, D30=16.1% (10 similar ads, market: neutral)
[predictor] AI prediction for FB_MOF_Video_Metro_V0_060426: D6=11.2%, D30=17.6% (10 similar ads, market: neutral)
[predictor] AI prediction for FB_MOF_Video_Metro_V0_060426: D6=11.8%, D30=17.4% (10 similar ads, market: neutral)
[predictor] AI prediction for FB_MOF_Video_Pranit-Jane-Street_V0_060426: D6=5.8%, D30=10.6% (10 similar ads, market: neutral)
[roas-tracker] Done. {"snapshots":149,"tracked":149,"newAds":5,"updated":144,"predicted":5}
[ad-insights] Done. 22 pages, 10858 total rows.
[ad-insights] Saved to disk: 10858 rows
[roas-tracker] Fetched 8110 Meta rows, 3359 funnel rows.
[roas-tracker] 1717 test campaign rows → 145 ads with go-live >= 2026-03-10 (723 daily rows).
[ads-status] Serving from memory cache (4500 ads)
[roas-tracker] 149 creatives since 2026-03-10 (27 with funnel data).
[roas-tracker] 149 ads since 2026-03-10.
[roas-tracker] Upserted: 0 new, 149 updated. 0 need predictions.
[roas-tracker] Done. {"snapshots":149,"tracked":149,"newAds":0,"updated":149,"predicted":0}
[FE:ProposalGenerator] getProposals: returned 49 rows
[FE:ProposalGenerator] getProposals: returned 59 rows
[predictor] AI prediction for FB_MOF_Video_Pranit-Jane-Street_V0_060426: D6=7.8%, D30=13.4% (10 similar ads, market: neutral)
[roas-tracker] Done. {"snapshots":149,"tracked":149,"newAds":0,"updated":149,"predicted":5}
[predictor] AI prediction for FB_MOF_Video_Uncle_V2_060426: D6=18.4%, D30=21.7% (10 similar ads, market: neutral)
[predictor] AI prediction for FB_MOF_Video_Uncle_V2_060426: D6=18.5%, D30=22.4% (10 similar ads, market: neutral)
[predictor] AI prediction for FB_MOF_Video_Uncle_V2_060426: D6=18.5%, D30=23.0% (10 similar ads, market: neutral)
[predictor] AI prediction for FB_MOF_Video_Yash-Ripal-CCTV_V0_060426: D6=18.4%, D30=22.1% (10 similar ads, market: neutral)
[predictor] AI prediction for FB_MOF_Video_Telegram_V1_060426: D6=8.4%, D30=13.8% (10 similar ads, market: neutral)
[predictor] AI prediction for FB_MOF_Video_Telegram_V1_060426: D6=8.4%, D30=13.8% (10 similar ads, market: neutral)
[predictor] AI prediction for FB_MOF_Video_Telegram_V1_060426: D6=8.9%, D30=15.6% (10 similar ads, market: neutral)
[predictor] AI prediction for FB_MOF_Video_Metro_V0_060426: D6=8.4%, D30=13.8% (10 similar ads, market: neutral)
[predictor] AI prediction for FB_MOF_Video_Metro_V0_060426: D6=8.6%, D30=15.8% (10 similar ads, market: neutral)
[predictor] AI prediction for FB_MOF_Video_Metro_V0_060426: D6=9.8%, D30=15.9% (10 similar ads, market: neutral)
[predictor] AI prediction for FB_MOF_Video_Pranit-Jane-Street_V0_060426: D6=4.8%, D30=6.8% (10 similar ads, market: neutral)
[predictor] AI prediction for FB_MOF_Video_Pranit-Jane-Street_V0_060426: D6=6.2%, D30=10.1% (10 similar ads, market: neutral)
[predictor] AI prediction for FB_MOF_Video_Pranit-Jane-Street_V0_060426: D6=4.8%, D30=7.0% (10 similar ads, market: neutral)
[FE:ProposalGenerator] getProposals: returned 49 rows
[FE:ProposalGenerator] getProposals: returned 59 rows
[FE:ProposalGenerator] getProposals: returned 49 rows
[FE:ProposalGenerator] getProposals: returned 59 rows
[FE:ProposalGenerator] getProposals: returned 49 rows
[FE:ProposalGenerator] getProposals: returned 59 rows
[FE:ProposalGenerator] getProposals: returned 49 rows
[FE:ProposalGenerator] getProposals: returned 59 rows
[FE:ProposalGenerator] getProposals: returned 49 rows
[FE:ProposalGenerator] getProposals: returned 59 rows
[ad-insights] Serving from memory (5012 rows)
[ad-funnel] Serving from memory (1601 rows)
[ad-insights] Serving from memory (5012 rows)
[ad-funnel] Serving from memory (1601 rows)
[ad-insights] Serving from memory (5012 rows)
[ad-funnel] Serving from memory (1601 rows)
[ads-status] Serving from memory cache (4500 ads)
[gc-ad-funnel] Serving from memory (615 rows)
[FE:ProposalGenerator] getProposals: returned 49 rows
[FE:ProposalGenerator] getProposals: returned 59 rows
[ads-status] Serving from memory cache (4500 ads)
[ads-status] Serving from memory cache (4500 ads)
[ad-insights] Serving from memory (499 rows)
[ad-funnel] Serving from memory (157 rows)
[ad-insights] Serving from memory (499 rows)
[ad-funnel] Serving from memory (157 rows)
[ad-insights] Serving from memory (499 rows)
[ad-funnel] Serving from memory (157 rows)
[FE:ProposalGenerator] getProposals: returned 49 rows
[FE:ProposalGenerator] getProposals: returned 59 rows
[FE:ProposalGenerator] getProposals: returned 49 rows
[FE:ProposalGenerator] getProposals: returned 59 rows
[FE:ProposalGenerator] getProposals: returned 49 rows
[FE:ProposalGenerator] getProposals: returned 59 rows
[FE:ProposalGenerator] getProposals: returned 49 rows
[FE:ProposalGenerator] getProposals: returned 59 rows
[FE:ProposalGenerator] getProposals: returned 49 rows
[FE:ProposalGenerator] getProposals: returned 59 rows
[FE:ProposalGenerator] getProposals: returned 49 rows
[FE:ProposalGenerator] getProposals: returned 59 rows
[FE:ProposalGenerator] getProposals: returned 49 rows
[FE:ProposalGenerator] getProposals: returned 59 rows
[FE:ProposalGenerator] getProposals: returned 49 rows
[FE:ProposalGenerator] getProposals: returned 59 rows
[FE:ProposalGenerator] getProposals: returned 49 rows
[FE:ProposalGenerator] getProposals: returned 59 rows
[roas-tracker] Starting snapshot. Only test campaign ads with go-live >= 2026-03-10
[roas-tracker] Starting snapshot. Only test campaign ads with go-live >= 2026-03-10
[ad-insights] Fetching page 1...
[roas-tracker] Starting snapshot. Only test campaign ads with go-live >= 2026-03-10
[ad-insights] Fetching page 1...
[ad-funnel] Running Metabase query...
[ad-insights] Fetching page 1...
[ad-funnel] Running Metabase query...
[ad-funnel] Running Metabase query...
[ad-insights] Fetching page 1...
[ad-insights] Fetching page 1...
[ad-funnel] Running Metabase query...
[ad-insights] Fetching page 2... (500 rows so far)
[ad-insights] Fetching page 2... (500 rows so far)
[ad-insights] Fetching page 2... (500 rows so far)
[ad-insights] Fetching page 2... (500 rows so far)
[ad-insights] Fetching page 2... (500 rows so far)
[ad-insights] Fetching page 3... (1000 rows so far)
[ad-insights] Fetching page 3... (1000 rows so far)
[ad-insights] Fetching page 3... (1000 rows so far)
[ad-insights] Fetching page 3... (1000 rows so far)
[ad-insights] Fetching page 3... (1000 rows so far)
[ad-insights] Fetching page 4... (1500 rows so far)
[ad-insights] Fetching page 4... (1500 rows so far)
[ad-insights] Fetching page 4... (1500 rows so far)
[ad-insights] Fetching page 4... (1500 rows so far)
[ad-insights] Fetching page 4... (1500 rows so far)
[ad-insights] Fetching page 5... (2000 rows so far)
[ad-insights] Fetching page 5... (2000 rows so far)
[ad-insights] Fetching page 5... (2000 rows so far)
[ad-insights] Fetching page 5... (2000 rows so far)
[ad-insights] Fetching page 5... (2000 rows so far)
[ad-funnel] Done. 1601 rows returned. Truncated: false
[ads-status] Serving from memory cache (4500 ads)
[ad-funnel] Serving from memory (1601 rows)
[ad-insights] Fetching page 1...
[ad-insights] Fetching page 6... (2500 rows so far)
[ad-insights] Fetching page 6... (2500 rows so far)
[ad-funnel] Done. 3359 rows returned. Truncated: false
[ad-funnel] Done. 3359 rows returned. Truncated: false
[ad-funnel] Done. 3359 rows returned. Truncated: false
[ad-insights] Fetching page 6... (2500 rows so far)
[ad-insights] Fetching page 7... (3000 rows so far)
[ad-insights] Fetching page 2... (500 rows so far)
[ad-insights] Fetching page 6... (2500 rows so far)
[ad-insights] Fetching page 7... (3000 rows so far)
[ad-insights] Fetching page 6... (2500 rows so far)
[ad-insights] Fetching page 7... (3000 rows so far)
[ad-insights] Fetching page 3... (1000 rows so far)
[ad-insights] Fetching page 8... (3500 rows so far)
[ad-insights] Fetching page 8... (3500 rows so far)
[ad-insights] Fetching page 7... (3000 rows so far)
[ad-insights] Fetching page 7... (3000 rows so far)
[ad-insights] Fetching page 8... (3500 rows so far)
[ad-insights] Fetching page 4... (1500 rows so far)
[ad-insights] Fetching page 8... (3500 rows so far)
[ad-insights] Fetching page 9... (4000 rows so far)
[ad-insights] Fetching page 8... (3500 rows so far)
[ad-insights] Fetching page 9... (4000 rows so far)
[ad-insights] Fetching page 9... (4000 rows so far)
[ad-insights] Fetching page 9... (4000 rows so far)
[ad-insights] Fetching page 10... (4500 rows so far)
[ad-insights] Fetching page 5... (2000 rows so far)
[ad-insights] Fetching page 9... (4000 rows so far)
[ad-insights] Fetching page 10... (4500 rows so far)
[ad-insights] Fetching page 10... (4500 rows so far)
[ad-insights] Fetching page 6... (2500 rows so far)
[ad-insights] Fetching page 10... (4500 rows so far)
[ad-insights] Fetching page 10... (4500 rows so far)
[ad-insights] Fetching page 11... (5000 rows so far)
[ad-insights] Done. 11 pages, 5012 total rows.
[ad-insights] Saved to disk: 5012 rows
[ad-funnel] Serving from memory (1601 rows)
[gc-ad-funnel] Running Metabase query...
[ad-insights] Fetching page 11... (5000 rows so far)
[ad-insights] Fetching page 11... (5000 rows so far)
[ad-insights] Fetching page 7... (3000 rows so far)
[ad-insights] Fetching page 11... (5000 rows so far)
[ad-insights] Fetching page 11... (5000 rows so far)
[ad-insights] Done. 11 pages, 5012 total rows.
[ad-insights] Saved to disk: 5012 rows
[ad-insights] Fetching page 12... (5500 rows so far)
[FE:ProposalGenerator] getProposals: returned 49 rows
[FE:ProposalGenerator] getProposals: returned 59 rows
[ad-insights] Serving from disk (499 rows, 32min old)
[ad-funnel] Running Metabase query...
[ad-insights] Fetching page 12... (5500 rows so far)
[ad-insights] Fetching page 12... (5500 rows so far)
[ad-insights] Fetching page 8... (3500 rows so far)
[ad-insights] Fetching page 13... (6000 rows so far)
[ad-insights] Fetching page 13... (6000 rows so far)
[ad-insights] Fetching page 13... (6000 rows so far)
[ad-insights] Fetching page 9... (4000 rows so far)
[ad-insights] Fetching page 14... (6500 rows so far)
[ad-insights] Fetching page 14... (6500 rows so far)
[gc-ad-funnel] Done. 616 rows returned. Truncated: false
[ad-insights] Serving from memory (499 rows)
[ad-funnel] Running Metabase query...
[ad-funnel] Done. 164 rows returned. Truncated: false
[ad-insights] Serving from memory (499 rows)
[ad-funnel] Serving from memory (164 rows)
[ads-status] Serving from memory cache (4500 ads)
[ads-status] Serving from memory cache (4500 ads)
[ad-insights] Serving from memory (499 rows)
[ad-funnel] Serving from memory (164 rows)
[FE:ProposalGenerator] getProposals: returned 49 rows
[FE:ProposalGenerator] getProposals: returned 59 rows
[FE:ProposalGenerator] getProposals: returned 49 rows
[FE:ProposalGenerator] getProposals: returned 59 rows
[ad-insights] Fetching page 10... (4500 rows so far)
[ad-insights] Serving from memory (499 rows)
[ad-funnel] Serving from memory (164 rows)
[ad-insights] Fetching page 15... (7000 rows so far)
[ad-insights] Fetching page 14... (6500 rows so far)
[ad-insights] Fetching page 15... (7000 rows so far)
[ad-insights] Fetching page 11... (5000 rows so far)
[ad-insights] Fetching page 15... (7000 rows so far)
[ad-insights] Fetching page 16... (7500 rows so far)
[ad-insights] Done. 11 pages, 5012 total rows.
[ad-insights] Saved to disk: 5012 rows
[ad-insights] Serving from memory (499 rows)
[ad-funnel] Serving from memory (164 rows)
[ad-insights] Fetching page 16... (7500 rows so far)
[ad-funnel] Done. 164 rows returned. Truncated: false
[ad-insights] Fetching page 16... (7500 rows so far)
[ad-insights] Fetching page 17... (8000 rows so far)
[ad-insights] Fetching page 17... (8000 rows so far)
[ad-insights] Fetching page 18... (8500 rows so far)
[ad-insights] Fetching page 17... (8000 rows so far)
[ad-insights] Fetching page 18... (8500 rows so far)
[FE:ProposalGenerator] getProposals: returned 49 rows
[FE:ProposalGenerator] getProposals: returned 59 rows
[ad-insights] Fetching page 19... (9000 rows so far)
[ad-insights] Fetching page 18... (8500 rows so far)
[ad-insights] Fetching page 19... (9000 rows so far)
[ad-insights] Fetching page 20... (9500 rows so far)
[ad-insights] Fetching page 19... (9000 rows so far)
[ad-insights] Fetching page 20... (9500 rows so far)
[ad-insights] Fetching page 21... (10000 rows so far)
[ad-insights] Fetching page 20... (9500 rows so far)
[ad-insights] Fetching page 21... (10000 rows so far)
[ad-insights] Fetching page 22... (10500 rows so far)
[ad-insights] Fetching page 21... (10000 rows so far)
[ad-insights] Fetching page 22... (10500 rows so far)
[ad-insights] Done. 22 pages, 10858 total rows.
[ad-insights] Saved to disk: 10858 rows
[roas-tracker] Fetched 8110 Meta rows, 3359 funnel rows.
[roas-tracker] 1717 test campaign rows → 145 ads with go-live >= 2026-03-10 (723 daily rows).
[ads-status] Serving from memory cache (4500 ads)
[roas-tracker] 149 creatives since 2026-03-10 (27 with funnel data).
[roas-tracker] 149 ads since 2026-03-10.
[roas-tracker] Upserted: 0 new, 149 updated. 0 need predictions.
[roas-tracker] Done. {"snapshots":149,"tracked":149,"newAds":0,"updated":149,"predicted":0}
[ad-insights] Done. 22 pages, 10858 total rows.
[ad-insights] Saved to disk: 10858 rows
[roas-tracker] Fetched 8110 Meta rows, 3359 funnel rows.
[roas-tracker] 1717 test campaign rows → 145 ads with go-live >= 2026-03-10 (723 daily rows).
[ads-status] Serving from memory cache (4500 ads)
[roas-tracker] 149 creatives since 2026-03-10 (27 with funnel data).
[roas-tracker] 149 ads since 2026-03-10.
[roas-tracker] Upserted: 0 new, 149 updated. 0 need predictions.
[roas-tracker] Done. {"snapshots":149,"tracked":149,"newAds":0,"updated":149,"predicted":0}
[ad-insights] Fetching page 22... (10500 rows so far)
[FE:ProposalGenerator] getProposals: returned 49 rows
[FE:ProposalGenerator] getProposals: returned 59 rows
[ad-insights] Done. 22 pages, 10858 total rows.
[ad-insights] Saved to disk: 10858 rows
[roas-tracker] Fetched 8110 Meta rows, 3359 funnel rows.
[roas-tracker] 1717 test campaign rows → 145 ads with go-live >= 2026-03-10 (723 daily rows).
[ads-status] Serving from memory cache (4500 ads)
[roas-tracker] 149 creatives since 2026-03-10 (27 with funnel data).
[roas-tracker] 149 ads since 2026-03-10.
[roas-tracker] Upserted: 0 new, 149 updated. 0 need predictions.
[roas-tracker] Done. {"snapshots":149,"tracked":149,"newAds":0,"updated":149,"predicted":0}
[FE:ProposalGenerator] getProposals: returned 49 rows
[FE:ProposalGenerator] getProposals: returned 59 rows
[FE:ProposalGenerator] getProposals: returned 49 rows
[FE:ProposalGenerator] getProposals: returned 59 rows
[FE:Scheduler] Starting job: watcher-refresh
[FE:Watcher] Refreshing Meta prediction accuracy...
[FE:Watcher] Meta predictions: 10 processed, 300 skipped
[FE:Watcher] Refreshing Google prediction accuracy...
[FE:Watcher] Google predictions: 0 processed, 0 skipped
[FE:Watcher] Refreshing recommendation tracking...
[FE:Watcher] ci_recommendations not found: no such table: ci_recommendations
[FE:Watcher] Recommendation tracking: 0 processed
[FE:Watcher] Refreshing competitor signal accuracy...
[FE:Watcher] Competitor signals: 0 processed
[FE:Watcher] Full refresh complete: 10 records processed
[FE:Scheduler] Completed job: watcher-refresh (204ms, 1 records)
[FE:ProposalGenerator] getProposals: returned 49 rows
[FE:ProposalGenerator] getProposals: returned 59 rows
[FE:ProposalGenerator] getProposals: returned 49 rows
[FE:ProposalGenerator] getProposals: returned 59 rows
[FE:ProposalGenerator] getProposals: returned 49 rows
[FE:ProposalGenerator] getProposals: returned 59 rows
[ad-insights] Serving from memory (5012 rows)
[ad-funnel] Serving from memory (1601 rows)
[ad-insights] Serving from memory (5012 rows)
[ad-funnel] Serving from memory (1601 rows)
[ad-insights] Serving from memory (5012 rows)
[ad-funnel] Serving from memory (1601 rows)
[gc-ad-funnel] Serving from memory (616 rows)
[ads-status] Serving from memory cache (4500 ads)
[FE:ProposalGenerator] getProposals: returned 49 rows
[FE:ProposalGenerator] getProposals: returned 59 rows
[ads-status] Serving from memory cache (4500 ads)
[ads-status] Serving from memory cache (4500 ads)
[ad-insights] Serving from memory (499 rows)
[ad-funnel] Serving from memory (164 rows)
[ad-insights] Serving from memory (499 rows)
[ad-funnel] Serving from memory (164 rows)
[ad-insights] Serving from memory (499 rows)
[ad-funnel] Serving from memory (164 rows)
[FE:ProposalGenerator] getProposals: returned 49 rows
[FE:ProposalGenerator] getProposals: returned 59 rows
[FE:ProposalGenerator] getProposals: returned 49 rows
[FE:ProposalGenerator] getProposals: returned 59 rows
[FE:ProposalGenerator] getProposals: returned 49 rows
[FE:ProposalGenerator] getProposals: returned 59 rows
[FE:ProposalGenerator] getProposals: returned 49 rows
[FE:ProposalGenerator] getProposals: returned 59 rows
[roas-tracker] Starting snapshot. Only test campaign ads with go-live >= 2026-03-10
[roas-tracker] Starting snapshot. Only test campaign ads with go-live >= 2026-03-10
[roas-tracker] Starting snapshot. Only test campaign ads with go-live >= 2026-03-10
[FE:ProposalGenerator] getProposals: returned 49 rows
[ad-insights] Fetching page 1...
[ad-funnel] Running Metabase query...
[ad-insights] Fetching page 1...
[ad-funnel] Running Metabase query...
[ad-insights] Fetching page 1...
[ad-funnel] Running Metabase query...
[FE:ProposalGenerator] getProposals: returned 59 rows
[ad-insights] Fetching page 2... (500 rows so far)
[ad-insights] Fetching page 2... (500 rows so far)
[ad-insights] Fetching page 2... (500 rows so far)
[ad-insights] Fetching page 3... (1000 rows so far)
[ad-insights] Fetching page 3... (1000 rows so far)
[ad-insights] Fetching page 3... (1000 rows so far)
[ad-funnel] Done. 3360 rows returned. Truncated: false
[ad-insights] Fetching page 4... (1500 rows so far)
[ad-insights] Fetching page 4... (1500 rows so far)
[ad-funnel] Done. 3360 rows returned. Truncated: false
[ad-funnel] Done. 3360 rows returned. Truncated: false
[ad-insights] Fetching page 4... (1500 rows so far)
[ad-insights] Fetching page 5... (2000 rows so far)
[ad-insights] Fetching page 5... (2000 rows so far)
[ad-insights] Fetching page 5... (2000 rows so far)
[ad-insights] Fetching page 6... (2500 rows so far)
[ad-insights] Fetching page 6... (2500 rows so far)
[ad-insights] Fetching page 6... (2500 rows so far)
[FE:ProposalGenerator] getProposals: returned 49 rows
[FE:ProposalGenerator] getProposals: returned 59 rows
[ad-insights] Fetching page 7... (3000 rows so far)
[ad-insights] Fetching page 7... (3000 rows so far)
[ad-insights] Fetching page 7... (3000 rows so far)
[ad-insights] Fetching page 8... (3500 rows so far)
[ad-insights] Fetching page 8... (3500 rows so far)
[ad-insights] Fetching page 8... (3500 rows so far)
[ad-insights] Fetching page 9... (4000 rows so far)
[ad-insights] Fetching page 9... (4000 rows so far)
[ad-insights] Fetching page 9... (4000 rows so far)
[ad-insights] Fetching page 10... (4500 rows so far)
[ad-insights] Fetching page 10... (4500 rows so far)
[ad-insights] Fetching page 10... (4500 rows so far)
[ad-insights] Fetching page 11... (5000 rows so far)
[ad-insights] Fetching page 11... (5000 rows so far)
[ad-insights] Fetching page 11... (5000 rows so far)
[ad-insights] Fetching page 12... (5500 rows so far)
[ad-insights] Fetching page 12... (5500 rows so far)
[FE:ProposalGenerator] getProposals: returned 49 rows
[FE:ProposalGenerator] getProposals: returned 59 rows
[ad-insights] Fetching page 13... (6000 rows so far)
[ad-insights] Fetching page 12... (5500 rows so far)
[ad-insights] Fetching page 13... (6000 rows so far)
[ad-insights] Fetching page 13... (6000 rows so far)
[ad-insights] Fetching page 14... (6500 rows so far)
[ad-insights] Fetching page 14... (6500 rows so far)
[ad-insights] Fetching page 14... (6500 rows so far)
[ad-insights] Fetching page 15... (7000 rows so far)
[ad-insights] Fetching page 15... (7000 rows so far)
[ad-insights] Fetching page 16... (7500 rows so far)
[ad-insights] Fetching page 15... (7000 rows so far)
[ad-insights] Fetching page 16... (7500 rows so far)
[ad-insights] Fetching page 17... (8000 rows so far)
[ad-insights] Fetching page 17... (8000 rows so far)
[ad-insights] Fetching page 18... (8500 rows so far)
[ad-insights] Fetching page 16... (7500 rows so far)
[FE:ProposalGenerator] getProposals: returned 49 rows
[FE:ProposalGenerator] getProposals: returned 59 rows
[ad-insights] Fetching page 18... (8500 rows so far)
[ad-insights] Fetching page 17... (8000 rows so far)
[ad-insights] Fetching page 19... (9000 rows so far)
[ad-insights] Fetching page 19... (9000 rows so far)
[ad-insights] Fetching page 20... (9500 rows so far)
[ad-insights] Fetching page 18... (8500 rows so far)
[ad-insights] Fetching page 20... (9500 rows so far)
[ad-insights] Fetching page 21... (10000 rows so far)
[ad-insights] Fetching page 19... (9000 rows so far)
[ad-insights] Fetching page 21... (10000 rows so far)
[ad-insights] Fetching page 22... (10500 rows so far)
[ad-insights] Fetching page 20... (9500 rows so far)
[ad-insights] Done. 22 pages, 10858 total rows.
[ad-insights] Saved to disk: 10858 rows
[roas-tracker] Fetched 8110 Meta rows, 3360 funnel rows.
[roas-tracker] 1717 test campaign rows → 145 ads with go-live >= 2026-03-10 (723 daily rows).
[ads-status] Serving from memory cache (4500 ads)
[roas-tracker] 149 creatives since 2026-03-10 (27 with funnel data).
[roas-tracker] 149 ads since 2026-03-10.
[roas-tracker] Upserted: 0 new, 149 updated. 0 need predictions.
[roas-tracker] Done. {"snapshots":149,"tracked":149,"newAds":0,"updated":149,"predicted":0}
[ad-insights] Fetching page 22... (10500 rows so far)
[FE:ProposalGenerator] getProposals: returned 49 rows
[FE:ProposalGenerator] getProposals: returned 59 rows
[ad-insights] Fetching page 21... (10000 rows so far)
[ad-insights] Done. 22 pages, 10858 total rows.
[ad-insights] Saved to disk: 10858 rows
[roas-tracker] Fetched 8110 Meta rows, 3360 funnel rows.
[roas-tracker] 1717 test campaign rows → 145 ads with go-live >= 2026-03-10 (723 daily rows).
[ads-status] Serving from memory cache (4500 ads)
[roas-tracker] 149 creatives since 2026-03-10 (27 with funnel data).
[roas-tracker] 149 ads since 2026-03-10.
[roas-tracker] Upserted: 0 new, 149 updated. 0 need predictions.
[roas-tracker] Done. {"snapshots":149,"tracked":149,"newAds":0,"updated":149,"predicted":0}
[ad-insights] Fetching page 22... (10500 rows so far)
[ad-insights] Done. 22 pages, 10858 total rows.
[ad-insights] Saved to disk: 10858 rows
[roas-tracker] Fetched 8110 Meta rows, 3360 funnel rows.
[roas-tracker] 1717 test campaign rows → 145 ads with go-live >= 2026-03-10 (723 daily rows).
[ads-status] Serving from memory cache (4500 ads)
[roas-tracker] 149 creatives since 2026-03-10 (27 with funnel data).
[roas-tracker] 149 ads since 2026-03-10.
[roas-tracker] Upserted: 0 new, 149 updated. 0 need predictions.
[roas-tracker] Done. {"snapshots":149,"tracked":149,"newAds":0,"updated":149,"predicted":0}
[ad-insights] Serving from memory (5012 rows)
[ad-insights] Serving from memory (5012 rows)
[ad-funnel] Serving from memory (1601 rows)
[ad-funnel] Serving from memory (1601 rows)
[ad-insights] Serving from memory (5012 rows)
[ad-funnel] Serving from memory (1601 rows)
[gc-ad-funnel] Serving from memory (616 rows)
[ads-status] Serving from memory cache (4500 ads)
[FE:ProposalGenerator] getProposals: returned 49 rows
[FE:ProposalGenerator] getProposals: returned 59 rows
[ads-status] Serving from memory cache (4500 ads)
[ads-status] Serving from memory cache (4500 ads)
[ad-insights] Serving from memory (499 rows)
[ad-funnel] Serving from memory (164 rows)
[ad-insights] Serving from memory (499 rows)
[ad-funnel] Serving from memory (164 rows)
[ad-insights] Serving from memory (499 rows)
[ad-funnel] Serving from memory (164 rows)
[roas-tracker] Starting snapshot. Only test campaign ads with go-live >= 2026-03-10
[ad-funnel] Serving from memory (3360 rows)
[ad-insights] Serving from memory (10858 rows)
[roas-tracker] Fetched 8110 Meta rows, 3360 funnel rows.
[roas-tracker] 1717 test campaign rows → 145 ads with go-live >= 2026-03-10 (723 daily rows).
[ads-status] Serving from disk cache (4500 ads, 199min old)
[roas-tracker] 149 creatives since 2026-03-10 (27 with funnel data).
[roas-tracker] 149 ads since 2026-03-10.
[roas-tracker] Upserted: 0 new, 149 updated. 0 need predictions.
[roas-tracker] Done. {"snapshots":149,"tracked":149,"newAds":0,"updated":149,"predicted":0}
[FE:ProposalGenerator] getProposals: returned 49 rows
[FE:ProposalGenerator] getProposals: returned 59 rows
[FE:Scheduler] Starting job: data-quality-check
[FE:DataQuality] Running audit (2026-03-07 -> 2026-04-06, forceFresh=false)
[ad-insights] Serving from disk (12044 rows, 236min old)
[ad-funnel] Running Metabase query...
[gc-ad-funnel] Serving from memory (616 rows)
[ads-status] Serving from memory cache (4500 ads)
[FE:ProposalGenerator] getProposals: returned 49 rows
[FE:ProposalGenerator] getProposals: returned 59 rows
[ad-funnel] Done. 3715 rows returned. Truncated: false
[FE:DataQuality] Audit complete. status=FAIL findings=14
[FE:Scheduler] Completed job: data-quality-check (38323ms, 14 records)
[FE:ProposalGenerator] getProposals: returned 49 rows
[FE:ProposalGenerator] getProposals: returned 59 rows
[FE:ProposalGenerator] getProposals: returned 49 rows
[FE:ProposalGenerator] getProposals: returned 59 rows
[FE:ProposalGenerator] getProposals: returned 49 rows
[FE:ProposalGenerator] getProposals: returned 59 rows
[FE:ProposalGenerator] getProposals: returned 49 rows
[FE:ProposalGenerator] getProposals: returned 59 rows
[FE:ProposalGenerator] getProposals: returned 49 rows
[FE:ProposalGenerator] getProposals: returned 59 rows
[FE:ProposalGenerator] getProposals: returned 49 rows
[FE:ProposalGenerator] getProposals: returned 59 rows
[FE:ProposalGenerator] getProposals: returned 49 rows
[FE:ProposalGenerator] getProposals: returned 59 rows
[ad-insights] Serving from memory (5012 rows)
[ad-funnel] Serving from memory (1601 rows)
[ad-insights] Serving from memory (5012 rows)
[ad-funnel] Serving from memory (1601 rows)
[ad-insights] Serving from memory (5012 rows)
[ad-funnel] Serving from memory (1601 rows)
[ads-status] Serving from memory cache (4500 ads)
[gc-ad-funnel] Serving from memory (616 rows)
[FE:ProposalGenerator] getProposals: returned 49 rows
[FE:ProposalGenerator] getProposals: returned 59 rows
[ads-status] Serving from memory cache (4500 ads)
[ads-status] Serving from memory cache (4500 ads)
[ad-insights] Serving from memory (499 rows)
[ad-funnel] Serving from memory (164 rows)
[ad-insights] Serving from memory (499 rows)
[ad-funnel] Serving from memory (164 rows)
[ad-insights] Serving from memory (499 rows)
[ad-funnel] Serving from memory (164 rows)
[ad-insights] Serving from memory (499 rows)
[ad-funnel] Serving from memory (164 rows)
[ad-insights] Serving from memory (499 rows)
[ad-funnel] Serving from memory (164 rows)
[ad-insights] Serving from memory (499 rows)
[ad-funnel] Serving from memory (164 rows)
[FE:ProposalGenerator] getProposals: returned 49 rows
[FE:ProposalGenerator] getProposals: returned 59 rows
[FE:ProposalGenerator] getProposals: returned 49 rows
[FE:ProposalGenerator] getProposals: returned 59 rows
[FE:ProposalGenerator] getProposals: returned 49 rows
[FE:ProposalGenerator] getProposals: returned 59 rows
[FE:ProposalGenerator] getProposals: returned 49 rows
[FE:ProposalGenerator] getProposals: returned 59 rows
[roas-tracker] Starting snapshot. Only test campaign ads with go-live >= 2026-03-10
[roas-tracker] Starting snapshot. Only test campaign ads with go-live >= 2026-03-10
[roas-tracker] Starting snapshot. Only test campaign ads with go-live >= 2026-03-10
[FE:ProposalGenerator] getProposals: returned 49 rows
[ad-funnel] Running Metabase query...
[ad-insights] Fetching page 1...
[ad-insights] Fetching page 1...
[ad-funnel] Running Metabase query...
[ad-funnel] Running Metabase query...
[ad-insights] Fetching page 1...
[FE:ProposalGenerator] getProposals: returned 59 rows
[ad-insights] Fetching page 2... (500 rows so far)
[ad-insights] Fetching page 2... (500 rows so far)
[ad-insights] Fetching page 2... (500 rows so far)
[ad-insights] Fetching page 3... (1000 rows so far)
[ad-insights] Fetching page 3... (1000 rows so far)
[ad-insights] Fetching page 3... (1000 rows so far)
[ad-funnel] Done. 3361 rows returned. Truncated: false
[ad-funnel] Done. 3361 rows returned. Truncated: false
[ad-insights] Fetching page 4... (1500 rows so far)
[ad-insights] Fetching page 4... (1500 rows so far)
[ad-insights] Fetching page 4... (1500 rows so far)
[ad-funnel] Done. 3361 rows returned. Truncated: false
[ad-insights] Fetching page 5... (2000 rows so far)
[ad-insights] Fetching page 5... (2000 rows so far)
[ad-insights] Fetching page 5... (2000 rows so far)
[ad-insights] Fetching page 6... (2500 rows so far)
[ad-insights] Fetching page 6... (2500 rows so far)
[ad-insights] Fetching page 6... (2500 rows so far)
[FE:ProposalGenerator] getProposals: returned 49 rows
[FE:ProposalGenerator] getProposals: returned 59 rows
[ad-insights] Fetching page 7... (3000 rows so far)
[ad-insights] Fetching page 7... (3000 rows so far)
[ad-insights] Fetching page 7... (3000 rows so far)
[ad-insights] Fetching page 8... (3500 rows so far)
[ad-insights] Fetching page 8... (3500 rows so far)
[ad-insights] Fetching page 8... (3500 rows so far)
[ad-insights] Fetching page 9... (4000 rows so far)
[ad-insights] Fetching page 9... (4000 rows so far)
[ad-insights] Fetching page 9... (4000 rows so far)
[ad-insights] Fetching page 10... (4500 rows so far)
[ad-insights] Fetching page 10... (4500 rows so far)
[ad-insights] Fetching page 10... (4500 rows so far)
[TrendScanner] Scheduled scan starting...
[TrendScanner] Starting full scrape...
[ad-insights] Fetching page 11... (5000 rows so far)
[ad-insights] Fetching page 11... (5000 rows so far)
[ad-insights] Fetching page 11... (5000 rows so far)
[ad-insights] Fetching page 12... (5500 rows so far)
[ad-insights] Fetching page 12... (5500 rows so far)
[ad-insights] Fetching page 12... (5500 rows so far)
[FE:ProposalGenerator] getProposals: returned 49 rows
[FE:ProposalGenerator] getProposals: returned 59 rows
[TrendScanner] Synthesizing...
[ad-insights] Fetching page 13... (6000 rows so far)
[ad-insights] Fetching page 13... (6000 rows so far)
[ad-insights] Fetching page 13... (6000 rows so far)
[ad-insights] Fetching page 14... (6500 rows so far)
[ad-insights] Fetching page 14... (6500 rows so far)
[ad-insights] Fetching page 14... (6500 rows so far)
[ad-insights] Done. 14 pages, 6500 total rows. WARNING: pagination broke — data may be truncated!
[ad-insights] Disk cache has 10858 rows vs truncated 6500 — using disk cache.
[roas-tracker] Fetched 8110 Meta rows, 3361 funnel rows.
[roas-tracker] 1717 test campaign rows → 145 ads with go-live >= 2026-03-10 (723 daily rows).
[ads-status] Serving from memory cache (4500 ads)
[roas-tracker] 149 creatives since 2026-03-10 (27 with funnel data).
[roas-tracker] 149 ads since 2026-03-10.
[roas-tracker] Upserted: 0 new, 149 updated. 0 need predictions.
[roas-tracker] Done. {"snapshots":149,"tracked":149,"newAds":0,"updated":149,"predicted":0}
[ad-insights] Done. 14 pages, 6500 total rows. WARNING: pagination broke — data may be truncated!
[ad-insights] Disk cache has 10858 rows vs truncated 6500 — using disk cache.
[roas-tracker] Fetched 8110 Meta rows, 3361 funnel rows.
[roas-tracker] 1717 test campaign rows → 145 ads with go-live >= 2026-03-10 (723 daily rows).
[ads-status] Serving from memory cache (4500 ads)
[roas-tracker] 149 creatives since 2026-03-10 (27 with funnel data).
[roas-tracker] 149 ads since 2026-03-10.
[roas-tracker] Upserted: 0 new, 149 updated. 0 need predictions.
[roas-tracker] Done. {"snapshots":149,"tracked":149,"newAds":0,"updated":149,"predicted":0}
[ad-insights] Fetching page 15... (7000 rows so far)
[ad-insights] Done. 15 pages, 7000 total rows. WARNING: pagination broke — data may be truncated!
[ad-insights] Disk cache has 10858 rows vs truncated 7000 — using disk cache.
[roas-tracker] Fetched 8110 Meta rows, 3361 funnel rows.
[roas-tracker] 1717 test campaign rows → 145 ads with go-live >= 2026-03-10 (723 daily rows).
[ads-status] Serving from memory cache (4500 ads)
[roas-tracker] 149 creatives since 2026-03-10 (27 with funnel data).
[roas-tracker] 149 ads since 2026-03-10.
[roas-tracker] Upserted: 0 new, 149 updated. 0 need predictions.
[roas-tracker] Done. {"snapshots":149,"tracked":149,"newAds":0,"updated":149,"predicted":0}
[FE:ProposalGenerator] getProposals: returned 49 rows
[FE:ProposalGenerator] getProposals: returned 59 rows
[TrendScanner] Generating concepts...
[FE:ProposalGenerator] getProposals: returned 49 rows
[FE:ProposalGenerator] getProposals: returned 59 rows
[ad-insights] Serving from disk (5012 rows, 37min old)
[ad-funnel] Serving from disk (1601 rows, 39min old)
[ad-insights] Serving from memory (5012 rows)
[ad-insights] Serving from memory (5012 rows)
[ad-funnel] Serving from memory (1601 rows)
[ad-funnel] Serving from memory (1601 rows)
[gc-ad-funnel] Serving from disk (616 rows, 38min old)
[ads-status] Serving from memory cache (4500 ads)
[FE:ProposalGenerator] getProposals: returned 49 rows
[FE:ProposalGenerator] getProposals: returned 59 rows
[ads-status] Serving from memory cache (4500 ads)
[ads-status] Serving from memory cache (4500 ads)
[ad-insights] Serving from disk (499 rows, 70min old)
[ad-funnel] Serving from disk (164 rows, 37min old)
[ad-insights] Serving from memory (499 rows)
[ad-funnel] Serving from memory (164 rows)
[ad-insights] Serving from memory (499 rows)
[ad-funnel] Serving from memory (164 rows)
[FE:ProposalGenerator] getProposals: returned 49 rows
[FE:ProposalGenerator] getProposals: returned 59 rows
[FE:ProposalGenerator] getProposals: returned 49 rows
[FE:ProposalGenerator] getProposals: returned 59 rows
[FE:ProposalGenerator] getProposals: returned 49 rows
[FE:ProposalGenerator] getProposals: returned 59 rows
[FE:ProposalGenerator] getProposals: returned 49 rows
[FE:ProposalGenerator] getProposals: returned 59 rows
[FE:ProposalGenerator] getProposals: returned 49 rows
[FE:ProposalGenerator] getProposals: returned 59 rows
[FE:ProposalGenerator] getProposals: returned 49 rows
[FE:ProposalGenerator] getProposals: returned 59 rows
[FE:ProposalGenerator] getProposals: returned 49 rows
[FE:ProposalGenerator] getProposals: returned 59 rows
[FE:ProposalGenerator] getProposals: returned 49 rows
[FE:ProposalGenerator] getProposals: returned 59 rows
[FE:ProposalGenerator] getProposals: returned 49 rows
[FE:ProposalGenerator] getProposals: returned 59 rows
[roas-tracker] Starting snapshot. Only test campaign ads with go-live >= 2026-03-10
[roas-tracker] Starting snapshot. Only test campaign ads with go-live >= 2026-03-10
[roas-tracker] Starting snapshot. Only test campaign ads with go-live >= 2026-03-10
[ad-insights] Serving from memory (5012 rows)
[ad-insights] Serving from memory (5012 rows)
[ad-funnel] Serving from memory (1601 rows)
[ad-funnel] Serving from memory (1601 rows)
[ad-insights] Serving from memory (5012 rows)
[ad-insights] Fetching page 1...
[ad-funnel] Running Metabase query...
[ad-insights] Fetching page 1...
[ad-funnel] Serving from memory (1601 rows)
[ad-funnel] Running Metabase query...
[ad-insights] Fetching page 1...
[ad-funnel] Running Metabase query...
[ads-status] Serving from memory cache (4500 ads)
[gc-ad-funnel] Serving from memory (616 rows)
[FE:ProposalGenerator] getProposals: returned 49 rows
[FE:ProposalGenerator] getProposals: returned 59 rows
[ads-status] Serving from memory cache (4500 ads)
[ads-status] Serving from memory cache (4500 ads)
[ad-insights] Serving from memory (499 rows)
[ad-funnel] Serving from memory (164 rows)
[ad-insights] Serving from memory (499 rows)
[ad-funnel] Serving from memory (164 rows)
[ad-insights] Serving from memory (499 rows)
[ad-funnel] Serving from memory (164 rows)
[ad-insights] Fetching page 2... (500 rows so far)
[ad-insights] Fetching page 2... (500 rows so far)
[ad-insights] Fetching page 2... (500 rows so far)
[ad-insights] Fetching page 3... (1000 rows so far)
[ad-insights] Fetching page 3... (1000 rows so far)
[ad-insights] Fetching page 3... (1000 rows so far)
[ad-insights] Fetching page 4... (1500 rows so far)
[ad-insights] Fetching page 4... (1500 rows so far)
[ad-insights] Fetching page 4... (1500 rows so far)
[ad-funnel] Done. 3361 rows returned. Truncated: false
[ad-funnel] Done. 3361 rows returned. Truncated: false
[ad-insights] Fetching page 5... (2000 rows so far)
[ad-funnel] Done. 3361 rows returned. Truncated: false
[ad-insights] Fetching page 5... (2000 rows so far)
[ad-insights] Fetching page 6... (2500 rows so far)
[ad-insights] Fetching page 5... (2000 rows so far)
[ad-insights] Fetching page 6... (2500 rows so far)
[FE:ProposalGenerator] getProposals: returned 49 rows
[FE:ProposalGenerator] getProposals: returned 59 rows
[ad-insights] Fetching page 7... (3000 rows so far)
[ad-insights] Fetching page 6... (2500 rows so far)
[ad-insights] Fetching page 7... (3000 rows so far)
[ad-insights] Fetching page 8... (3500 rows so far)
[ad-insights] Fetching page 7... (3000 rows so far)
[ad-insights] Fetching page 8... (3500 rows so far)
[ad-insights] Fetching page 9... (4000 rows so far)
[ad-insights] Fetching page 8... (3500 rows so far)
[ad-insights] Fetching page 9... (4000 rows so far)
[ad-insights] Fetching page 10... (4500 rows so far)
[ad-insights] Fetching page 9... (4000 rows so far)
[ad-insights] Fetching page 10... (4500 rows so far)
[ad-insights] Fetching page 11... (5000 rows so far)
[ad-insights] Fetching page 10... (4500 rows so far)
[ad-insights] Fetching page 11... (5000 rows so far)
[ad-insights] Fetching page 12... (5500 rows so far)
[ad-insights] Fetching page 11... (5000 rows so far)
[ad-insights] Fetching page 12... (5500 rows so far)
[FE:ProposalGenerator] getProposals: returned 49 rows
[FE:ProposalGenerator] getProposals: returned 59 rows
[ad-insights] Fetching page 13... (6000 rows so far)
[ad-insights] Fetching page 12... (5500 rows so far)
[ad-insights] Fetching page 13... (6000 rows so far)
[ad-insights] Fetching page 14... (6500 rows so far)
[ad-insights] Fetching page 13... (6000 rows so far)
[ad-insights] Fetching page 14... (6500 rows so far)
[ad-insights] Fetching page 15... (7000 rows so far)
[ad-insights] Fetching page 14... (6500 rows so far)
[ad-insights] Fetching page 15... (7000 rows so far)
[ad-insights] Fetching page 16... (7500 rows so far)
[ad-insights] Fetching page 15... (7000 rows so far)
[ad-insights] Fetching page 16... (7500 rows so far)
[ad-insights] Fetching page 17... (8000 rows so far)
[ad-insights] Fetching page 16... (7500 rows so far)
[ad-insights] Fetching page 17... (8000 rows so far)
[ad-insights] Fetching page 17... (8000 rows so far)
[ad-insights] Fetching page 18... (8500 rows so far)
[FE:ProposalGenerator] getProposals: returned 49 rows
[FE:ProposalGenerator] getProposals: returned 59 rows
[ad-insights] Fetching page 18... (8500 rows so far)
[ad-insights] Fetching page 19... (9000 rows so far)
[ad-insights] Fetching page 18... (8500 rows so far)
[ad-insights] Fetching page 20... (9500 rows so far)
[ad-insights] Fetching page 19... (9000 rows so far)
[ad-insights] Fetching page 19... (9000 rows so far)
[ad-insights] Done. 19 pages, 9000 total rows. WARNING: pagination broke — data may be truncated!
[ad-insights] Disk cache has 10858 rows vs truncated 9000 — using disk cache.
[roas-tracker] Fetched 8110 Meta rows, 3361 funnel rows.
[roas-tracker] 1717 test campaign rows → 145 ads with go-live >= 2026-03-10 (723 daily rows).
[ads-status] Serving from memory cache (4500 ads)
[roas-tracker] 149 creatives since 2026-03-10 (27 with funnel data).
[roas-tracker] 149 ads since 2026-03-10.
[roas-tracker] Upserted: 0 new, 149 updated. 0 need predictions.
[roas-tracker] Done. {"snapshots":149,"tracked":149,"newAds":0,"updated":149,"predicted":0}
[ad-insights] Fetching page 20... (9500 rows so far)
[ad-insights] Fetching page 21... (10000 rows so far)
[ad-insights] Fetching page 21... (10000 rows so far)
[ad-insights] Fetching page 22... (10500 rows so far)
[ad-insights] Done. 22 pages, 10858 total rows.
[ad-insights] Saved to disk: 10858 rows
[roas-tracker] Fetched 8110 Meta rows, 3361 funnel rows.
[roas-tracker] 1717 test campaign rows → 145 ads with go-live >= 2026-03-10 (723 daily rows).
[ads-status] Serving from memory cache (4500 ads)
[roas-tracker] 149 creatives since 2026-03-10 (27 with funnel data).
[roas-tracker] 149 ads since 2026-03-10.
[roas-tracker] Upserted: 0 new, 149 updated. 0 need predictions.
[roas-tracker] Done. {"snapshots":149,"tracked":149,"newAds":0,"updated":149,"predicted":0}
[FE:ProposalGenerator] getProposals: returned 49 rows
[FE:ProposalGenerator] getProposals: returned 59 rows
[ad-insights] Fetching page 22... (10500 rows so far)
[ad-insights] Done. 22 pages, 10858 total rows.
[ad-insights] Saved to disk: 10858 rows
[roas-tracker] Fetched 8110 Meta rows, 3361 funnel rows.
[roas-tracker] 1717 test campaign rows → 145 ads with go-live >= 2026-03-10 (723 daily rows).
[ads-status] Serving from memory cache (4500 ads)
[roas-tracker] 149 creatives since 2026-03-10 (27 with funnel data).
[roas-tracker] 149 ads since 2026-03-10.
[roas-tracker] Upserted: 0 new, 149 updated. 0 need predictions.
[roas-tracker] Done. {"snapshots":149,"tracked":149,"newAds":0,"updated":149,"predicted":0}
[FE:ProposalGenerator] getProposals: returned 49 rows
[FE:ProposalGenerator] getProposals: returned 59 rows
[FE:ProposalGenerator] getProposals: returned 49 rows
[FE:ProposalGenerator] getProposals: returned 59 rows
[FE:ProposalGenerator] getProposals: returned 49 rows
[FE:ProposalGenerator] getProposals: returned 59 rows
[FE:ProposalGenerator] getProposals: returned 49 rows
[FE:ProposalGenerator] getProposals: returned 59 rows
[FE:ProposalGenerator] getProposals: returned 49 rows
[FE:ProposalGenerator] getProposals: returned 59 rows
[ad-insights] Serving from memory (5012 rows)
[ad-funnel] Serving from memory (1601 rows)
[ad-insights] Serving from memory (5012 rows)
[ad-funnel] Serving from memory (1601 rows)
[ad-insights] Serving from memory (5012 rows)
[ad-funnel] Serving from memory (1601 rows)
[ads-status] Serving from memory cache (4500 ads)
[gc-ad-funnel] Serving from memory (616 rows)
[FE:ProposalGenerator] getProposals: returned 49 rows
[FE:ProposalGenerator] getProposals: returned 59 rows
[ads-status] Serving from memory cache (4500 ads)
[ads-status] Serving from memory cache (4500 ads)
[ad-insights] Serving from memory (499 rows)
[ad-funnel] Serving from memory (164 rows)
[ad-insights] Serving from memory (499 rows)
[ad-funnel] Serving from memory (164 rows)
[ad-insights] Serving from memory (499 rows)
[ad-funnel] Serving from memory (164 rows)
[ad-insights] Serving from memory (499 rows)
[ad-funnel] Serving from memory (164 rows)
[ad-insights] Serving from memory (499 rows)
[ad-funnel] Serving from memory (164 rows)
[FE:ProposalGenerator] getProposals: returned 49 rows
[FE:ProposalGenerator] getProposals: returned 59 rows
[FE:ProposalGenerator] getProposals: returned 49 rows
[FE:ProposalGenerator] getProposals: returned 59 rows
[FE:ProposalGenerator] getProposals: returned 49 rows
[FE:ProposalGenerator] getProposals: returned 59 rows
[FE:ProposalGenerator] getProposals: returned 49 rows
[FE:ProposalGenerator] getProposals: returned 59 rows
[FE:ProposalGenerator] getProposals: returned 49 rows
[FE:ProposalGenerator] getProposals: returned 59 rows
[FE:ProposalGenerator] getProposals: returned 49 rows
[FE:ProposalGenerator] getProposals: returned 59 rows
[FE:Scheduler] Starting job: watcher-refresh
[FE:Watcher] Refreshing Meta prediction accuracy...
[FE:Watcher] Meta predictions: 0 processed, 310 skipped
[FE:Watcher] Refreshing Google prediction accuracy...
[FE:Watcher] Google predictions: 0 processed, 0 skipped
[FE:Watcher] Refreshing recommendation tracking...
[FE:Watcher] ci_recommendations not found: no such table: ci_recommendations
[FE:Watcher] Recommendation tracking: 0 processed
[FE:Watcher] Refreshing competitor signal accuracy...
[FE:Watcher] Competitor signals: 0 processed
[FE:Watcher] Full refresh complete: 0 records processed
[FE:Scheduler] Completed job: watcher-refresh (91ms, 1 records)
[FE:ProposalGenerator] getProposals: returned 49 rows
[FE:ProposalGenerator] getProposals: returned 59 rows
[FE:ProposalGenerator] getProposals: returned 49 rows
[FE:ProposalGenerator] getProposals: returned 59 rows
[FE:ProposalGenerator] getProposals: returned 49 rows
[FE:ProposalGenerator] getProposals: returned 59 rows
[roas-tracker] Starting snapshot. Only test campaign ads with go-live >= 2026-03-10
[ad-funnel] Serving from memory (1601 rows)
[roas-tracker] Starting snapshot. Only test campaign ads with go-live >= 2026-03-10
[roas-tracker] Starting snapshot. Only test campaign ads with go-live >= 2026-03-10
[ad-insights] Serving from disk (5012 rows, 67min old)
[ad-insights] Fetching page 1...
[ad-funnel] Running Metabase query...
[ad-insights] Serving from memory (5012 rows)
[ads-status] Serving from memory cache (4500 ads)
[ad-funnel] Serving from disk (1601 rows, 69min old)
[ad-insights] Serving from memory (5012 rows)
[ad-funnel] Serving from memory (1601 rows)
[ad-insights] Fetching page 1...
[ad-funnel] Running Metabase query...
[ad-insights] Fetching page 1...
[ad-funnel] Running Metabase query...
[gc-ad-funnel] Serving from disk (616 rows, 68min old)
[FE:ProposalGenerator] getProposals: returned 49 rows
[FE:ProposalGenerator] getProposals: returned 59 rows
[ads-status] Serving from memory cache (4500 ads)
[ads-status] Serving from memory cache (4500 ads)
[ad-insights] Serving from memory (499 rows)
[ad-funnel] Serving from memory (164 rows)
[ad-insights] Serving from disk (499 rows, 100min old)
[ad-funnel] Serving from disk (164 rows, 67min old)
[ad-insights] Serving from memory (499 rows)
[ad-funnel] Serving from memory (164 rows)
[ad-insights] Fetching page 2... (500 rows so far)
[ad-insights] Fetching page 2... (500 rows so far)
[ad-insights] Fetching page 2... (500 rows so far)
[ad-insights] Fetching page 3... (1000 rows so far)
[ad-insights] Fetching page 3... (1000 rows so far)
[ad-insights] Fetching page 3... (1000 rows so far)
[ad-funnel] Done. 3362 rows returned. Truncated: false
[ad-insights] Fetching page 4... (1500 rows so far)
[ad-funnel] Done. 3362 rows returned. Truncated: false
[ad-funnel] Done. 3362 rows returned. Truncated: false
[ad-insights] Fetching page 4... (1500 rows so far)
[ad-insights] Fetching page 4... (1500 rows so far)
[ad-insights] Fetching page 5... (2000 rows so far)
[ad-insights] Fetching page 5... (2000 rows so far)
[ad-insights] Fetching page 5... (2000 rows so far)
[ad-insights] Fetching page 6... (2500 rows so far)
[FE:ProposalGenerator] getProposals: returned 49 rows
[FE:ProposalGenerator] getProposals: returned 59 rows
[ad-insights] Fetching page 6... (2500 rows so far)
[ad-insights] Fetching page 7... (3000 rows so far)
[ad-insights] Fetching page 6... (2500 rows so far)
[ad-insights] Fetching page 7... (3000 rows so far)
[ad-insights] Fetching page 8... (3500 rows so far)
[ad-insights] Fetching page 7... (3000 rows so far)
[ad-insights] Fetching page 8... (3500 rows so far)
[ad-insights] Fetching page 8... (3500 rows so far)
[ad-insights] Fetching page 9... (4000 rows so far)
[ad-insights] Fetching page 9... (4000 rows so far)
[ad-insights] Fetching page 10... (4500 rows so far)
[ad-insights] Fetching page 9... (4000 rows so far)
[ad-insights] Fetching page 10... (4500 rows so far)
[ad-insights] Fetching page 11... (5000 rows so far)
[ad-insights] Fetching page 10... (4500 rows so far)
[ad-insights] Fetching page 11... (5000 rows so far)
[ad-insights] Fetching page 12... (5500 rows so far)
[FE:ProposalGenerator] getProposals: returned 49 rows
[FE:ProposalGenerator] getProposals: returned 59 rows
[ad-insights] Fetching page 11... (5000 rows so far)
[ad-insights] Fetching page 12... (5500 rows so far)
[ad-insights] Fetching page 13... (6000 rows so far)
[ad-insights] Fetching page 12... (5500 rows so far)
[ad-insights] Fetching page 13... (6000 rows so far)
[ad-insights] Fetching page 14... (6500 rows so far)
[ad-insights] Fetching page 13... (6000 rows so far)
[ad-insights] Fetching page 15... (7000 rows so far)
[ad-insights] Fetching page 14... (6500 rows so far)
[ad-insights] Fetching page 14... (6500 rows so far)
[ad-insights] Fetching page 16... (7500 rows so far)
[ad-insights] Fetching page 15... (7000 rows so far)
[ad-insights] Fetching page 15... (7000 rows so far)
[ad-insights] Fetching page 16... (7500 rows so far)
[ad-insights] Fetching page 17... (8000 rows so far)
[ad-insights] Fetching page 16... (7500 rows so far)
[FE:ProposalGenerator] getProposals: returned 49 rows
[FE:ProposalGenerator] getProposals: returned 59 rows
[ad-insights] Fetching page 17... (8000 rows so far)
[ad-insights] Fetching page 18... (8500 rows so far)
[ad-insights] Fetching page 17... (8000 rows so far)
[ad-insights] Fetching page 18... (8500 rows so far)
[ad-insights] Fetching page 19... (9000 rows so far)
[ad-insights] Fetching page 18... (8500 rows so far)
[ad-insights] Fetching page 19... (9000 rows so far)
[ad-insights] Fetching page 20... (9500 rows so far)
[ad-insights] Fetching page 20... (9500 rows so far)
[ad-insights] Fetching page 21... (10000 rows so far)
[ad-insights] Fetching page 19... (9000 rows so far)
[ad-insights] Fetching page 21... (10000 rows so far)
[ad-insights] Fetching page 20... (9500 rows so far)
[FE:ProposalGenerator] getProposals: returned 49 rows
[FE:ProposalGenerator] getProposals: returned 59 rows
[ad-insights] Fetching page 22... (10500 rows so far)
[ad-insights] Fetching page 21... (10000 rows so far)
[ad-insights] Fetching page 22... (10500 rows so far)
[ad-insights] Done. 22 pages, 10858 total rows.
[ad-insights] Saved to disk: 10858 rows
[roas-tracker] Fetched 8110 Meta rows, 3362 funnel rows.
[roas-tracker] 1717 test campaign rows → 145 ads with go-live >= 2026-03-10 (723 daily rows).
[ads-status] Serving from memory cache (4500 ads)
[roas-tracker] 149 creatives since 2026-03-10 (27 with funnel data).
[roas-tracker] 149 ads since 2026-03-10.
[roas-tracker] Upserted: 0 new, 149 updated. 0 need predictions.
[roas-tracker] Done. {"snapshots":149,"tracked":149,"newAds":0,"updated":149,"predicted":0}
[ad-insights] Done. 22 pages, 10858 total rows.
[ad-insights] Saved to disk: 10858 rows
[roas-tracker] Fetched 8110 Meta rows, 3362 funnel rows.
[roas-tracker] 1717 test campaign rows → 145 ads with go-live >= 2026-03-10 (723 daily rows).
[ads-status] Serving from memory cache (4500 ads)
[roas-tracker] 149 creatives since 2026-03-10 (27 with funnel data).
[roas-tracker] 149 ads since 2026-03-10.
[roas-tracker] Upserted: 0 new, 149 updated. 0 need predictions.
[roas-tracker] Done. {"snapshots":149,"tracked":149,"newAds":0,"updated":149,"predicted":0}
[ad-insights] Fetching page 22... (10500 rows so far)
[ad-insights] Done. 22 pages, 10858 total rows.
[ad-insights] Saved to disk: 10858 rows
[roas-tracker] Fetched 8110 Meta rows, 3362 funnel rows.
[roas-tracker] 1717 test campaign rows → 145 ads with go-live >= 2026-03-10 (723 daily rows).
[ads-status] Serving from memory cache (4500 ads)
[roas-tracker] 149 creatives since 2026-03-10 (27 with funnel data).
[roas-tracker] 149 ads since 2026-03-10.
[roas-tracker] Upserted: 0 new, 149 updated. 0 need predictions.
[roas-tracker] Done. {"snapshots":149,"tracked":149,"newAds":0,"updated":149,"predicted":0}
[FE:ProposalGenerator] getProposals: returned 49 rows
[FE:ProposalGenerator] getProposals: returned 59 rows
[FE:ProposalGenerator] getProposals: returned 49 rows
[FE:ProposalGenerator] getProposals: returned 59 rows
[FE:ProposalGenerator] getProposals: returned 49 rows
[FE:ProposalGenerator] getProposals: returned 59 rows
[FE:ProposalGenerator] getProposals: returned 49 rows
[FE:ProposalGenerator] getProposals: returned 59 rows
[FE:ProposalGenerator] getProposals: returned 49 rows
[FE:ProposalGenerator] getProposals: returned 59 rows
[ad-insights] Serving from memory (5012 rows)
[ad-funnel] Serving from memory (1601 rows)
[ad-insights] Serving from memory (5012 rows)
[ad-funnel] Serving from memory (1601 rows)
[ad-insights] Serving from memory (5012 rows)
[ad-funnel] Serving from memory (1601 rows)
[ads-status] Serving from memory cache (4500 ads)
[gc-ad-funnel] Serving from memory (616 rows)
[FE:ProposalGenerator] getProposals: returned 49 rows
[FE:ProposalGenerator] getProposals: returned 59 rows
[ads-status] Serving from memory cache (4500 ads)
[ads-status] Serving from memory cache (4500 ads)
[ad-insights] Serving from memory (499 rows)
[ad-funnel] Serving from memory (164 rows)
[ad-insights] Serving from memory (499 rows)
[ad-funnel] Serving from memory (164 rows)
[ad-insights] Serving from memory (499 rows)
[ad-funnel] Serving from memory (164 rows)
[roas-tracker] Starting snapshot. Only test campaign ads with go-live >= 2026-03-10
[ad-insights] Serving from memory (10858 rows)
[ad-funnel] Serving from memory (3362 rows)
[roas-tracker] Fetched 8110 Meta rows, 3362 funnel rows.
[roas-tracker] 1717 test campaign rows → 145 ads with go-live >= 2026-03-10 (723 daily rows).
[ads-status] Serving from memory cache (4500 ads)
[roas-tracker] 149 creatives since 2026-03-10 (27 with funnel data).
[roas-tracker] 149 ads since 2026-03-10.
[roas-tracker] Upserted: 0 new, 149 updated. 0 need predictions.
[roas-tracker] Done. {"snapshots":149,"tracked":149,"newAds":0,"updated":149,"predicted":0}
[FE:ProposalGenerator] getProposals: returned 49 rows
[FE:ProposalGenerator] getProposals: returned 59 rows
[FE:Scheduler] Starting job: data-quality-check
[FE:DataQuality] Running audit (2026-03-07 -> 2026-04-06, forceFresh=false)
[ad-insights] Serving from disk (12044 rows, 296min old)
[ad-funnel] Serving from disk (3715 rows, 59min old)
[gc-ad-funnel] Serving from memory (616 rows)
[FE:ProposalGenerator] getProposals: returned 49 rows
[FE:ProposalGenerator] getProposals: returned 59 rows
[ads-status] Done. 11 pages, 5288 ads.
[FE:DataQuality] Audit complete. status=FAIL findings=14
[FE:Scheduler] Completed job: data-quality-check (30566ms, 14 records)
[FE:ProposalGenerator] getProposals: returned 49 rows
[FE:ProposalGenerator] getProposals: returned 59 rows
[FE:ProposalGenerator] getProposals: returned 49 rows
[FE:ProposalGenerator] getProposals: returned 59 rows
[roas-tracker] Starting snapshot. Only test campaign ads with go-live >= 2026-03-10
[roas-tracker] Starting snapshot. Only test campaign ads with go-live >= 2026-03-10
[roas-tracker] Starting snapshot. Only test campaign ads with go-live >= 2026-03-10
[FE:ProposalGenerator] getProposals: returned 49 rows
[ad-funnel] Running Metabase query...
[ad-insights] Fetching page 1...
[ad-insights] Fetching page 1...
[ad-funnel] Running Metabase query...
[ad-insights] Fetching page 1...
[ad-funnel] Running Metabase query...
[FE:ProposalGenerator] getProposals: returned 59 rows
[ad-insights] Fetching page 2... (500 rows so far)
[ad-insights] Fetching page 2... (500 rows so far)
[ad-insights] Fetching page 2... (500 rows so far)
[ad-insights] Fetching page 3... (1000 rows so far)
[ad-insights] Fetching page 3... (1000 rows so far)
[ad-insights] Fetching page 3... (1000 rows so far)
[ad-funnel] Done. 3362 rows returned. Truncated: false
[ad-insights] Fetching page 4... (1500 rows so far)
[ad-funnel] Done. 3362 rows returned. Truncated: false
[ad-funnel] Done. 3362 rows returned. Truncated: false
[ad-insights] Fetching page 4... (1500 rows so far)
[ad-insights] Fetching page 4... (1500 rows so far)
[ad-insights] Fetching page 5... (2000 rows so far)
[ad-insights] Fetching page 5... (2000 rows so far)
[ad-insights] Fetching page 5... (2000 rows so far)
[ad-insights] Fetching page 6... (2500 rows so far)
[ad-insights] Fetching page 6... (2500 rows so far)
[ad-insights] Fetching page 6... (2500 rows so far)
[FE:ProposalGenerator] getProposals: returned 49 rows
[FE:ProposalGenerator] getProposals: returned 59 rows
[ad-insights] Fetching page 7... (3000 rows so far)
[ad-insights] Fetching page 7... (3000 rows so far)
[ad-insights] Fetching page 7... (3000 rows so far)
[ad-insights] Fetching page 8... (3500 rows so far)
[ad-insights] Fetching page 8... (3500 rows so far)
[ad-insights] Fetching page 8... (3500 rows so far)
[ad-insights] Fetching page 9... (4000 rows so far)
[ad-insights] Fetching page 9... (4000 rows so far)
[ad-insights] Fetching page 9... (4000 rows so far)
[ad-insights] Fetching page 10... (4500 rows so far)
[ad-insights] Fetching page 10... (4500 rows so far)
[ad-insights] Fetching page 10... (4500 rows so far)
[ad-insights] Fetching page 11... (5000 rows so far)
[ad-insights] Fetching page 11... (5000 rows so far)
[ad-insights] Fetching page 11... (5000 rows so far)
[ad-insights] Fetching page 12... (5500 rows so far)
[FE:ProposalGenerator] getProposals: returned 49 rows
[FE:ProposalGenerator] getProposals: returned 59 rows
[ad-insights] Fetching page 12... (5500 rows so far)
[ad-insights] Fetching page 12... (5500 rows so far)
[ad-insights] Fetching page 13... (6000 rows so far)
[ad-insights] Fetching page 13... (6000 rows so far)
[ad-insights] Fetching page 13... (6000 rows so far)
[ad-insights] Fetching page 14... (6500 rows so far)
[ad-insights] Fetching page 14... (6500 rows so far)
[ad-insights] Fetching page 14... (6500 rows so far)
[ad-insights] Fetching page 15... (7000 rows so far)
[ad-insights] Fetching page 15... (7000 rows so far)
[ad-insights] Fetching page 15... (7000 rows so far)
[ad-insights] Fetching page 16... (7500 rows so far)
[ad-insights] Fetching page 16... (7500 rows so far)
[ad-insights] Fetching page 16... (7500 rows so far)
[ad-insights] Fetching page 17... (8000 rows so far)
[ad-insights] Fetching page 17... (8000 rows so far)
[ad-insights] Fetching page 17... (8000 rows so far)
[FE:ProposalGenerator] getProposals: returned 49 rows
[FE:ProposalGenerator] getProposals: returned 59 rows
[ad-insights] Fetching page 18... (8500 rows so far)
[ad-insights] Fetching page 18... (8500 rows so far)
[ad-insights] Fetching page 18... (8500 rows so far)
[ad-insights] Fetching page 19... (9000 rows so far)
[ad-insights] Fetching page 19... (9000 rows so far)
[ad-insights] Fetching page 19... (9000 rows so far)
[ad-insights] Fetching page 20... (9500 rows so far)
[ad-insights] Fetching page 20... (9500 rows so far)
[ad-insights] Fetching page 20... (9500 rows so far)
[ad-insights] Fetching page 21... (10000 rows so far)
[ad-insights] Fetching page 21... (10000 rows so far)
[ad-insights] Fetching page 21... (10000 rows so far)
[ad-insights] Fetching page 22... (10500 rows so far)
[ad-insights] Fetching page 22... (10500 rows so far)
[ad-insights] Fetching page 22... (10500 rows so far)
[FE:ProposalGenerator] getProposals: returned 49 rows
[FE:ProposalGenerator] getProposals: returned 59 rows
[ad-insights] Done. 22 pages, 10858 total rows.
[ad-insights] Saved to disk: 10858 rows
[roas-tracker] Fetched 8110 Meta rows, 3362 funnel rows.
[roas-tracker] 1717 test campaign rows → 145 ads with go-live >= 2026-03-10 (723 daily rows).
[ads-status] Serving from memory cache (5288 ads)
[roas-tracker] 149 creatives since 2026-03-10 (27 with funnel data).
[roas-tracker] 149 ads since 2026-03-10.
[roas-tracker] Upserted: 0 new, 149 updated. 0 need predictions.
[roas-tracker] Done. {"snapshots":149,"tracked":149,"newAds":0,"updated":149,"predicted":0}
[ad-insights] Done. 22 pages, 10858 total rows.
[ad-insights] Saved to disk: 10858 rows
[roas-tracker] Fetched 8110 Meta rows, 3362 funnel rows.
[roas-tracker] 1717 test campaign rows → 145 ads with go-live >= 2026-03-10 (723 daily rows).
[ads-status] Serving from memory cache (5288 ads)
[roas-tracker] 149 creatives since 2026-03-10 (27 with funnel data).
[roas-tracker] 149 ads since 2026-03-10.
[roas-tracker] Upserted: 0 new, 149 updated. 0 need predictions.
[roas-tracker] Done. {"snapshots":149,"tracked":149,"newAds":0,"updated":149,"predicted":0}
[ad-insights] Done. 22 pages, 10858 total rows.
[ad-insights] Saved to disk: 10858 rows
[roas-tracker] Fetched 8110 Meta rows, 3362 funnel rows.
[roas-tracker] 1717 test campaign rows → 145 ads with go-live >= 2026-03-10 (723 daily rows).
[ads-status] Serving from memory cache (5288 ads)
[roas-tracker] 149 creatives since 2026-03-10 (27 with funnel data).
[roas-tracker] 149 ads since 2026-03-10.
[roas-tracker] Upserted: 0 new, 149 updated. 0 need predictions.
[roas-tracker] Done. {"snapshots":149,"tracked":149,"newAds":0,"updated":149,"predicted":0}
[ad-insights] Serving from memory (5012 rows)
[ad-funnel] Serving from memory (1601 rows)
[ad-insights] Serving from memory (5012 rows)
[ad-funnel] Serving from memory (1601 rows)
[ad-insights] Serving from memory (5012 rows)
[ad-funnel] Serving from memory (1601 rows)
[ads-status] Serving from memory cache (5288 ads)
[gc-ad-funnel] Serving from memory (616 rows)
[FE:ProposalGenerator] getProposals: returned 49 rows
[FE:ProposalGenerator] getProposals: returned 59 rows
[ads-status] Serving from memory cache (5288 ads)
[ads-status] Serving from memory cache (5288 ads)
[ad-insights] Serving from memory (499 rows)
[ad-funnel] Serving from memory (164 rows)
[ad-insights] Serving from memory (499 rows)
[ad-funnel] Serving from memory (164 rows)
[ad-insights] Serving from memory (499 rows)
[ad-funnel] Serving from memory (164 rows)
[ad-insights] Serving from memory (499 rows)
[ad-funnel] Serving from memory (164 rows)
[FE:ProposalGenerator] getProposals: returned 49 rows
[FE:ProposalGenerator] getProposals: returned 59 rows
[FE:ProposalGenerator] getProposals: returned 49 rows
[FE:ProposalGenerator] getProposals: returned 59 rows
[FE:ProposalGenerator] getProposals: returned 49 rows
[FE:ProposalGenerator] getProposals: returned 59 rows
[FE:ProposalGenerator] getProposals: returned 49 rows
[FE:ProposalGenerator] getProposals: returned 59 rows
[roas-tracker] Starting snapshot. Only test campaign ads with go-live >= 2026-03-10
[ad-insights] Fetching page 1...
[ad-funnel] Running Metabase query...
[roas-tracker] Starting snapshot. Only test campaign ads with go-live >= 2026-03-10
[roas-tracker] Starting snapshot. Only test campaign ads with go-live >= 2026-03-10
[ad-insights] Serving from disk (5012 rows, 112min old)
[ad-funnel] Serving from disk (1601 rows, 114min old)
[ad-insights] Fetching page 1...
[ad-funnel] Running Metabase query...
[ad-insights] Fetching page 1...
[ad-insights] Serving from memory (5012 rows)
[ad-funnel] Running Metabase query...
[ads-status] Serving from memory cache (5288 ads)
[ad-funnel] Serving from memory (1601 rows)
[ad-insights] Serving from memory (5012 rows)
[ad-funnel] Serving from memory (1601 rows)
[gc-ad-funnel] Serving from disk (616 rows, 113min old)
[ads-status] Serving from memory cache (5288 ads)
[ads-status] Serving from memory cache (5288 ads)
[FE:ProposalGenerator] getProposals: returned 49 rows
[FE:ProposalGenerator] getProposals: returned 59 rows
[ad-insights] Serving from disk (499 rows, 145min old)
[ad-funnel] Serving from disk (164 rows, 112min old)
[ad-insights] Serving from memory (499 rows)
[ad-funnel] Serving from memory (164 rows)
[ad-insights] Serving from memory (499 rows)
[ad-funnel] Serving from memory (164 rows)
[ad-insights] Fetching page 2... (500 rows so far)
[ad-insights] Fetching page 2... (500 rows so far)
[ad-insights] Fetching page 2... (500 rows so far)
[ad-insights] Fetching page 3... (1000 rows so far)
[ad-insights] Fetching page 3... (1000 rows so far)
[ad-insights] Fetching page 3... (1000 rows so far)
[ad-insights] Fetching page 4... (1500 rows so far)
[ad-insights] Fetching page 4... (1500 rows so far)
[ad-insights] Fetching page 4... (1500 rows so far)
[ad-insights] Fetching page 5... (2000 rows so far)
[ad-insights] Fetching page 5... (2000 rows so far)
[ad-insights] Fetching page 5... (2000 rows so far)
[ad-insights] Fetching page 6... (2500 rows so far)
[ad-insights] Fetching page 6... (2500 rows so far)
[ad-insights] Fetching page 6... (2500 rows so far)
[ad-insights] Fetching page 7... (3000 rows so far)
[FE:ProposalGenerator] getProposals: returned 49 rows
[FE:ProposalGenerator] getProposals: returned 59 rows
[ad-insights] Fetching page 7... (3000 rows so far)
[ad-insights] Fetching page 7... (3000 rows so far)
[ad-funnel] Done. 3367 rows returned. Truncated: false
[ad-funnel] Done. 3367 rows returned. Truncated: false
[ad-insights] Fetching page 8... (3500 rows so far)
[ad-insights] Fetching page 8... (3500 rows so far)
[ad-funnel] Done. 3367 rows returned. Truncated: false
[ad-insights] Fetching page 8... (3500 rows so far)
[ad-insights] Fetching page 9... (4000 rows so far)
[ad-insights] Fetching page 9... (4000 rows so far)
[ad-insights] Fetching page 9... (4000 rows so far)
[ad-insights] Fetching page 10... (4500 rows so far)
[ad-insights] Fetching page 10... (4500 rows so far)
[ad-insights] Fetching page 10... (4500 rows so far)
[ad-insights] Fetching page 11... (5000 rows so far)
[ad-insights] Fetching page 11... (5000 rows so far)
[ad-insights] Fetching page 11... (5000 rows so far)
[ad-insights] Fetching page 12... (5500 rows so far)
[ad-insights] Fetching page 12... (5500 rows so far)
[ad-insights] Fetching page 12... (5500 rows so far)
[ad-insights] Fetching page 13... (6000 rows so far)
[ad-insights] Fetching page 13... (6000 rows so far)
[FE:ProposalGenerator] getProposals: returned 49 rows
[FE:ProposalGenerator] getProposals: returned 59 rows
[ad-insights] Fetching page 13... (6000 rows so far)
[ad-insights] Fetching page 14... (6500 rows so far)
[ad-insights] Fetching page 14... (6500 rows so far)
[ad-insights] Fetching page 14... (6500 rows so far)
[ad-insights] Fetching page 15... (7000 rows so far)
[ad-insights] Fetching page 15... (7000 rows so far)
[ad-insights] Fetching page 15... (7000 rows so far)
[ad-insights] Fetching page 16... (7500 rows so far)
[ad-insights] Fetching page 16... (7500 rows so far)
[ad-insights] Fetching page 16... (7500 rows so far)
[ad-insights] Fetching page 17... (8000 rows so far)
[ad-insights] Fetching page 17... (8000 rows so far)
[ad-insights] Fetching page 17... (8000 rows so far)
[ad-insights] Fetching page 18... (8500 rows so far)
[ad-insights] Fetching page 18... (8500 rows so far)
[ad-insights] Fetching page 18... (8500 rows so far)
[ad-insights] Fetching page 19... (9000 rows so far)
[FE:ProposalGenerator] getProposals: returned 49 rows
[FE:ProposalGenerator] getProposals: returned 59 rows
[ad-insights] Fetching page 19... (9000 rows so far)
[ad-insights] Fetching page 20... (9500 rows so far)
[ad-insights] Fetching page 20... (9500 rows so far)
[ad-insights] Fetching page 19... (9000 rows so far)
[ad-insights] Fetching page 21... (10000 rows so far)
[ad-insights] Fetching page 20... (9500 rows so far)
[ad-insights] Fetching page 21... (10000 rows so far)
[ad-insights] Fetching page 22... (10500 rows so far)
[ad-insights] Fetching page 21... (10000 rows so far)
[ad-insights] Done. 22 pages, 10858 total rows.
[ad-insights] Saved to disk: 10858 rows
[roas-tracker] Fetched 8110 Meta rows, 3367 funnel rows.
[roas-tracker] 1717 test campaign rows → 145 ads with go-live >= 2026-03-10 (723 daily rows).
[ads-status] Serving from memory cache (5288 ads)
[roas-tracker] 149 creatives since 2026-03-10 (28 with funnel data).
[roas-tracker] 149 ads since 2026-03-10.
[roas-tracker] Upserted: 0 new, 149 updated. 0 need predictions.
[roas-tracker] Done. {"snapshots":149,"tracked":149,"newAds":0,"updated":149,"predicted":0}
[ad-insights] Fetching page 22... (10500 rows so far)
[ad-insights] Fetching page 22... (10500 rows so far)
[ad-insights] Done. 22 pages, 10858 total rows.
[ad-insights] Saved to disk: 10858 rows
[roas-tracker] Fetched 8110 Meta rows, 3367 funnel rows.
[roas-tracker] 1717 test campaign rows → 145 ads with go-live >= 2026-03-10 (723 daily rows).
[ads-status] Serving from memory cache (5288 ads)
[roas-tracker] 149 creatives since 2026-03-10 (28 with funnel data).
[roas-tracker] 149 ads since 2026-03-10.
[roas-tracker] Upserted: 0 new, 149 updated. 0 need predictions.
[roas-tracker] Done. {"snapshots":149,"tracked":149,"newAds":0,"updated":149,"predicted":0}
[FE:ProposalGenerator] getProposals: returned 49 rows
[FE:ProposalGenerator] getProposals: returned 59 rows
[ad-insights] Done. 22 pages, 10858 total rows.
[ad-insights] Saved to disk: 10858 rows
[roas-tracker] Fetched 8110 Meta rows, 3367 funnel rows.
[roas-tracker] 1717 test campaign rows → 145 ads with go-live >= 2026-03-10 (723 daily rows).
[ads-status] Serving from memory cache (5288 ads)
[roas-tracker] 149 creatives since 2026-03-10 (28 with funnel data).
[roas-tracker] 149 ads since 2026-03-10.
[roas-tracker] Upserted: 0 new, 149 updated. 0 need predictions.
[roas-tracker] Done. {"snapshots":149,"tracked":149,"newAds":0,"updated":149,"predicted":0}
[ad-insights] Serving from memory (5012 rows)
[ad-funnel] Serving from memory (1601 rows)
[ad-insights] Serving from memory (5012 rows)
[ad-funnel] Serving from memory (1601 rows)
[ad-insights] Serving from memory (5012 rows)
[ad-funnel] Serving from memory (1601 rows)
[ads-status] Serving from memory cache (5288 ads)
[gc-ad-funnel] Serving from memory (616 rows)
[FE:ProposalGenerator] getProposals: returned 49 rows
[FE:ProposalGenerator] getProposals: returned 59 rows
[ads-status] Serving from memory cache (5288 ads)
[ads-status] Serving from memory cache (5288 ads)
[ad-insights] Serving from memory (499 rows)
[ad-funnel] Serving from memory (164 rows)
[ad-insights] Serving from memory (499 rows)
[ad-funnel] Serving from memory (164 rows)
[ad-insights] Serving from memory (499 rows)
[ad-funnel] Serving from memory (164 rows)
[ad-insights] Serving from memory (499 rows)
[ad-funnel] Serving from memory (164 rows)
[FE:ProposalGenerator] getProposals: returned 49 rows
[FE:ProposalGenerator] getProposals: returned 59 rows
[FE:ProposalGenerator] getProposals: returned 49 rows
[FE:ProposalGenerator] getProposals: returned 59 rows
[FE:ProposalGenerator] getProposals: returned 49 rows
[FE:ProposalGenerator] getProposals: returned 59 rows
[FE:ProposalGenerator] getProposals: returned 49 rows
[FE:ProposalGenerator] getProposals: returned 59 rows
[FE:ProposalGenerator] getProposals: returned 49 rows
[FE:ProposalGenerator] getProposals: returned 59 rows
[FE:ProposalGenerator] getProposals: returned 49 rows
[FE:ProposalGenerator] getProposals: returned 59 rows
[FE:Scheduler] Starting job: watcher-refresh
[FE:Watcher] Refreshing Meta prediction accuracy...
[FE:Watcher] Meta predictions: 0 processed, 310 skipped
[FE:Watcher] Refreshing Google prediction accuracy...
[FE:Watcher] Google predictions: 0 processed, 0 skipped
[FE:Watcher] Refreshing recommendation tracking...
[FE:Watcher] ci_recommendations not found: no such table: ci_recommendations
[FE:Watcher] Recommendation tracking: 0 processed
[FE:Watcher] Refreshing competitor signal accuracy...
[FE:Watcher] Competitor signals: 0 processed
[FE:Watcher] Full refresh complete: 0 records processed
[FE:Scheduler] Completed job: watcher-refresh (82ms, 1 records)
[FE:Scheduler] Starting job: anomaly-check
[FE:AnomalyDetector] Running all anomaly detection checks...
[FE:AnomalyDetector] No competitor signal data available. Skipping competitor checks.
[FE:AnomalyDetector] All checks complete. 0 new anomalies detected.
[FE:Scheduler] Completed job: anomaly-check (3ms, 0 records)
[FE:Scheduler] Starting job: proposal-generate
[FE:ProposalGenerator] Generating improvement proposals...
[FE:ProposalGenerator] getProposals: returned 49 rows
[FE:ProposalGenerator] getProposals: returned 59 rows
[FE:ProposalGenerator] Proposal #60: [SCORING_FORMULA_UPDATE] Gate D7 ROAS predictions by outcome maturity and confidence
[FE:ProposalGenerator] Proposal #61: [RECOMMENDATION_IMPROVEMENT] Deduplicate repeated ad-level predictions before ranking and
[FE:ProposalGenerator] Proposal #62: [NEW_SIGNAL] Add prediction-confidence and data-completeness signals to M
[FE:ProposalGenerator] Proposal #63: [WEIGHT_RECALIBRATION] Downweight extreme predicted ROAS values until D7 labels acc
[FE:ProposalGenerator] Generated 4 proposals (expire 2026-04-20T18:00:27.064Z)
[FE:Scheduler] Completed job: proposal-generate (26651ms, 1 records)
[FE:ProposalGenerator] getProposals: returned 53 rows
[FE:ProposalGenerator] getProposals: returned 63 rows
[FE:ProposalGenerator] getProposals: returned 53 rows
[FE:ProposalGenerator] getProposals: returned 63 rows
[roas-tracker] Starting snapshot. Only test campaign ads with go-live >= 2026-03-10
[ad-insights] Serving from memory (5012 rows)
[roas-tracker] Starting snapshot. Only test campaign ads with go-live >= 2026-03-10
[roas-tracker] Starting snapshot. Only test campaign ads with go-live >= 2026-03-10
[ad-funnel] Serving from memory (1601 rows)
[ads-status] Serving from memory cache (5288 ads)
[ad-insights] Serving from memory (5012 rows)
[ad-funnel] Serving from memory (1601 rows)
[ad-insights] Serving from memory (5012 rows)
[ad-insights] Fetching page 1...
[ad-funnel] Running Metabase query...
[ad-insights] Fetching page 1...
[ad-funnel] Serving from memory (1601 rows)
[ad-funnel] Running Metabase query...
[ad-funnel] Running Metabase query...
[ad-insights] Fetching page 1...
[gc-ad-funnel] Serving from memory (616 rows)
[FE:ProposalGenerator] getProposals: returned 53 rows
[FE:ProposalGenerator] getProposals: returned 63 rows
[ads-status] Serving from memory cache (5288 ads)
[ads-status] Serving from memory cache (5288 ads)
[ad-insights] Serving from memory (499 rows)
[ad-funnel] Serving from memory (164 rows)
[ad-insights] Serving from memory (499 rows)
[ad-funnel] Serving from memory (164 rows)
[ad-insights] Serving from memory (499 rows)
[ad-funnel] Serving from memory (164 rows)
[ad-insights] Fetching page 2... (500 rows so far)
[ad-insights] Fetching page 2... (500 rows so far)
[ad-insights] Fetching page 2... (500 rows so far)
[ad-insights] Fetching page 3... (1000 rows so far)
[ad-insights] Fetching page 3... (1000 rows so far)
[ad-insights] Fetching page 3... (1000 rows so far)
[ad-insights] Fetching page 4... (1500 rows so far)
[ad-insights] Fetching page 4... (1500 rows so far)
[ad-insights] Fetching page 4... (1500 rows so far)
[ad-funnel] Done. 3368 rows returned. Truncated: false
[ad-funnel] Done. 3368 rows returned. Truncated: false
[ad-funnel] Done. 3368 rows returned. Truncated: false
[ad-insights] Fetching page 5... (2000 rows so far)
[ad-insights] Fetching page 5... (2000 rows so far)
[ad-insights] Fetching page 5... (2000 rows so far)
[ad-insights] Fetching page 6... (2500 rows so far)
[ad-insights] Fetching page 6... (2500 rows so far)
[ad-insights] Fetching page 6... (2500 rows so far)
[FE:ProposalGenerator] getProposals: returned 53 rows
[FE:ProposalGenerator] getProposals: returned 63 rows
[ad-insights] Fetching page 7... (3000 rows so far)
[ad-insights] Fetching page 7... (3000 rows so far)
[ad-insights] Fetching page 7... (3000 rows so far)
[ad-insights] Fetching page 8... (3500 rows so far)
[ad-insights] Fetching page 8... (3500 rows so far)
[ad-insights] Fetching page 8... (3500 rows so far)
[ad-insights] Fetching page 9... (4000 rows so far)
[ad-insights] Fetching page 9... (4000 rows so far)
[ad-insights] Fetching page 9... (4000 rows so far)
[ad-insights] Fetching page 10... (4500 rows so far)
[ad-insights] Fetching page 10... (4500 rows so far)
[ad-insights] Fetching page 10... (4500 rows so far)
[ad-insights] Fetching page 11... (5000 rows so far)
[ad-insights] Fetching page 11... (5000 rows so far)
[ad-insights] Fetching page 11... (5000 rows so far)
[ad-insights] Fetching page 12... (5500 rows so far)
[ad-insights] Fetching page 12... (5500 rows so far)
[FE:ProposalGenerator] getProposals: returned 53 rows
[FE:ProposalGenerator] getProposals: returned 63 rows
[ad-insights] Fetching page 12... (5500 rows so far)
[ad-insights] Fetching page 13... (6000 rows so far)
[ad-insights] Fetching page 13... (6000 rows so far)
[ad-insights] Fetching page 13... (6000 rows so far)
[ad-insights] Fetching page 14... (6500 rows so far)
[ad-insights] Fetching page 14... (6500 rows so far)
[ad-insights] Fetching page 15... (7000 rows so far)
[ad-insights] Fetching page 14... (6500 rows so far)
[ad-insights] Fetching page 15... (7000 rows so far)
[ad-insights] Fetching page 16... (7500 rows so far)
[ad-insights] Fetching page 16... (7500 rows so far)
[ad-insights] Fetching page 15... (7000 rows so far)
[ad-insights] Fetching page 17... (8000 rows so far)
[ad-insights] Fetching page 17... (8000 rows so far)
[ad-insights] Fetching page 16... (7500 rows so far)
[ad-insights] Fetching page 18... (8500 rows so far)
[ad-insights] Fetching page 18... (8500 rows so far)
[ad-insights] Fetching page 17... (8000 rows so far)
[FE:ProposalGenerator] getProposals: returned 53 rows
[FE:ProposalGenerator] getProposals: returned 63 rows
[ad-insights] Fetching page 19... (9000 rows so far)
[ad-insights] Fetching page 19... (9000 rows so far)
[ad-insights] Fetching page 18... (8500 rows so far)
[ad-insights] Fetching page 20... (9500 rows so far)
[ad-insights] Fetching page 20... (9500 rows so far)
[ad-insights] Fetching page 19... (9000 rows so far)
[ad-insights] Fetching page 21... (10000 rows so far)
[ad-insights] Fetching page 21... (10000 rows so far)
[ad-insights] Fetching page 20... (9500 rows so far)
[ad-insights] Fetching page 22... (10500 rows so far)
[ad-insights] Fetching page 22... (10500 rows so far)
[ad-insights] Fetching page 21... (10000 rows so far)
[ad-insights] Done. 22 pages, 10858 total rows.
[ad-insights] Saved to disk: 10858 rows
[roas-tracker] Fetched 8110 Meta rows, 3368 funnel rows.
[roas-tracker] 1717 test campaign rows → 145 ads with go-live >= 2026-03-10 (723 daily rows).
[ads-status] Serving from memory cache (5288 ads)
[roas-tracker] 149 creatives since 2026-03-10 (28 with funnel data).
[roas-tracker] 149 ads since 2026-03-10.
[roas-tracker] Upserted: 0 new, 149 updated. 0 need predictions.
[roas-tracker] Done. {"snapshots":149,"tracked":149,"newAds":0,"updated":149,"predicted":0}
[FE:ProposalGenerator] getProposals: returned 53 rows
[FE:ProposalGenerator] getProposals: returned 63 rows
[ad-insights] Fetching page 22... (10500 rows so far)
[ad-insights] Done. 22 pages, 10858 total rows.
[ad-insights] Saved to disk: 10858 rows
[roas-tracker] Fetched 8110 Meta rows, 3368 funnel rows.
[roas-tracker] 1717 test campaign rows → 145 ads with go-live >= 2026-03-10 (723 daily rows).
[ads-status] Serving from memory cache (5288 ads)
[roas-tracker] 149 creatives since 2026-03-10 (28 with funnel data).
[roas-tracker] 149 ads since 2026-03-10.
[roas-tracker] Upserted: 0 new, 149 updated. 0 need predictions.
[roas-tracker] Done. {"snapshots":149,"tracked":149,"newAds":0,"updated":149,"predicted":0}
[ad-insights] Done. 22 pages, 10858 total rows.
[ad-insights] Saved to disk: 10858 rows
[roas-tracker] Fetched 8110 Meta rows, 3368 funnel rows.
[roas-tracker] 1717 test campaign rows → 145 ads with go-live >= 2026-03-10 (723 daily rows).
[ads-status] Serving from memory cache (5288 ads)
[roas-tracker] 149 creatives since 2026-03-10 (28 with funnel data).
[roas-tracker] 149 ads since 2026-03-10.
[roas-tracker] Upserted: 0 new, 149 updated. 0 need predictions.
[roas-tracker] Done. {"snapshots":149,"tracked":149,"newAds":0,"updated":149,"predicted":0}
[FE:ProposalGenerator] getProposals: returned 53 rows
[FE:ProposalGenerator] getProposals: returned 63 rows
[FE:ProposalGenerator] getProposals: returned 53 rows
[FE:ProposalGenerator] getProposals: returned 63 rows
[FE:ProposalGenerator] getProposals: returned 53 rows
[FE:ProposalGenerator] getProposals: returned 63 rows
[FE:ProposalGenerator] getProposals: returned 53 rows
[FE:ProposalGenerator] getProposals: returned 63 rows
[FE:ProposalGenerator] getProposals: returned 53 rows
[FE:ProposalGenerator] getProposals: returned 63 rows
[ad-insights] Serving from memory (5012 rows)
[ad-funnel] Serving from memory (1601 rows)
[ad-insights] Serving from memory (5012 rows)
[ad-funnel] Serving from memory (1601 rows)
[ad-insights] Serving from memory (5012 rows)
[ad-funnel] Serving from memory (1601 rows)
[ads-status] Serving from memory cache (5288 ads)
[gc-ad-funnel] Serving from memory (616 rows)
[FE:ProposalGenerator] getProposals: returned 53 rows
[FE:ProposalGenerator] getProposals: returned 63 rows
[ads-status] Serving from memory cache (5288 ads)
[ads-status] Serving from memory cache (5288 ads)
[ad-insights] Serving from memory (499 rows)
[ad-funnel] Serving from memory (164 rows)
[ad-insights] Serving from memory (499 rows)
[ad-funnel] Serving from memory (164 rows)
[ad-insights] Serving from memory (499 rows)
[ad-funnel] Serving from memory (164 rows)
[roas-tracker] Starting snapshot. Only test campaign ads with go-live >= 2026-03-10
[ad-insights] Serving from memory (10858 rows)
[ad-funnel] Serving from memory (3368 rows)
[roas-tracker] Fetched 8110 Meta rows, 3368 funnel rows.
[roas-tracker] 1717 test campaign rows → 145 ads with go-live >= 2026-03-10 (723 daily rows).
[ads-status] Serving from memory cache (5288 ads)
[roas-tracker] 149 creatives since 2026-03-10 (28 with funnel data).
[roas-tracker] 149 ads since 2026-03-10.
[roas-tracker] Upserted: 0 new, 149 updated. 0 need predictions.
[roas-tracker] Done. {"snapshots":149,"tracked":149,"newAds":0,"updated":149,"predicted":0}
[FE:ProposalGenerator] getProposals: returned 53 rows
[FE:ProposalGenerator] getProposals: returned 63 rows
[FE:Scheduler] Starting job: data-quality-check
[FE:DataQuality] Running audit (2026-03-07 -> 2026-04-06, forceFresh=false)
[ad-insights] Serving from disk (12044 rows, 356min old)
[ad-funnel] Serving from disk (3715 rows, 119min old)
[gc-ad-funnel] Serving from memory (616 rows)
[ads-status] Serving from memory cache (5288 ads)
[FE:DataQuality] Audit complete. status=FAIL findings=14
[FE:Scheduler] Completed job: data-quality-check (1319ms, 14 records)
[FE:ProposalGenerator] getProposals: returned 53 rows
[FE:ProposalGenerator] getProposals: returned 63 rows
[FE:ProposalGenerator] getProposals: returned 53 rows
[FE:ProposalGenerator] getProposals: returned 63 rows
[FE:ProposalGenerator] getProposals: returned 53 rows
[FE:ProposalGenerator] getProposals: returned 63 rows
[roas-tracker] Starting snapshot. Only test campaign ads with go-live >= 2026-03-10
[roas-tracker] Starting snapshot. Only test campaign ads with go-live >= 2026-03-10
[roas-tracker] Starting snapshot. Only test campaign ads with go-live >= 2026-03-10
[ad-insights] Fetching page 1...
[ad-funnel] Running Metabase query...
[ad-insights] Fetching page 1...
[ad-funnel] Running Metabase query...
[ad-insights] Fetching page 1...
[ad-funnel] Running Metabase query...
[FE:ProposalGenerator] getProposals: returned 53 rows
[FE:ProposalGenerator] getProposals: returned 63 rows
[ad-insights] Fetching page 2... (500 rows so far)
[ad-insights] Fetching page 2... (500 rows so far)
[ad-insights] Fetching page 2... (500 rows so far)
[ad-insights] Fetching page 3... (1000 rows so far)
[ad-insights] Fetching page 3... (1000 rows so far)
[ad-insights] Fetching page 3... (1000 rows so far)
[ad-insights] Fetching page 4... (1500 rows so far)
[ad-insights] Fetching page 4... (1500 rows so far)
[FE:ProposalGenerator] getProposals: returned 53 rows
[FE:ProposalGenerator] getProposals: returned 63 rows
[ad-insights] Fetching page 5... (2000 rows so far)
[ad-insights] Fetching page 5... (2000 rows so far)
[ad-insights] Fetching page 4... (1500 rows so far)
[ad-funnel] Done. 3370 rows returned. Truncated: false
[ad-funnel] Done. 3370 rows returned. Truncated: false
[ad-funnel] Done. 3370 rows returned. Truncated: false
[ad-insights] Fetching page 6... (2500 rows so far)
[ad-insights] Fetching page 6... (2500 rows so far)
[ad-insights] Fetching page 7... (3000 rows so far)
[ad-insights] Fetching page 5... (2000 rows so far)
[ad-insights] Fetching page 7... (3000 rows so far)
[ad-insights] Fetching page 8... (3500 rows so far)
[ad-insights] Fetching page 6... (2500 rows so far)
[ad-insights] Fetching page 8... (3500 rows so far)
[ad-insights] Fetching page 9... (4000 rows so far)
[ad-insights] Fetching page 9... (4000 rows so far)
[ad-insights] Fetching page 10... (4500 rows so far)
[ad-insights] Fetching page 7... (3000 rows so far)
[FE:ProposalGenerator] getProposals: returned 53 rows
[FE:ProposalGenerator] getProposals: returned 63 rows
[ad-insights] Fetching page 10... (4500 rows so far)
[ad-insights] Fetching page 11... (5000 rows so far)
[ad-insights] Fetching page 8... (3500 rows so far)
[ad-insights] Fetching page 11... (5000 rows so far)
[ad-insights] Fetching page 12... (5500 rows so far)
[ad-insights] Fetching page 12... (5500 rows so far)
[ad-insights] Fetching page 9... (4000 rows so far)
[ad-insights] Fetching page 13... (6000 rows so far)
[ad-insights] Fetching page 13... (6000 rows so far)
[ad-insights] Fetching page 10... (4500 rows so far)
[ad-insights] Fetching page 14... (6500 rows so far)
[ad-insights] Fetching page 11... (5000 rows so far)
[ad-insights] Fetching page 14... (6500 rows so far)
[ad-insights] Fetching page 15... (7000 rows so far)
[ad-insights] Fetching page 12... (5500 rows so far)
[ad-insights] Fetching page 15... (7000 rows so far)
[FE:ProposalGenerator] getProposals: returned 53 rows
[FE:ProposalGenerator] getProposals: returned 63 rows
[ad-insights] Fetching page 13... (6000 rows so far)
[ad-insights] Fetching page 16... (7500 rows so far)
[ad-insights] Fetching page 16... (7500 rows so far)
[ad-insights] Fetching page 14... (6500 rows so far)
[ad-insights] Fetching page 17... (8000 rows so far)
[ad-insights] Fetching page 17... (8000 rows so far)
[ad-insights] Fetching page 15... (7000 rows so far)
[ad-insights] Fetching page 18... (8500 rows so far)
[ad-insights] Fetching page 18... (8500 rows so far)
[ad-insights] Fetching page 16... (7500 rows so far)
[ad-insights] Fetching page 19... (9000 rows so far)
[ad-insights] Fetching page 19... (9000 rows so far)
[ad-insights] Fetching page 17... (8000 rows so far)
[ad-insights] Fetching page 20... (9500 rows so far)
[ad-insights] Fetching page 20... (9500 rows so far)
[ad-insights] Fetching page 18... (8500 rows so far)
[ad-insights] Fetching page 21... (10000 rows so far)
[ad-insights] Fetching page 21... (10000 rows so far)
[FE:ProposalGenerator] getProposals: returned 53 rows
[FE:ProposalGenerator] getProposals: returned 63 rows
[ad-insights] Fetching page 19... (9000 rows so far)
[ad-insights] Fetching page 22... (10500 rows so far)
[ad-insights] Fetching page 22... (10500 rows so far)
[ad-insights] Done. 22 pages, 10858 total rows.
[ad-insights] Saved to disk: 10858 rows
[roas-tracker] Fetched 8110 Meta rows, 3370 funnel rows.
[roas-tracker] 1717 test campaign rows → 145 ads with go-live >= 2026-03-10 (723 daily rows).
[ads-status] Serving from disk cache (5288 ads, 67min old)
[roas-tracker] 149 creatives since 2026-03-10 (28 with funnel data).
[roas-tracker] 149 ads since 2026-03-10.
[roas-tracker] Upserted: 0 new, 149 updated. 0 need predictions.
[roas-tracker] Done. {"snapshots":149,"tracked":149,"newAds":0,"updated":149,"predicted":0}
[ad-insights] Fetching page 20... (9500 rows so far)
[ad-insights] Done. 22 pages, 10858 total rows.
[ad-insights] Saved to disk: 10858 rows
[roas-tracker] Fetched 8110 Meta rows, 3370 funnel rows.
[roas-tracker] 1717 test campaign rows → 145 ads with go-live >= 2026-03-10 (723 daily rows).
[ads-status] Serving from memory cache (5288 ads)
[roas-tracker] 149 creatives since 2026-03-10 (28 with funnel data).
[roas-tracker] 149 ads since 2026-03-10.
[roas-tracker] Upserted: 0 new, 149 updated. 0 need predictions.
[roas-tracker] Done. {"snapshots":149,"tracked":149,"newAds":0,"updated":149,"predicted":0}
[ad-insights] Fetching page 21... (10000 rows so far)
[ad-insights] Fetching page 22... (10500 rows so far)
[ad-insights] Done. 22 pages, 10858 total rows.
[ad-insights] Saved to disk: 10858 rows
[roas-tracker] Fetched 8110 Meta rows, 3370 funnel rows.
[roas-tracker] 1717 test campaign rows → 145 ads with go-live >= 2026-03-10 (723 daily rows).
[ads-status] Serving from memory cache (5288 ads)
[roas-tracker] 149 creatives since 2026-03-10 (28 with funnel data).
[roas-tracker] 149 ads since 2026-03-10.
[roas-tracker] Upserted: 0 new, 149 updated. 0 need predictions.
[roas-tracker] Done. {"snapshots":149,"tracked":149,"newAds":0,"updated":149,"predicted":0}
[ad-insights] Serving from disk (5012 rows, 147min old)
[ad-funnel] Running Metabase query...
[ad-insights] Serving from memory (5012 rows)
[ad-funnel] Running Metabase query...
[ad-insights] Serving from memory (5012 rows)
[ad-funnel] Running Metabase query...
[ads-status] Serving from memory cache (5288 ads)
[gc-ad-funnel] Running Metabase query...
[FE:ProposalGenerator] getProposals: returned 53 rows
[FE:ProposalGenerator] getProposals: returned 63 rows
[ads-status] Serving from memory cache (5288 ads)
[ads-status] Serving from memory cache (5288 ads)
[ad-funnel] Done. 1601 rows returned. Truncated: false
[ad-insights] Serving from disk (499 rows, 180min old)
[ad-funnel] Running Metabase query...
[ad-funnel] Done. 1601 rows returned. Truncated: false
[ad-funnel] Done. 1601 rows returned. Truncated: false
[ad-insights] Serving from memory (499 rows)
[ad-funnel] Running Metabase query...
[ad-insights] Serving from memory (499 rows)
[ad-funnel] Running Metabase query...
[gc-ad-funnel] Done. 616 rows returned. Truncated: false
[ad-funnel] Done. 175 rows returned. Truncated: false
[ad-funnel] Done. 175 rows returned. Truncated: false
[ad-funnel] Done. 175 rows returned. Truncated: false
[FE:ProposalGenerator] getProposals: returned 53 rows
[FE:ProposalGenerator] getProposals: returned 63 rows
[FE:ProposalGenerator] getProposals: returned 53 rows
[FE:ProposalGenerator] getProposals: returned 63 rows
[FE:ProposalGenerator] getProposals: returned 53 rows
[FE:ProposalGenerator] getProposals: returned 63 rows
[FE:ProposalGenerator] getProposals: returned 53 rows
[FE:ProposalGenerator] getProposals: returned 63 rows
[FE:ProposalGenerator] getProposals: returned 53 rows
[FE:ProposalGenerator] getProposals: returned 63 rows
[FE:ProposalGenerator] getProposals: returned 53 rows
[FE:ProposalGenerator] getProposals: returned 63 rows
[FE:Scheduler] Starting job: knowledge-crawl-tier1
[FE:KnowledgeCrawler] Pending TAXONOMY_EXPANSION proposal already exists
[FE:KnowledgeCrawler] Total crawled: 0 new items
[FE:Scheduler] Completed job: knowledge-crawl-tier1 (1ms, 1 records)
[AT Scheduler] Starting optimizer-health...
[AT Optimizer] === Starting health check ===
[AT Optimizer] Fetching live ACTIVE Meta adsets...
[AT Scheduler] Starting enrich-meta...
[AT Metabase Enricher] Starting Meta enrichment...
[AT Scheduler] Starting enrich-google...
[AT Metabase Enricher] Starting Google enrichment...
[GC Scheduler] Starting 6-hour cycle...
[gc/dataFetcher] === Step 1/4: Fetching Metabase adset data ===
[gc/dataFetcher] Fetching Metabase adset performance for last 90 days...
[GC Scheduler] Starting 12-hour recommendations refresh...
[gcRecommendations] Generating RSA briefs...
[TrendScanner] Scheduled scan starting...
[TrendScanner] Starting full scrape...
[TrendScanner] Scheduled concept regeneration...
[CompetitorScheduler] 2026-04-06T18:30:00.543Z — Pipeline started
[CompetitorScheduler] 2026-04-06T18:30:00.543Z — fetch — started
[competitor-meta-fetcher] 2026-04-06T18:30:00.543Z Fetching ads for competitor: Samco
[CompetitorScheduler] 2026-04-06T18:30:00.544Z — briefs — started
[AT Optimizer] Error fetching live Meta adsets: Meta API 400: {"error":{"message":"API calls from the server require an appsecret_proof argument","type":"GraphMethodException","code":100,"fbtrace_id":"AlEm8JQa5cg-IM--YyZDDtJ"}}
[AT Optimizer] Fetching live ENABLED Google adgroups from local DB (last 7 days)...
[AT Optimizer] Found 17 enabled Google adgroups
[AT Optimizer] Health check complete: 1 flags generated
[AT Scheduler] optimizer-health completed
[competitor-meta-fetcher] 2026-04-06T18:30:01.296Z FETCH ERROR: {"error":{"message":"Application does not have permission for this action","type":"OAuthException","code":10,"error_subcode":2332002,"is_transient":false,"error_user_title":"Authorisation and login needed","error_user_msg":"To access the API, you'll need to follow the steps at facebook.com/ads/library/api.","fbtrace_id":"ApxULjUPm5WeubRwJ-eki-p"}}
[competitor-meta-fetcher] 2026-04-06T18:30:01.296Z Failed to fetch ads for Samco: {"error":{"message":"Application does not have permission for this action","type":"OAuthException","code":10,"error_subcode":2332002,"is_transient":false,"error_user_title":"Authorisation and login needed","error_user_msg":"To access the API, you'll need to follow the steps at facebook.com/ads/library/api.","fbtrace_id":"ApxULjUPm5WeubRwJ-eki-p"}}
[competitor-meta-fetcher] 2026-04-06T18:30:01.809Z Fetching ads for competitor: StockGro
[competitor-meta-fetcher] 2026-04-06T18:30:02.137Z FETCH ERROR: {"error":{"message":"Application does not have permission for this action","type":"OAuthException","code":10,"error_subcode":2332002,"is_transient":false,"error_user_title":"Authorisation and login needed","error_user_msg":"To access the API, you'll need to follow the steps at facebook.com/ads/library/api.","fbtrace_id":"A2xiDCTGutXuLzmLObfylWz"}}
[competitor-meta-fetcher] 2026-04-06T18:30:02.137Z Failed to fetch ads for StockGro: {"error":{"message":"Application does not have permission for this action","type":"OAuthException","code":10,"error_subcode":2332002,"is_transient":false,"error_user_title":"Authorisation and login needed","error_user_msg":"To access the API, you'll need to follow the steps at facebook.com/ads/library/api.","fbtrace_id":"A2xiDCTGutXuLzmLObfylWz"}}
[competitor-meta-fetcher] 2026-04-06T18:30:02.645Z Fetching ads for competitor: Sensibull
[competitor-meta-fetcher] 2026-04-06T18:30:02.942Z FETCH ERROR: {"error":{"message":"Application does not have permission for this action","type":"OAuthException","code":10,"error_subcode":2332002,"is_transient":false,"error_user_title":"Authorisation and login needed","error_user_msg":"To access the API, you'll need to follow the steps at facebook.com/ads/library/api.","fbtrace_id":"A42Iv0a8zyJISi0QUl1HI6G"}}
[competitor-meta-fetcher] 2026-04-06T18:30:02.942Z Failed to fetch ads for Sensibull: {"error":{"message":"Application does not have permission for this action","type":"OAuthException","code":10,"error_subcode":2332002,"is_transient":false,"error_user_title":"Authorisation and login needed","error_user_msg":"To access the API, you'll need to follow the steps at facebook.com/ads/library/api.","fbtrace_id":"A42Iv0a8zyJISi0QUl1HI6G"}}
[competitor-meta-fetcher] 2026-04-06T18:30:03.458Z Fetching ads for competitor: Definedge
[competitor-meta-fetcher] 2026-04-06T18:30:03.758Z FETCH ERROR: {"error":{"message":"Application does not have permission for this action","type":"OAuthException","code":10,"error_subcode":2332002,"is_transient":false,"error_user_title":"Authorisation and login needed","error_user_msg":"To access the API, you'll need to follow the steps at facebook.com/ads/library/api.","fbtrace_id":"A4oC_NxxSzPnIL4OFunyshr"}}
[competitor-meta-fetcher] 2026-04-06T18:30:03.758Z Failed to fetch ads for Definedge: {"error":{"message":"Application does not have permission for this action","type":"OAuthException","code":10,"error_subcode":2332002,"is_transient":false,"error_user_title":"Authorisation and login needed","error_user_msg":"To access the API, you'll need to follow the steps at facebook.com/ads/library/api.","fbtrace_id":"A4oC_NxxSzPnIL4OFunyshr"}}
[competitor-meta-fetcher] 2026-04-06T18:30:04.260Z Fetching ads for competitor: Weekend Investing
[competitor-meta-fetcher] 2026-04-06T18:30:04.579Z FETCH ERROR: {"error":{"message":"Application does not have permission for this action","type":"OAuthException","code":10,"error_subcode":2332002,"is_transient":false,"error_user_title":"Authorisation and login needed","error_user_msg":"To access the API, you'll need to follow the steps at facebook.com/ads/library/api.","fbtrace_id":"AX_D6O1_A2ejT4gzylwcGCA"}}
[competitor-meta-fetcher] 2026-04-06T18:30:04.579Z Failed to fetch ads for Weekend Investing: {"error":{"message":"Application does not have permission for this action","type":"OAuthException","code":10,"error_subcode":2332002,"is_transient":false,"error_user_title":"Authorisation and login needed","error_user_msg":"To access the API, you'll need to follow the steps at facebook.com/ads/library/api.","fbtrace_id":"AX_D6O1_A2ejT4gzylwcGCA"}}
[competitor-meta-fetcher] 2026-04-06T18:30:05.087Z Fetching ads for competitor: Capitalmind
[competitor-meta-fetcher] 2026-04-06T18:30:05.402Z FETCH ERROR: {"error":{"message":"Application does not have permission for this action","type":"OAuthException","code":10,"error_subcode":2332002,"is_transient":false,"error_user_title":"Authorisation and login needed","error_user_msg":"To access the API, you'll need to follow the steps at facebook.com/ads/library/api.","fbtrace_id":"AKMFtW0vj-TwXhaqKC5B6vT"}}
[competitor-meta-fetcher] 2026-04-06T18:30:05.402Z Failed to fetch ads for Capitalmind: {"error":{"message":"Application does not have permission for this action","type":"OAuthException","code":10,"error_subcode":2332002,"is_transient":false,"error_user_title":"Authorisation and login needed","error_user_msg":"To access the API, you'll need to follow the steps at facebook.com/ads/library/api.","fbtrace_id":"AKMFtW0vj-TwXhaqKC5B6vT"}}
[competitor-meta-fetcher] 2026-04-06T18:30:05.912Z Fetching ads for competitor: Dhan
[competitor-meta-fetcher] 2026-04-06T18:30:06.226Z FETCH ERROR: {"error":{"message":"Application does not have permission for this action","type":"OAuthException","code":10,"error_subcode":2332002,"is_transient":false,"error_user_title":"Authorisation and login needed","error_user_msg":"To access the API, you'll need to follow the steps at facebook.com/ads/library/api.","fbtrace_id":"AN7TIMs2ZLiyxgWGhblIXUR"}}
[competitor-meta-fetcher] 2026-04-06T18:30:06.226Z Failed to fetch ads for Dhan: {"error":{"message":"Application does not have permission for this action","type":"OAuthException","code":10,"error_subcode":2332002,"is_transient":false,"error_user_title":"Authorisation and login needed","error_user_msg":"To access the API, you'll need to follow the steps at facebook.com/ads/library/api.","fbtrace_id":"AN7TIMs2ZLiyxgWGhblIXUR"}}
[competitor-meta-fetcher] 2026-04-06T18:30:06.726Z Fetching ads for competitor: Zerodha
[competitor-meta-fetcher] 2026-04-06T18:30:07.035Z FETCH ERROR: {"error":{"message":"Application does not have permission for this action","type":"OAuthException","code":10,"error_subcode":2332002,"is_transient":false,"error_user_title":"Authorisation and login needed","error_user_msg":"To access the API, you'll need to follow the steps at facebook.com/ads/library/api.","fbtrace_id":"AhJKyTwzcQF5H13-ihmlT5L"}}
[competitor-meta-fetcher] 2026-04-06T18:30:07.035Z Failed to fetch ads for Zerodha: {"error":{"message":"Application does not have permission for this action","type":"OAuthException","code":10,"error_subcode":2332002,"is_transient":false,"error_user_title":"Authorisation and login needed","error_user_msg":"To access the API, you'll need to follow the steps at facebook.com/ads/library/api.","fbtrace_id":"AhJKyTwzcQF5H13-ihmlT5L"}}
[competitor-meta-fetcher] 2026-04-06T18:30:07.543Z Fetching ads for competitor: Groww
[competitor-meta-fetcher] 2026-04-06T18:30:07.858Z FETCH ERROR: {"error":{"message":"Application does not have permission for this action","type":"OAuthException","code":10,"error_subcode":2332002,"is_transient":false,"error_user_title":"Authorisation and login needed","error_user_msg":"To access the API, you'll need to follow the steps at facebook.com/ads/library/api.","fbtrace_id":"AdsFICPSm5eRXNYgteeCMmH"}}
[competitor-meta-fetcher] 2026-04-06T18:30:07.859Z Failed to fetch ads for Groww: {"error":{"message":"Application does not have permission for this action","type":"OAuthException","code":10,"error_subcode":2332002,"is_transient":false,"error_user_title":"Authorisation and login needed","error_user_msg":"To access the API, you'll need to follow the steps at facebook.com/ads/library/api.","fbtrace_id":"AdsFICPSm5eRXNYgteeCMmH"}}
[competitor-meta-fetcher] 2026-04-06T18:30:08.362Z Fetching ads for competitor: Angel One
[CompetitorScheduler] 2026-04-06T18:30:08.530Z — briefs — done in 7986ms, records: 0
[competitor-meta-fetcher] 2026-04-06T18:30:08.680Z FETCH ERROR: {"error":{"message":"Application does not have permission for this action","type":"OAuthException","code":10,"error_subcode":2332002,"is_transient":false,"error_user_title":"Authorisation and login needed","error_user_msg":"To access the API, you'll need to follow the steps at facebook.com/ads/library/api.","fbtrace_id":"AI7vZTNrwBME85sh-VByshr"}}
[competitor-meta-fetcher] 2026-04-06T18:30:08.680Z Failed to fetch ads for Angel One: {"error":{"message":"Application does not have permission for this action","type":"OAuthException","code":10,"error_subcode":2332002,"is_transient":false,"error_user_title":"Authorisation and login needed","error_user_msg":"To access the API, you'll need to follow the steps at facebook.com/ads/library/api.","fbtrace_id":"AI7vZTNrwBME85sh-VByshr"}}
[competitor-meta-fetcher] 2026-04-06T18:30:09.181Z Fetching ads for competitor: Upstox
[competitor-meta-fetcher] 2026-04-06T18:30:09.525Z FETCH ERROR: {"error":{"message":"Application does not have permission for this action","type":"OAuthException","code":10,"error_subcode":2332002,"is_transient":false,"error_user_title":"Authorisation and login needed","error_user_msg":"To access the API, you'll need to follow the steps at facebook.com/ads/library/api.","fbtrace_id":"AT5GrVew4wTqWswcMOLD3o7"}}
[competitor-meta-fetcher] 2026-04-06T18:30:09.525Z Failed to fetch ads for Upstox: {"error":{"message":"Application does not have permission for this action","type":"OAuthException","code":10,"error_subcode":2332002,"is_transient":false,"error_user_title":"Authorisation and login needed","error_user_msg":"To access the API, you'll need to follow the steps at facebook.com/ads/library/api.","fbtrace_id":"AT5GrVew4wTqWswcMOLD3o7"}}
[competitor-meta-fetcher] 2026-04-06T18:30:10.027Z Fetching ads for competitor: 5paisa
[competitor-meta-fetcher] 2026-04-06T18:30:10.341Z FETCH ERROR: {"error":{"message":"Application does not have permission for this action","type":"OAuthException","code":10,"error_subcode":2332002,"is_transient":false,"error_user_title":"Authorisation and login needed","error_user_msg":"To access the API, you'll need to follow the steps at facebook.com/ads/library/api.","fbtrace_id":"Af_Rz_7WEM0292CI4iFRiuF"}}
[competitor-meta-fetcher] 2026-04-06T18:30:10.341Z Failed to fetch ads for 5paisa: {"error":{"message":"Application does not have permission for this action","type":"OAuthException","code":10,"error_subcode":2332002,"is_transient":false,"error_user_title":"Authorisation and login needed","error_user_msg":"To access the API, you'll need to follow the steps at facebook.com/ads/library/api.","fbtrace_id":"Af_Rz_7WEM0292CI4iFRiuF"}}
[competitor-meta-fetcher] 2026-04-06T18:30:10.843Z Fetching ads for competitor: Paytm Money
[gcRecommendations] Stored 3 RSA briefs
[gcRecommendations] Generating VIDEO briefs...
[competitor-meta-fetcher] 2026-04-06T18:30:11.166Z FETCH ERROR: {"error":{"message":"Application does not have permission for this action","type":"OAuthException","code":10,"error_subcode":2332002,"is_transient":false,"error_user_title":"Authorisation and login needed","error_user_msg":"To access the API, you'll need to follow the steps at facebook.com/ads/library/api.","fbtrace_id":"AMioGBjZbSimBbBG28Lctcn"}}
[competitor-meta-fetcher] 2026-04-06T18:30:11.166Z Failed to fetch ads for Paytm Money: {"error":{"message":"Application does not have permission for this action","type":"OAuthException","code":10,"error_subcode":2332002,"is_transient":false,"error_user_title":"Authorisation and login needed","error_user_msg":"To access the API, you'll need to follow the steps at facebook.com/ads/library/api.","fbtrace_id":"AMioGBjZbSimBbBG28Lctcn"}}
[competitor-meta-fetcher] 2026-04-06T18:30:11.676Z API returned no ads — seeding cache with demo data for pipeline to work
[competitor-meta-fetcher] 2026-04-06T18:30:11.678Z fetchAllCompetitorAds complete: 92 total ads from 13 competitors, 13 errors (DEMO DATA)
[competitor-meta-fetcher] 2026-04-06T18:30:11.678Z Univest cache still valid, skipping fetch
[CompetitorScheduler] 2026-04-06T18:30:11.679Z — fetch — done in 11136ms, records: 92
[CompetitorScheduler] 2026-04-06T18:30:11.679Z — classify — started
[CompetitorScheduler] 2026-04-06T18:30:11.680Z — classify — done in 1ms, records: 92
[CompetitorScheduler] 2026-04-06T18:30:11.680Z — trends — started
[competitor-trends] Computed trends: 92 ads, 13 competitors, 6 themes
[CompetitorScheduler] 2026-04-06T18:30:11.684Z — trends — done in 4ms, records: 0
[CompetitorScheduler] 2026-04-06T18:30:11.684Z — radar — started
[CompetitorScheduler] 2026-04-06T18:30:12.611Z — radar — done in 927ms, records: 0
[CompetitorScheduler] 2026-04-06T18:30:12.611Z — Pipeline finished in 12068ms
[FE:ProposalGenerator] getProposals: returned 53 rows
[FE:ProposalGenerator] getProposals: returned 63 rows
[gcRecommendations] Stored 2 VIDEO briefs
[gcRecommendations] Generating PMAX briefs...
[TrendScanner] Synthesizing...
[gcRecommendations] Stored 2 PMAX briefs
[GC Scheduler] Recommendations refresh complete.
[FE:ProposalGenerator] getProposals: returned 53 rows
[FE:ProposalGenerator] getProposals: returned 63 rows
[FE:ProposalGenerator] getProposals: returned 53 rows
[FE:ProposalGenerator] getProposals: returned 63 rows
[TrendScanner] Generating concepts...
[ad-insights] Serving from memory (5012 rows)
[ad-funnel] Serving from memory (1601 rows)
[ad-insights] Serving from memory (5012 rows)
[ad-funnel] Serving from memory (1601 rows)
[ad-insights] Serving from memory (5012 rows)
[ad-funnel] Serving from memory (1601 rows)
[ads-status] Serving from memory cache (5288 ads)
[gc-ad-funnel] Serving from memory (616 rows)
[FE:ProposalGenerator] getProposals: returned 53 rows
[FE:ProposalGenerator] getProposals: returned 63 rows
[ads-status] Serving from memory cache (5288 ads)
[ads-status] Serving from memory cache (5288 ads)
[ad-insights] Serving from memory (499 rows)
[ad-funnel] Serving from memory (175 rows)
[ad-insights] Serving from memory (499 rows)
[ad-funnel] Serving from memory (175 rows)
[ad-insights] Serving from memory (499 rows)
[ad-funnel] Serving from memory (175 rows)
[FE:ProposalGenerator] getProposals: returned 53 rows
[FE:ProposalGenerator] getProposals: returned 63 rows
[FE:ProposalGenerator] getProposals: returned 53 rows
[FE:ProposalGenerator] getProposals: returned 63 rows
[FE:ProposalGenerator] getProposals: returned 53 rows
[FE:ProposalGenerator] getProposals: returned 63 rows
[FE:ProposalGenerator] getProposals: returned 53 rows
[FE:ProposalGenerator] getProposals: returned 63 rows
[roas-tracker] Starting snapshot. Only test campaign ads with go-live >= 2026-03-10
[roas-tracker] Starting snapshot. Only test campaign ads with go-live >= 2026-03-10
[roas-tracker] Starting snapshot. Only test campaign ads with go-live >= 2026-03-10
[FE:ProposalGenerator] getProposals: returned 53 rows
[ad-insights] Fetching page 1...
[ad-funnel] Running Metabase query...
[ad-insights] Fetching page 1...
[ad-funnel] Running Metabase query...
[ad-insights] Fetching page 1...
[ad-funnel] Running Metabase query...
[FE:ProposalGenerator] getProposals: returned 63 rows
[ad-insights] Fetching page 2... (500 rows so far)
[ad-insights] Fetching page 2... (500 rows so far)
[ad-insights] Fetching page 2... (500 rows so far)
[ad-insights] Fetching page 3... (1000 rows so far)
[ad-insights] Fetching page 3... (1000 rows so far)
[ad-insights] Fetching page 3... (1000 rows so far)
[ad-funnel] Done. 3371 rows returned. Truncated: false
[ad-insights] Fetching page 4... (1500 rows so far)
[ad-insights] Fetching page 4... (1500 rows so far)
[ad-funnel] Done. 3371 rows returned. Truncated: false
[ad-funnel] Done. 3371 rows returned. Truncated: false
[ad-insights] Fetching page 4... (1500 rows so far)
[ad-insights] Fetching page 5... (2000 rows so far)
[ad-insights] Fetching page 5... (2000 rows so far)
[ad-insights] Fetching page 5... (2000 rows so far)
[ad-insights] Fetching page 6... (2500 rows so far)
[ad-insights] Fetching page 6... (2500 rows so far)
[ad-insights] Fetching page 6... (2500 rows so far)
[ad-insights] Fetching page 7... (3000 rows so far)
[FE:ProposalGenerator] getProposals: returned 53 rows
[FE:ProposalGenerator] getProposals: returned 63 rows
[ad-insights] Fetching page 7... (3000 rows so far)
[ad-insights] Fetching page 7... (3000 rows so far)
[ad-insights] Fetching page 8... (3500 rows so far)
[ad-insights] Fetching page 8... (3500 rows so far)
[ad-insights] Fetching page 8... (3500 rows so far)
[ad-insights] Fetching page 9... (4000 rows so far)
[ad-insights] Fetching page 9... (4000 rows so far)
[ad-insights] Fetching page 9... (4000 rows so far)
[ad-insights] Fetching page 10... (4500 rows so far)
[ad-insights] Fetching page 10... (4500 rows so far)
[ad-insights] Fetching page 10... (4500 rows so far)
[ad-insights] Fetching page 11... (5000 rows so far)
[ad-insights] Fetching page 11... (5000 rows so far)
[ad-insights] Fetching page 11... (5000 rows so far)
[ad-insights] Fetching page 12... (5500 rows so far)
[ad-insights] Fetching page 12... (5500 rows so far)
[ad-insights] Fetching page 12... (5500 rows so far)
[ad-insights] Fetching page 13... (6000 rows so far)
[FE:ProposalGenerator] getProposals: returned 53 rows
[FE:ProposalGenerator] getProposals: returned 63 rows
[ad-insights] Fetching page 13... (6000 rows so far)
[ad-insights] Fetching page 13... (6000 rows so far)
[ad-insights] Fetching page 14... (6500 rows so far)
[ad-insights] Fetching page 14... (6500 rows so far)
[ad-insights] Fetching page 14... (6500 rows so far)
[ad-insights] Fetching page 15... (7000 rows so far)
[ad-insights] Fetching page 15... (7000 rows so far)
[ad-insights] Fetching page 15... (7000 rows so far)
[ad-insights] Fetching page 16... (7500 rows so far)
[ad-insights] Fetching page 16... (7500 rows so far)
[ad-insights] Fetching page 16... (7500 rows so far)
[ad-insights] Fetching page 17... (8000 rows so far)
[ad-insights] Fetching page 17... (8000 rows so far)
[ad-insights] Fetching page 17... (8000 rows so far)
[ad-insights] Fetching page 18... (8500 rows so far)
[ad-insights] Fetching page 18... (8500 rows so far)
[FE:ProposalGenerator] getProposals: returned 53 rows
[FE:ProposalGenerator] getProposals: returned 63 rows
[ad-insights] Fetching page 18... (8500 rows so far)
[ad-insights] Fetching page 19... (9000 rows so far)
[ad-insights] Fetching page 19... (9000 rows so far)
[ad-insights] Fetching page 19... (9000 rows so far)
[ad-insights] Fetching page 20... (9500 rows so far)
[ad-insights] Fetching page 20... (9500 rows so far)
[ad-insights] Fetching page 20... (9500 rows so far)
[ad-insights] Fetching page 21... (10000 rows so far)
[ad-insights] Fetching page 21... (10000 rows so far)
[ad-insights] Fetching page 21... (10000 rows so far)
[ad-insights] Fetching page 22... (10500 rows so far)
[ad-insights] Fetching page 22... (10500 rows so far)
[ad-insights] Fetching page 22... (10500 rows so far)
[ad-insights] Done. 22 pages, 10858 total rows.
[ad-insights] Saved to disk: 10858 rows
[roas-tracker] Fetched 8110 Meta rows, 3371 funnel rows.
[roas-tracker] 1717 test campaign rows → 145 ads with go-live >= 2026-03-10 (723 daily rows).
[ads-status] Serving from memory cache (5288 ads)
[roas-tracker] 149 creatives since 2026-03-10 (28 with funnel data).
[roas-tracker] 149 ads since 2026-03-10.
[roas-tracker] Upserted: 0 new, 149 updated. 0 need predictions.
[roas-tracker] Done. {"snapshots":149,"tracked":149,"newAds":0,"updated":149,"predicted":0}
[ad-insights] Done. 22 pages, 10858 total rows.
[ad-insights] Saved to disk: 10858 rows
[roas-tracker] Fetched 8110 Meta rows, 3371 funnel rows.
[roas-tracker] 1717 test campaign rows → 145 ads with go-live >= 2026-03-10 (723 daily rows).
[ads-status] Serving from memory cache (5288 ads)
[roas-tracker] 149 creatives since 2026-03-10 (28 with funnel data).
[roas-tracker] 149 ads since 2026-03-10.
[roas-tracker] Upserted: 0 new, 149 updated. 0 need predictions.
[roas-tracker] Done. {"snapshots":149,"tracked":149,"newAds":0,"updated":149,"predicted":0}
[FE:ProposalGenerator] getProposals: returned 53 rows
[FE:ProposalGenerator] getProposals: returned 63 rows
[ad-insights] Done. 22 pages, 10858 total rows.
[ad-insights] Saved to disk: 10858 rows
[roas-tracker] Fetched 8110 Meta rows, 3371 funnel rows.
[roas-tracker] 1717 test campaign rows → 145 ads with go-live >= 2026-03-10 (723 daily rows).
[ads-status] Serving from memory cache (5288 ads)
[roas-tracker] 149 creatives since 2026-03-10 (28 with funnel data).
[roas-tracker] 149 ads since 2026-03-10.
[roas-tracker] Upserted: 0 new, 149 updated. 0 need predictions.
[roas-tracker] Done. {"snapshots":149,"tracked":149,"newAds":0,"updated":149,"predicted":0}
[ad-insights] Serving from memory (5012 rows)
[ad-funnel] Serving from memory (1601 rows)
[ad-insights] Serving from memory (5012 rows)
[ad-funnel] Serving from memory (1601 rows)
[ad-insights] Serving from memory (5012 rows)
[ad-funnel] Serving from memory (1601 rows)
[ads-status] Serving from memory cache (5288 ads)
[gc-ad-funnel] Serving from memory (616 rows)
[FE:ProposalGenerator] getProposals: returned 53 rows
[FE:ProposalGenerator] getProposals: returned 63 rows
[ads-status] Serving from memory cache (5288 ads)
[ads-status] Serving from memory cache (5288 ads)
[ad-insights] Serving from memory (499 rows)
[ad-funnel] Serving from memory (175 rows)
[ad-insights] Serving from memory (499 rows)
[ad-funnel] Serving from memory (175 rows)
[ad-insights] Serving from memory (499 rows)
[ad-funnel] Serving from memory (175 rows)
[FE:ProposalGenerator] getProposals: returned 53 rows
[FE:ProposalGenerator] getProposals: returned 63 rows
[FE:ProposalGenerator] getProposals: returned 53 rows
[FE:ProposalGenerator] getProposals: returned 63 rows
[FE:ProposalGenerator] getProposals: returned 53 rows
[FE:ProposalGenerator] getProposals: returned 63 rows
[FE:ProposalGenerator] getProposals: returned 53 rows
[FE:ProposalGenerator] getProposals: returned 63 rows
[FE:ProposalGenerator] getProposals: returned 53 rows
[FE:ProposalGenerator] getProposals: returned 63 rows
[FE:ProposalGenerator] getProposals: returned 53 rows
[FE:ProposalGenerator] getProposals: returned 63 rows
[FE:ProposalGenerator] getProposals: returned 53 rows
[FE:ProposalGenerator] getProposals: returned 63 rows
[FE:ProposalGenerator] getProposals: returned 53 rows
[FE:ProposalGenerator] getProposals: returned 63 rows
[FE:ProposalGenerator] getProposals: returned 53 rows
[FE:ProposalGenerator] getProposals: returned 63 rows
[roas-tracker] Starting snapshot. Only test campaign ads with go-live >= 2026-03-10
[roas-tracker] Starting snapshot. Only test campaign ads with go-live >= 2026-03-10
[ad-funnel] Serving from memory (1601 rows)
[ad-insights] Serving from disk (5012 rows, 177min old)
[ad-insights] Serving from memory (5012 rows)
[ads-status] Serving from memory cache (5288 ads)
[ad-funnel] Serving from memory (1601 rows)
[ad-insights] Serving from memory (5012 rows)
[ad-funnel] Serving from memory (1601 rows)
[ad-funnel] Running Metabase query...
[ad-insights] Fetching page 1...
[ad-insights] Fetching page 1...
[ad-funnel] Running Metabase query...
[gc-ad-funnel] Serving from memory (616 rows)
[ads-status] Serving from memory cache (5288 ads)
[FE:ProposalGenerator] getProposals: returned 53 rows
[FE:ProposalGenerator] getProposals: returned 63 rows
[ads-status] Serving from memory cache (5288 ads)
[ad-insights] Serving from memory (499 rows)
[ad-funnel] Serving from memory (175 rows)
[ad-insights] Serving from memory (499 rows)
[ad-funnel] Serving from memory (175 rows)
[ad-insights] Serving from memory (499 rows)
[ad-funnel] Serving from memory (175 rows)
[ad-insights] Serving from memory (499 rows)
[ad-funnel] Serving from memory (175 rows)
[ad-insights] Serving from memory (499 rows)
[ad-funnel] Serving from memory (175 rows)
[ad-insights] Fetching page 2... (500 rows so far)
[ad-insights] Fetching page 2... (500 rows so far)
[ad-insights] Fetching page 3... (1000 rows so far)
[ad-insights] Fetching page 3... (1000 rows so far)
[ad-insights] Fetching page 4... (1500 rows so far)
[ad-insights] Fetching page 4... (1500 rows so far)
[ad-funnel] Done. 3371 rows returned. Truncated: false
[ad-funnel] Done. 3371 rows returned. Truncated: false
[ad-insights] Fetching page 5... (2000 rows so far)
[ad-insights] Fetching page 5... (2000 rows so far)
[ad-insights] Fetching page 6... (2500 rows so far)
[ad-insights] Fetching page 6... (2500 rows so far)
[ad-insights] Fetching page 7... (3000 rows so far)
[ad-insights] Fetching page 7... (3000 rows so far)
[FE:ProposalGenerator] getProposals: returned 53 rows
[FE:ProposalGenerator] getProposals: returned 63 rows
[ad-insights] Fetching page 8... (3500 rows so far)
[ad-insights] Fetching page 8... (3500 rows so far)
[ad-insights] Fetching page 9... (4000 rows so far)
[ad-insights] Fetching page 9... (4000 rows so far)
[ad-insights] Fetching page 10... (4500 rows so far)
[ad-insights] Fetching page 10... (4500 rows so far)
[ad-insights] Fetching page 11... (5000 rows so far)
[ad-insights] Fetching page 11... (5000 rows so far)
[ad-insights] Fetching page 12... (5500 rows so far)
[ad-insights] Fetching page 12... (5500 rows so far)
[ad-insights] Fetching page 13... (6000 rows so far)
[FE:ProposalGenerator] getProposals: returned 53 rows
[FE:ProposalGenerator] getProposals: returned 63 rows
[ad-insights] Fetching page 13... (6000 rows so far)
[ad-insights] Fetching page 14... (6500 rows so far)
[ad-insights] Fetching page 14... (6500 rows so far)
[ad-insights] Fetching page 15... (7000 rows so far)
[ad-insights] Fetching page 15... (7000 rows so far)
[ad-insights] Fetching page 16... (7500 rows so far)
[ad-insights] Fetching page 16... (7500 rows so far)
[ad-insights] Fetching page 17... (8000 rows so far)
[ad-insights] Fetching page 17... (8000 rows so far)
[ad-insights] Fetching page 18... (8500 rows so far)
[ad-insights] Fetching page 18... (8500 rows so far)
[FE:ProposalGenerator] getProposals: returned 53 rows
[FE:ProposalGenerator] getProposals: returned 63 rows
[ad-insights] Fetching page 19... (9000 rows so far)
[ad-insights] Fetching page 19... (9000 rows so far)
[ad-insights] Fetching page 20... (9500 rows so far)
[ad-insights] Fetching page 20... (9500 rows so far)
[ad-insights] Fetching page 21... (10000 rows so far)
[ad-insights] Fetching page 21... (10000 rows so far)
[ad-insights] Fetching page 22... (10500 rows so far)
[ad-insights] Fetching page 22... (10500 rows so far)
[ad-insights] Done. 22 pages, 10858 total rows.
[ad-insights] Saved to disk: 10858 rows
[roas-tracker] Fetched 8110 Meta rows, 3371 funnel rows.
[roas-tracker] 1717 test campaign rows → 145 ads with go-live >= 2026-03-10 (723 daily rows).
[ads-status] Serving from memory cache (5288 ads)
[roas-tracker] 149 creatives since 2026-03-10 (28 with funnel data).
[roas-tracker] 149 ads since 2026-03-10.
[roas-tracker] Upserted: 0 new, 149 updated. 0 need predictions.
[roas-tracker] Done. {"snapshots":149,"tracked":149,"newAds":0,"updated":149,"predicted":0}
[ad-insights] Done. 22 pages, 10858 total rows.
[ad-insights] Saved to disk: 10858 rows
[roas-tracker] Fetched 8110 Meta rows, 3371 funnel rows.
[roas-tracker] 1717 test campaign rows → 145 ads with go-live >= 2026-03-10 (723 daily rows).
[ads-status] Serving from memory cache (5288 ads)
[roas-tracker] 149 creatives since 2026-03-10 (28 with funnel data).
[roas-tracker] 149 ads since 2026-03-10.
[roas-tracker] Upserted: 0 new, 149 updated. 0 need predictions.
[roas-tracker] Done. {"snapshots":149,"tracked":149,"newAds":0,"updated":149,"predicted":0}
[FE:ProposalGenerator] getProposals: returned 53 rows
[FE:ProposalGenerator] getProposals: returned 63 rows
[roas-tracker] Starting snapshot. Only test campaign ads with go-live >= 2026-03-10
[ad-insights] Fetching page 1...
[ad-funnel] Running Metabase query...
[FE:ProposalGenerator] getProposals: returned 53 rows
[FE:ProposalGenerator] getProposals: returned 63 rows
[ad-insights] Fetching page 2... (500 rows so far)
[ad-insights] Fetching page 3... (1000 rows so far)
[ad-funnel] Done. 3371 rows returned. Truncated: false
[ad-insights] Fetching page 4... (1500 rows so far)
[ad-insights] Fetching page 5... (2000 rows so far)
[ad-insights] Fetching page 6... (2500 rows so far)
[FE:ProposalGenerator] getProposals: returned 53 rows
[FE:ProposalGenerator] getProposals: returned 63 rows
[ad-insights] Fetching page 7... (3000 rows so far)
[ad-insights] Fetching page 8... (3500 rows so far)
[ad-insights] Fetching page 9... (4000 rows so far)
[ad-insights] Fetching page 10... (4500 rows so far)
[ad-insights] Fetching page 11... (5000 rows so far)
[FE:Scheduler] Starting job: watcher-refresh
[FE:Watcher] Refreshing Meta prediction accuracy...
[FE:Watcher] Meta predictions: 0 processed, 310 skipped
[FE:Watcher] Refreshing Google prediction accuracy...
[FE:Watcher] Google predictions: 0 processed, 0 skipped
[FE:Watcher] Refreshing recommendation tracking...
[FE:Watcher] ci_recommendations not found: no such table: ci_recommendations
[FE:Watcher] Recommendation tracking: 3 processed
[FE:Watcher] Refreshing competitor signal accuracy...
[FE:Watcher] Competitor signals: 0 processed
[FE:Watcher] Full refresh complete: 3 records processed
[FE:Scheduler] Completed job: watcher-refresh (45ms, 1 records)
[ad-insights] Fetching page 12... (5500 rows so far)
[ad-insights] Fetching page 13... (6000 rows so far)
[FE:ProposalGenerator] getProposals: returned 53 rows
[FE:ProposalGenerator] getProposals: returned 63 rows
[ad-insights] Fetching page 14... (6500 rows so far)
[ad-insights] Fetching page 15... (7000 rows so far)
[ad-insights] Fetching page 16... (7500 rows so far)
[ad-insights] Fetching page 17... (8000 rows so far)
[ad-insights] Fetching page 18... (8500 rows so far)
[FE:ProposalGenerator] getProposals: returned 53 rows
[FE:ProposalGenerator] getProposals: returned 63 rows
[ad-insights] Fetching page 19... (9000 rows so far)
[ad-insights] Fetching page 20... (9500 rows so far)
[ad-insights] Fetching page 21... (10000 rows so far)
[ad-insights] Fetching page 22... (10500 rows so far)
[ad-insights] Done. 22 pages, 10858 total rows.
[ad-insights] Saved to disk: 10858 rows
[roas-tracker] Fetched 8110 Meta rows, 3371 funnel rows.
[roas-tracker] 1717 test campaign rows → 145 ads with go-live >= 2026-03-10 (723 daily rows).
[ads-status] Serving from memory cache (5288 ads)
[roas-tracker] 149 creatives since 2026-03-10 (28 with funnel data).
[roas-tracker] 149 ads since 2026-03-10.
[roas-tracker] Upserted: 0 new, 149 updated. 0 need predictions.
[roas-tracker] Done. {"snapshots":149,"tracked":149,"newAds":0,"updated":149,"predicted":0}
[FE:ProposalGenerator] getProposals: returned 53 rows
[FE:ProposalGenerator] getProposals: returned 63 rows
[ad-insights] Serving from memory (5012 rows)
[ad-funnel] Serving from disk (1601 rows, 40min old)
[ad-insights] Serving from memory (5012 rows)
[ad-funnel] Serving from memory (1601 rows)
[ad-insights] Serving from memory (5012 rows)
[ad-funnel] Serving from memory (1601 rows)
[ads-status] Serving from memory cache (5288 ads)
[gc-ad-funnel] Serving from disk (616 rows, 39min old)
[FE:ProposalGenerator] getProposals: returned 53 rows
[FE:ProposalGenerator] getProposals: returned 63 rows
[ads-status] Serving from memory cache (5288 ads)
[ads-status] Serving from memory cache (5288 ads)
[ad-insights] Serving from disk (499 rows, 220min old)
[ad-funnel] Serving from disk (175 rows, 39min old)
[ad-insights] Serving from memory (499 rows)
[ad-funnel] Serving from memory (175 rows)
[ad-insights] Serving from memory (499 rows)
[ad-funnel] Serving from memory (175 rows)
[FE:ProposalGenerator] getProposals: returned 53 rows
[FE:ProposalGenerator] getProposals: returned 63 rows
[FE:ProposalGenerator] getProposals: returned 53 rows
[FE:ProposalGenerator] getProposals: returned 63 rows
[FE:ProposalGenerator] getProposals: returned 53 rows
[FE:ProposalGenerator] getProposals: returned 63 rows
[FE:ProposalGenerator] getProposals: returned 53 rows
[FE:ProposalGenerator] getProposals: returned 63 rows
[FE:ProposalGenerator] getProposals: returned 53 rows
[FE:ProposalGenerator] getProposals: returned 63 rows
[FE:ProposalGenerator] getProposals: returned 53 rows
[FE:ProposalGenerator] getProposals: returned 63 rows
[FE:ProposalGenerator] getProposals: returned 53 rows
[FE:ProposalGenerator] getProposals: returned 63 rows
[FE:ProposalGenerator] getProposals: returned 53 rows
[FE:ProposalGenerator] getProposals: returned 63 rows
[FE:ProposalGenerator] getProposals: returned 53 rows
[FE:ProposalGenerator] getProposals: returned 63 rows
[roas-tracker] Starting snapshot. Only test campaign ads with go-live >= 2026-03-10
[roas-tracker] Starting snapshot. Only test campaign ads with go-live >= 2026-03-10
[ad-insights] Serving from memory (5012 rows)
[ad-funnel] Serving from memory (1601 rows)
[ad-insights] Serving from memory (5012 rows)
[ads-status] Serving from memory cache (5288 ads)
[ad-funnel] Serving from memory (1601 rows)
[ad-insights] Serving from memory (5012 rows)
[ad-funnel] Serving from memory (1601 rows)
[ad-insights] Fetching page 1...
[ad-funnel] Running Metabase query...
[ad-insights] Fetching page 1...
[ad-funnel] Running Metabase query...
[gc-ad-funnel] Serving from memory (616 rows)
[FE:ProposalGenerator] getProposals: returned 53 rows
[FE:ProposalGenerator] getProposals: returned 63 rows
[ads-status] Serving from memory cache (5288 ads)
[ads-status] Serving from memory cache (5288 ads)
[ad-insights] Serving from memory (499 rows)
[ad-funnel] Serving from memory (175 rows)
[ad-insights] Serving from memory (499 rows)
[ad-funnel] Serving from memory (175 rows)
[ad-insights] Serving from memory (499 rows)
[ad-funnel] Serving from memory (175 rows)
[ad-insights] Fetching page 2... (500 rows so far)
[ad-insights] Fetching page 2... (500 rows so far)
[roas-tracker] Starting snapshot. Only test campaign ads with go-live >= 2026-03-10
[ad-insights] Serving from memory (10858 rows)
[ad-funnel] Serving from memory (3371 rows)
[roas-tracker] Fetched 8110 Meta rows, 3371 funnel rows.
[roas-tracker] 1717 test campaign rows → 145 ads with go-live >= 2026-03-10 (723 daily rows).
[ads-status] Serving from memory cache (5288 ads)
[roas-tracker] 149 creatives since 2026-03-10 (28 with funnel data).
[roas-tracker] 149 ads since 2026-03-10.
[roas-tracker] Upserted: 0 new, 149 updated. 0 need predictions.
[roas-tracker] Done. {"snapshots":149,"tracked":149,"newAds":0,"updated":149,"predicted":0}
[ad-insights] Fetching page 3... (1000 rows so far)
[ad-insights] Fetching page 3... (1000 rows so far)
[ad-funnel] Done. 3371 rows returned. Truncated: false
[ad-funnel] Done. 3371 rows returned. Truncated: false
[ad-insights] Fetching page 4... (1500 rows so far)
[ad-insights] Fetching page 4... (1500 rows so far)
[ad-insights] Fetching page 5... (2000 rows so far)
[ad-insights] Fetching page 5... (2000 rows so far)
[ad-insights] Fetching page 6... (2500 rows so far)
[ad-insights] Fetching page 6... (2500 rows so far)
[FE:ProposalGenerator] getProposals: returned 53 rows
[FE:ProposalGenerator] getProposals: returned 63 rows
[ad-insights] Fetching page 7... (3000 rows so far)
[ad-insights] Fetching page 7... (3000 rows so far)
[ad-insights] Fetching page 8... (3500 rows so far)
[ad-insights] Fetching page 8... (3500 rows so far)
[ad-insights] Fetching page 9... (4000 rows so far)
[ad-insights] Fetching page 9... (4000 rows so far)
[ad-insights] Fetching page 10... (4500 rows so far)
[FE:Scheduler] Starting job: data-quality-check
[FE:DataQuality] Running audit (2026-03-07 -> 2026-04-06, forceFresh=false)
[ad-insights] Fetching page 1...
[ad-funnel] Running Metabase query...
[gc-ad-funnel] Serving from memory (616 rows)
[ads-status] Serving from memory cache (5288 ads)
[ad-insights] Fetching page 10... (4500 rows so far)
[ad-insights] Fetching page 11... (5000 rows so far)
[ad-insights] Fetching page 11... (5000 rows so far)
[ad-insights] Fetching page 2... (500 rows so far)
[FE:ProposalGenerator] getProposals: returned 53 rows
[FE:ProposalGenerator] getProposals: returned 63 rows
[ad-insights] Fetching page 12... (5500 rows so far)
[ad-insights] Fetching page 3... (1000 rows so far)
[ad-insights] Fetching page 12... (5500 rows so far)
[ad-insights] Fetching page 13... (6000 rows so far)
[ad-funnel] Done. 3726 rows returned. Truncated: false
[ad-insights] Fetching page 13... (6000 rows so far)
[ad-insights] Fetching page 4... (1500 rows so far)
[ad-insights] Fetching page 14... (6500 rows so far)
[ad-insights] Fetching page 14... (6500 rows so far)
[ad-insights] Fetching page 5... (2000 rows so far)
[ad-insights] Fetching page 15... (7000 rows so far)
[ad-insights] Fetching page 15... (7000 rows so far)
[ad-insights] Fetching page 6... (2500 rows so far)
[ad-insights] Fetching page 16... (7500 rows so far)
[ad-insights] Fetching page 16... (7500 rows so far)
[ad-insights] Fetching page 7... (3000 rows so far)
[FE:ProposalGenerator] getProposals: returned 53 rows
[FE:ProposalGenerator] getProposals: returned 63 rows
[ad-insights] Fetching page 17... (8000 rows so far)
[ad-insights] Fetching page 17... (8000 rows so far)
[ad-insights] Fetching page 8... (3500 rows so far)
[ad-insights] Fetching page 18... (8500 rows so far)
[ad-insights] Fetching page 9... (4000 rows so far)
[ad-insights] Fetching page 18... (8500 rows so far)
[ad-insights] Fetching page 19... (9000 rows so far)
[ad-insights] Fetching page 19... (9000 rows so far)
[ad-insights] Fetching page 10... (4500 rows so far)
[ad-insights] Fetching page 20... (9500 rows so far)
[ad-insights] Fetching page 11... (5000 rows so far)
[ad-insights] Fetching page 20... (9500 rows so far)
[ad-insights] Fetching page 21... (10000 rows so far)
[ad-insights] Fetching page 12... (5500 rows so far)
[ad-insights] Done. 20 pages, 9500 total rows. WARNING: pagination broke — data may be truncated!
[ad-insights] Disk cache has 10858 rows vs truncated 9500 — using disk cache.
[roas-tracker] Fetched 8110 Meta rows, 3371 funnel rows.
[roas-tracker] 1717 test campaign rows → 145 ads with go-live >= 2026-03-10 (723 daily rows).
[ads-status] Serving from memory cache (5288 ads)
[roas-tracker] 149 creatives since 2026-03-10 (28 with funnel data).
[roas-tracker] 149 ads since 2026-03-10.
[roas-tracker] Upserted: 0 new, 149 updated. 0 need predictions.
[roas-tracker] Done. {"snapshots":149,"tracked":149,"newAds":0,"updated":149,"predicted":0}
[FE:ProposalGenerator] getProposals: returned 53 rows
[FE:ProposalGenerator] getProposals: returned 63 rows
[ad-insights] Fetching page 13... (6000 rows so far)
[ad-insights] Fetching page 22... (10500 rows so far)
[ad-insights] Fetching page 14... (6500 rows so far)
[ad-insights] Done. 22 pages, 10858 total rows.
[ad-insights] Saved to disk: 10858 rows
[roas-tracker] Fetched 8110 Meta rows, 3371 funnel rows.
[roas-tracker] 1717 test campaign rows → 145 ads with go-live >= 2026-03-10 (723 daily rows).
[ads-status] Serving from memory cache (5288 ads)
[roas-tracker] 149 creatives since 2026-03-10 (28 with funnel data).
[roas-tracker] 149 ads since 2026-03-10.
[roas-tracker] Upserted: 0 new, 149 updated. 0 need predictions.
[roas-tracker] Done. {"snapshots":149,"tracked":149,"newAds":0,"updated":149,"predicted":0}
[ad-insights] Fetching page 15... (7000 rows so far)
[ad-insights] Fetching page 16... (7500 rows so far)
[ad-insights] Fetching page 17... (8000 rows so far)
[ad-insights] Fetching page 18... (8500 rows so far)
[roas-tracker] Starting snapshot. Only test campaign ads with go-live >= 2026-03-10
[FE:ProposalGenerator] getProposals: returned 53 rows
[ad-insights] Fetching page 1...
[ad-funnel] Running Metabase query...
[FE:ProposalGenerator] getProposals: returned 63 rows
[ad-insights] Fetching page 19... (9000 rows so far)
[ad-insights] Fetching page 2... (500 rows so far)
[ad-insights] Fetching page 3... (1000 rows so far)
[ad-insights] Fetching page 20... (9500 rows so far)
[ad-funnel] Done. 3372 rows returned. Truncated: false
[ad-insights] Fetching page 4... (1500 rows so far)
[ad-insights] Fetching page 21... (10000 rows so far)
[ad-insights] Fetching page 5... (2000 rows so far)
[ad-insights] Fetching page 22... (10500 rows so far)
[ad-insights] Fetching page 6... (2500 rows so far)
[FE:ProposalGenerator] getProposals: returned 53 rows
[FE:ProposalGenerator] getProposals: returned 63 rows
[ad-insights] Fetching page 23... (11000 rows so far)
[ad-insights] Fetching page 7... (3000 rows so far)
[ad-insights] Fetching page 8... (3500 rows so far)
[ad-insights] Fetching page 24... (11500 rows so far)
[ad-insights] Fetching page 25... (12000 rows so far)
[ad-insights] Fetching page 9... (4000 rows so far)
[ad-insights] Done. 25 pages, 12056 total rows.
[ad-insights] Saved to disk: 12056 rows
[FE:DataQuality] Audit complete. status=FAIL findings=14
[FE:Scheduler] Completed job: data-quality-check (286492ms, 14 records)
[ad-insights] Fetching page 10... (4500 rows so far)
[ad-insights] Fetching page 11... (5000 rows so far)
[FE:ProposalGenerator] getProposals: returned 53 rows
[FE:ProposalGenerator] getProposals: returned 63 rows
[ad-insights] Fetching page 12... (5500 rows so far)
[ad-insights] Fetching page 13... (6000 rows so far)
[ad-insights] Fetching page 14... (6500 rows so far)
[ad-insights] Fetching page 15... (7000 rows so far)
[ad-insights] Fetching page 16... (7500 rows so far)
[ad-insights] Fetching page 17... (8000 rows so far)
[FE:ProposalGenerator] getProposals: returned 53 rows
[FE:ProposalGenerator] getProposals: returned 63 rows
[ad-insights] Fetching page 18... (8500 rows so far)
[ad-insights] Fetching page 19... (9000 rows so far)
[ad-insights] Fetching page 20... (9500 rows so far)
[ad-insights] Fetching page 21... (10000 rows so far)
[ad-insights] Fetching page 22... (10500 rows so far)
[FE:ProposalGenerator] getProposals: returned 53 rows
[FE:ProposalGenerator] getProposals: returned 63 rows
[ad-insights] Done. 22 pages, 10858 total rows.
[ad-insights] Saved to disk: 10858 rows
[roas-tracker] Fetched 8110 Meta rows, 3372 funnel rows.
[roas-tracker] 1717 test campaign rows → 145 ads with go-live >= 2026-03-10 (723 daily rows).
[ads-status] Serving from memory cache (5288 ads)
[roas-tracker] 149 creatives since 2026-03-10 (29 with funnel data).
[roas-tracker] 149 ads since 2026-03-10.
[roas-tracker] Upserted: 0 new, 149 updated. 0 need predictions.
[roas-tracker] Done. {"snapshots":149,"tracked":149,"newAds":0,"updated":149,"predicted":0}
[ad-insights] Serving from memory (5012 rows)
[ad-funnel] Serving from memory (1601 rows)
[ad-insights] Serving from disk (5012 rows, 207min old)
[ad-funnel] Serving from memory (1601 rows)
[ad-insights] Serving from memory (5012 rows)
[ad-funnel] Serving from memory (1601 rows)
[ads-status] Serving from disk cache (5288 ads, 128min old)
[gc-ad-funnel] Serving from memory (616 rows)
[FE:ProposalGenerator] getProposals: returned 53 rows
[FE:ProposalGenerator] getProposals: returned 63 rows
[ads-status] Serving from memory cache (5288 ads)
[ads-status] Serving from memory cache (5288 ads)
[ad-insights] Serving from memory (499 rows)
[ad-funnel] Serving from memory (175 rows)
[ad-insights] Serving from memory (499 rows)
[ad-funnel] Serving from memory (175 rows)
[ad-insights] Serving from memory (499 rows)
[ad-funnel] Serving from memory (175 rows)
[ad-insights] Serving from memory (499 rows)
[ad-funnel] Serving from memory (175 rows)
[ad-insights] Serving from memory (499 rows)
[ad-funnel] Serving from memory (175 rows)
[FE:ProposalGenerator] getProposals: returned 53 rows
[FE:ProposalGenerator] getProposals: returned 63 rows
[FE:ProposalGenerator] getProposals: returned 53 rows
[FE:ProposalGenerator] getProposals: returned 63 rows
[FE:ProposalGenerator] getProposals: returned 53 rows
[FE:ProposalGenerator] getProposals: returned 63 rows
[FE:ProposalGenerator] getProposals: returned 53 rows
[FE:ProposalGenerator] getProposals: returned 63 rows
[roas-tracker] Starting snapshot. Only test campaign ads with go-live >= 2026-03-10
[roas-tracker] Starting snapshot. Only test campaign ads with go-live >= 2026-03-10
[FE:ProposalGenerator] getProposals: returned 53 rows
[ad-funnel] Running Metabase query...
[ad-insights] Fetching page 1...
[ad-insights] Fetching page 1...
[ad-funnel] Running Metabase query...
[FE:ProposalGenerator] getProposals: returned 63 rows
[ad-insights] Fetching page 2... (500 rows so far)
[ad-insights] Fetching page 2... (500 rows so far)
[ad-insights] Fetching page 3... (1000 rows so far)
[ad-insights] Fetching page 3... (1000 rows so far)
[ad-funnel] Done. 3372 rows returned. Truncated: false
[ad-funnel] Done. 3372 rows returned. Truncated: false
[ad-insights] Fetching page 4... (1500 rows so far)
[ad-insights] Fetching page 4... (1500 rows so far)
[ad-insights] Fetching page 5... (2000 rows so far)
[ad-insights] Fetching page 5... (2000 rows so far)
[ad-insights] Fetching page 6... (2500 rows so far)
[ad-insights] Fetching page 6... (2500 rows so far)
[ad-insights] Fetching page 7... (3000 rows so far)
[FE:ProposalGenerator] getProposals: returned 53 rows
[FE:ProposalGenerator] getProposals: returned 63 rows
[ad-insights] Fetching page 7... (3000 rows so far)
[ad-insights] Fetching page 8... (3500 rows so far)
[ad-insights] Fetching page 9... (4000 rows so far)
[ad-insights] Fetching page 8... (3500 rows so far)
[ad-insights] Fetching page 10... (4500 rows so far)
[ad-insights] Fetching page 9... (4000 rows so far)
[ad-insights] Fetching page 11... (5000 rows so far)
[ad-insights] Fetching page 10... (4500 rows so far)
[ad-insights] Fetching page 12... (5500 rows so far)
[ad-insights] Fetching page 11... (5000 rows so far)
[ad-insights] Fetching page 13... (6000 rows so far)
[ad-insights] Fetching page 12... (5500 rows so far)
[FE:ProposalGenerator] getProposals: returned 53 rows
[FE:ProposalGenerator] getProposals: returned 63 rows
[ad-insights] Fetching page 14... (6500 rows so far)
[ad-insights] Fetching page 13... (6000 rows so far)
[ad-insights] Fetching page 15... (7000 rows so far)
[ad-insights] Fetching page 14... (6500 rows so far)
[ad-insights] Fetching page 16... (7500 rows so far)
[ad-insights] Fetching page 15... (7000 rows so far)
[ad-insights] Fetching page 17... (8000 rows so far)
[ad-insights] Fetching page 16... (7500 rows so far)
[ad-insights] Fetching page 18... (8500 rows so far)
[ad-insights] Fetching page 17... (8000 rows so far)
[FE:ProposalGenerator] getProposals: returned 53 rows
[FE:ProposalGenerator] getProposals: returned 63 rows
[ad-insights] Fetching page 19... (9000 rows so far)
[ad-insights] Fetching page 18... (8500 rows so far)
[ad-insights] Fetching page 20... (9500 rows so far)
[ad-insights] Fetching page 19... (9000 rows so far)
[ad-insights] Fetching page 21... (10000 rows so far)
[ad-insights] Fetching page 20... (9500 rows so far)
[ad-insights] Fetching page 22... (10500 rows so far)
[ad-insights] Done. 22 pages, 10858 total rows.
[ad-insights] Saved to disk: 10858 rows
[roas-tracker] Fetched 8110 Meta rows, 3372 funnel rows.
[roas-tracker] 1717 test campaign rows → 145 ads with go-live >= 2026-03-10 (723 daily rows).
[ads-status] Serving from memory cache (5288 ads)
[roas-tracker] 149 creatives since 2026-03-10 (29 with funnel data).
[roas-tracker] 149 ads since 2026-03-10.
[roas-tracker] Upserted: 0 new, 149 updated. 0 need predictions.
[roas-tracker] Done. {"snapshots":149,"tracked":149,"newAds":0,"updated":149,"predicted":0}
[ad-insights] Fetching page 21... (10000 rows so far)
[ad-insights] Fetching page 22... (10500 rows so far)
[FE:ProposalGenerator] getProposals: returned 53 rows
[FE:ProposalGenerator] getProposals: returned 63 rows
[ad-insights] Done. 22 pages, 10858 total rows.
[ad-insights] Saved to disk: 10858 rows
[roas-tracker] Fetched 8110 Meta rows, 3372 funnel rows.
[roas-tracker] 1717 test campaign rows → 145 ads with go-live >= 2026-03-10 (723 daily rows).
[ads-status] Serving from memory cache (5288 ads)
[roas-tracker] 149 creatives since 2026-03-10 (29 with funnel data).
[roas-tracker] 149 ads since 2026-03-10.
[roas-tracker] Upserted: 0 new, 149 updated. 0 need predictions.
[roas-tracker] Done. {"snapshots":149,"tracked":149,"newAds":0,"updated":149,"predicted":0}
[ad-insights] Serving from memory (5012 rows)
[ad-funnel] Serving from memory (1601 rows)
[ad-insights] Serving from memory (5012 rows)
[ad-funnel] Serving from disk (1601 rows, 70min old)
[ad-insights] Serving from memory (5012 rows)
[ad-funnel] Serving from memory (1601 rows)
[ads-status] Serving from memory cache (5288 ads)
[gc-ad-funnel] Serving from memory (616 rows)
[FE:ProposalGenerator] getProposals: returned 53 rows
[FE:ProposalGenerator] getProposals: returned 63 rows
[ads-status] Serving from memory cache (5288 ads)
[ads-status] Serving from memory cache (5288 ads)
[ad-insights] Serving from disk (499 rows, 250min old)
[ad-funnel] Serving from disk (175 rows, 69min old)
[ad-insights] Serving from memory (499 rows)
[ad-funnel] Serving from memory (175 rows)
[ad-insights] Serving from memory (499 rows)
[ad-funnel] Serving from memory (175 rows)
[FE:ProposalGenerator] getProposals: returned 53 rows
[FE:ProposalGenerator] getProposals: returned 63 rows
[FE:ProposalGenerator] getProposals: returned 53 rows
[FE:ProposalGenerator] getProposals: returned 63 rows
[FE:ProposalGenerator] getProposals: returned 53 rows
[FE:ProposalGenerator] getProposals: returned 63 rows
[roas-tracker] Starting snapshot. Only test campaign ads with go-live >= 2026-03-10
[ad-insights] Fetching page 1...
[ad-funnel] Running Metabase query...
[roas-tracker] Starting snapshot. Only test campaign ads with go-live >= 2026-03-10
[roas-tracker] Starting snapshot. Only test campaign ads with go-live >= 2026-03-10
[ad-insights] Serving from memory (5012 rows)
[ad-funnel] Serving from memory (1601 rows)
[ad-insights] Serving from memory (5012 rows)
[ad-insights] Fetching page 1...
[ad-funnel] Serving from memory (1601 rows)
[ad-funnel] Running Metabase query...
[ad-insights] Fetching page 1...
[ad-funnel] Running Metabase query...
[ads-status] Serving from memory cache (5288 ads)
[ad-insights] Serving from memory (5012 rows)
[ad-funnel] Serving from memory (1601 rows)
[gc-ad-funnel] Serving from disk (616 rows, 85min old)
[FE:ProposalGenerator] getProposals: returned 53 rows
[FE:ProposalGenerator] getProposals: returned 63 rows
[ads-status] Serving from memory cache (5288 ads)
[ads-status] Serving from memory cache (5288 ads)
[roas-tracker] Starting snapshot. Only test campaign ads with go-live >= 2026-03-10
[Integrity] Scheduled 6-hour run starting...

============================================================
[Integrity] Running 5 data integrity tests...
============================================================
[ad-insights] Serving from disk (10858 rows, 149min old)
[ad-funnel] Running Metabase query...
[roas-tracker] Starting snapshot. Only test campaign ads with go-live >= 2026-03-10
[roas-tracker] Fetched 0 Meta rows, 0 funnel rows.
[roas-tracker] Fetched 0 Meta rows, 0 funnel rows.
[roas-tracker] Fetched 0 Meta rows, 0 funnel rows.
[ad-insights] Fetching page 1...
[ad-funnel] Running Metabase query...
  [PASS] Campaign ID extraction (11828580ms) — All 10 rows have non-empty campaign ID extraction
[FE:ProposalGenerator] getProposals: returned 53 rows
[FE:ProposalGenerator] getProposals: returned 63 rows
  [PASS] Campaign ID <-> Meta API match rate (6927ms) — Campaign match rate 100.0% (3/3)
  [PASS] ROAS sanity check (2ms) — 68 ads checked — ROAS values within expected ranges (avg D6: 29.0%)
  [PASS] Revenue window alignment (2ms) — 35 ads checked — all revenue windows correctly ordered (D6 <= D15 <= D30 <= D60 <= Overall)
[ad-insights] Fetching page 2... (500 rows so far)
  [PASS] Adset name normalization (7365ms) — Adset name match rate 100.0% (20/20)
============================================================
[Integrity] Done in 11842876ms — OK (5 pass, 0 fail, 0 warn, 0 skip)
============================================================

[ad-insights] Fetching page 3... (1000 rows so far)
[ad-insights] Fetching page 4... (1500 rows so far)
[ad-funnel] Done. 3373 rows returned. Truncated: false
[roas-tracker] Fetched 8110 Meta rows, 3373 funnel rows.
[roas-tracker] 1717 test campaign rows → 145 ads with go-live >= 2026-03-10 (723 daily rows).
[ad-funnel] Done. 3389 rows returned. Truncated: false
[ad-insights] Fetching page 5... (2000 rows so far)
[ad-insights] Fetching page 6... (2500 rows so far)
[ads-status] Done. 11 pages, 5288 ads.
[roas-tracker] 149 creatives since 2026-03-10 (29 with funnel data).
[roas-tracker] 149 ads since 2026-03-10.
[roas-tracker] Upserted: 0 new, 149 updated. 0 need predictions.
[roas-tracker] Done. {"snapshots":149,"tracked":149,"newAds":0,"updated":149,"predicted":0}
[ad-insights] Fetching page 7... (3000 rows so far)
[ad-insights] Fetching page 8... (3500 rows so far)
[ad-insights] Fetching page 9... (4000 rows so far)
[ad-insights] Fetching page 10... (4500 rows so far)
[ad-insights] Fetching page 11... (5000 rows so far)
[ad-insights] Fetching page 12... (5500 rows so far)
[ad-insights] Fetching page 13... (6000 rows so far)
[ad-insights] Fetching page 14... (6500 rows so far)
[ad-insights] Fetching page 15... (7000 rows so far)
[ad-insights] Fetching page 16... (7500 rows so far)
[ad-insights] Fetching page 17... (8000 rows so far)
[ad-insights] Fetching page 18... (8500 rows so far)
[ad-insights] Fetching page 19... (9000 rows so far)
[ad-insights] Fetching page 20... (9500 rows so far)
[ad-insights] Fetching page 21... (10000 rows so far)
[ad-insights] Fetching page 22... (10500 rows so far)
[ad-insights] Fetching page 23... (11000 rows so far)
[ad-insights] Done. 23 pages, 11003 total rows.
[ad-insights] Saved to disk: 11003 rows
[roas-tracker] Fetched 8249 Meta rows, 3389 funnel rows.
[roas-tracker] 1724 test campaign rows → 145 ads with go-live >= 2026-03-10 (730 daily rows).
[ads-status] Serving from memory cache (5288 ads)
[roas-tracker] 149 creatives since 2026-03-10 (27 with funnel data).
[roas-tracker] 149 ads since 2026-03-10.
[roas-tracker] Upserted: 0 new, 149 updated. 0 need predictions.
[roas-tracker] Done. {"snapshots":149,"tracked":149,"newAds":0,"updated":149,"predicted":0}
[roas-tracker] Starting snapshot. Only test campaign ads with go-live >= 2026-03-10
[Integrity] Scheduled 6-hour run starting...

============================================================
[Integrity] Running 5 data integrity tests...
============================================================
[ad-insights] Serving from disk (11003 rows, 194min old)
[ad-funnel] Running Metabase query...
  [PASS] Campaign ID extraction (792ms) — All 10 rows have non-empty campaign ID extraction
  [PASS] Campaign ID <-> Meta API match rate (7151ms) — Campaign match rate 100.0% (3/3)
  [PASS] ROAS sanity check (1ms) — 66 ads checked — ROAS values within expected ranges (avg D6: 30.2%)
  [PASS] Revenue window alignment (0ms) — 31 ads checked — all revenue windows correctly ordered (D6 <= D15 <= D30 <= D60 <= Overall)
  [PASS] Adset name normalization (8252ms) — Adset name match rate 100.0% (20/20)
============================================================
[Integrity] Done in 16196ms — OK (5 pass, 0 fail, 0 warn, 0 skip)
============================================================

[ad-funnel] Done. 3405 rows returned. Truncated: false
[roas-tracker] Fetched 8249 Meta rows, 3405 funnel rows.
[roas-tracker] 1724 test campaign rows → 145 ads with go-live >= 2026-03-10 (730 daily rows).
[ads-status] Serving from disk cache (5288 ads, 197min old)
[roas-tracker] 149 creatives since 2026-03-10 (28 with funnel data).
[roas-tracker] 149 ads since 2026-03-10.
[roas-tracker] Upserted: 0 new, 149 updated. 0 need predictions.
[roas-tracker] Done. {"snapshots":149,"tracked":149,"newAds":0,"updated":149,"predicted":0}
[FE:Scheduler] Starting job: watcher-refresh
[FE:Watcher] Refreshing Meta prediction accuracy...
[FE:Watcher] Meta predictions: 0 processed, 310 skipped
[FE:Watcher] Refreshing Google prediction accuracy...
[FE:Watcher] Google predictions: 0 processed, 0 skipped
[FE:Watcher] Refreshing recommendation tracking...
[FE:Watcher] ci_recommendations not found: no such table: ci_recommendations
[FE:Watcher] Recommendation tracking: 0 processed
[FE:Watcher] Refreshing competitor signal accuracy...
[FE:Watcher] Competitor signals: 0 processed
[FE:Watcher] Full refresh complete: 0 records processed
[FE:Scheduler] Completed job: watcher-refresh (124ms, 1 records)
[roas-tracker] Starting snapshot. Only test campaign ads with go-live >= 2026-03-10
[ad-funnel] Serving from disk (3405 rows, 60min old)
[ad-insights] Serving from disk (11003 rows, 254min old)
[roas-tracker] Fetched 8249 Meta rows, 3405 funnel rows.
[roas-tracker] 1724 test campaign rows → 145 ads with go-live >= 2026-03-10 (730 daily rows).
[ads-status] Serving from memory cache (5288 ads)
[roas-tracker] 149 creatives since 2026-03-10 (28 with funnel data).
[roas-tracker] 149 ads since 2026-03-10.
[roas-tracker] Upserted: 0 new, 149 updated. 0 need predictions.
[roas-tracker] Done. {"snapshots":149,"tracked":149,"newAds":0,"updated":149,"predicted":0}
[roas-tracker] Starting snapshot. Only test campaign ads with go-live >= 2026-03-10
[ad-insights] Fetching page 1...
[roas-tracker] Starting snapshot. Only test campaign ads with go-live >= 2026-03-10
[roas-tracker] Starting snapshot. Only test campaign ads with go-live >= 2026-03-10
[ad-insights] Fetching page 1...
[ad-funnel] Running Metabase query...
[ad-insights] Fetching page 1...
[ad-funnel] Running Metabase query...
[ad-insights] Fetching page 1...
[ad-funnel] Running Metabase query...
[ad-insights] Fetching page 1...
[ad-funnel] Running Metabase query...
[ad-insights] Fetching page 2... (500 rows so far)
[ad-insights] Fetching page 2... (500 rows so far)
[ad-insights] Fetching page 2... (500 rows so far)
[ad-insights] Fetching page 2... (500 rows so far)
[ad-insights] Fetching page 2... (500 rows so far)
[ad-insights] Fetching page 3... (1000 rows so far)
[ad-insights] Fetching page 3... (1000 rows so far)
[ad-insights] Fetching page 3... (1000 rows so far)
[ad-insights] Fetching page 3... (1000 rows so far)
[ad-insights] Fetching page 3... (1000 rows so far)
[ad-insights] Fetching page 4... (1500 rows so far)
[ad-insights] Fetching page 4... (1500 rows so far)
[ad-insights] Fetching page 4... (1500 rows so far)
[ad-insights] Fetching page 4... (1500 rows so far)
[ad-insights] Fetching page 4... (1500 rows so far)
[ad-insights] Fetching page 5... (2000 rows so far)
[ad-funnel] Done. 0 rows returned. Truncated: false
[ad-funnel] Done. 0 rows returned. Truncated: false
[ad-funnel] Done. 0 rows returned. Truncated: false
[ad-funnel] Done. 0 rows returned. Truncated: false
[ad-insights] Fetching page 5... (2000 rows so far)
[ad-insights] Fetching page 5... (2000 rows so far)
[ads-status] Rate limited — serving stale disk cache (5288 ads)
[ad-funnel] Running Metabase query...
[ad-funnel] Done. 0 rows returned. Truncated: false
[ad-insights] Fetching page 1...
[ad-insights] Fetching page 5... (2000 rows so far)
[ad-insights] Fetching page 5... (2000 rows so far)
[ad-insights] Fetching page 6... (2500 rows so far)
[ad-insights] Fetching page 2... (500 rows so far)
[ad-insights] Fetching page 6... (2500 rows so far)
[ad-insights] Fetching page 6... (2500 rows so far)
[ad-insights] Fetching page 6... (2500 rows so far)
[ad-insights] Fetching page 6... (2500 rows so far)
[ad-insights] Fetching page 7... (3000 rows so far)
[ad-insights] Fetching page 3... (1000 rows so far)
[ad-insights] Fetching page 7... (3000 rows so far)
[ad-insights] Fetching page 7... (3000 rows so far)
[ad-insights] Fetching page 7... (3000 rows so far)
[ad-insights] Fetching page 7... (3000 rows so far)
[ad-insights] Fetching page 8... (3500 rows so far)
[ad-insights] Fetching page 4... (1500 rows so far)
[ad-insights] Fetching page 8... (3500 rows so far)
[ad-insights] Fetching page 8... (3500 rows so far)
[ad-insights] Fetching page 8... (3500 rows so far)
[ad-insights] Fetching page 8... (3500 rows so far)
[ad-insights] Fetching page 9... (4000 rows so far)
[ad-insights] Fetching page 5... (2000 rows so far)
[ad-insights] Fetching page 9... (4000 rows so far)
[ad-insights] Fetching page 9... (4000 rows so far)
[ad-insights] Fetching page 9... (4000 rows so far)
[ad-insights] Fetching page 9... (4000 rows so far)
[ad-insights] Fetching page 10... (4500 rows so far)
[ad-insights] Fetching page 6... (2500 rows so far)
[ad-insights] Done. 10 pages, 4742 total rows.
[ad-insights] Saved to disk: 4742 rows
[ad-funnel] Running Metabase query...
[ad-insights] Fetching page 10... (4500 rows so far)
[ad-insights] Fetching page 10... (4500 rows so far)
[ad-insights] Fetching page 10... (4500 rows so far)
[ad-insights] Fetching page 10... (4500 rows so far)
[ad-insights] Done. 10 pages, 4742 total rows.
[ad-insights] Saved to disk: 4742 rows
[ad-insights] Fetching page 7... (3000 rows so far)
[gc-insights] 336 rows fetched (2026-03-08 to 2026-04-07)
[gc-ad-funnel] Running Metabase query...
[ad-insights] Fetching page 11... (5000 rows so far)
[ad-insights] Fetching page 11... (5000 rows so far)
[ad-insights] Fetching page 11... (5000 rows so far)
[ad-insights] Fetching page 8... (3500 rows so far)
[ad-insights] Fetching page 12... (5500 rows so far)
[ad-insights] Fetching page 12... (5500 rows so far)
[ad-insights] Fetching page 12... (5500 rows so far)
[ad-insights] Fetching page 9... (4000 rows so far)
[ad-insights] Fetching page 13... (6000 rows so far)
[ad-funnel] Done. 1549 rows returned. Truncated: false
[ad-insights] Fetching page 13... (6000 rows so far)
[ad-insights] Fetching page 1...
[ad-insights] Fetching page 13... (6000 rows so far)
[ad-insights] Fetching page 10... (4500 rows so far)
[ad-insights] Done. 10 pages, 4742 total rows.
[ad-insights] Saved to disk: 4742 rows
[ad-funnel] Running Metabase query...
[ad-insights] Fetching page 14... (6500 rows so far)
[ad-insights] Done. 1 pages, 440 total rows.
[ad-insights] Saved to disk: 440 rows
[ad-insights] Serving from memory (440 rows)
[ad-funnel] Running Metabase query...
[ad-insights] Fetching page 14... (6500 rows so far)
[ad-insights] Fetching page 14... (6500 rows so far)
[gc-ad-funnel] Done. 615 rows returned. Truncated: false
[ad-insights] Serving from memory (440 rows)
[ad-funnel] Running Metabase query...
[ad-insights] Fetching page 15... (7000 rows so far)
[ad-insights] Fetching page 15... (7000 rows so far)
[ad-insights] Fetching page 15... (7000 rows so far)
[ad-insights] Fetching page 16... (7500 rows so far)
[ad-insights] Fetching page 16... (7500 rows so far)
[ad-insights] Fetching page 16... (7500 rows so far)
[ad-insights] Fetching page 17... (8000 rows so far)
[ad-funnel] Done. 133 rows returned. Truncated: false
[ads-status] Serving from memory cache (5288 ads)
[ads-status] Serving from memory cache (5288 ads)
[ad-funnel] Done. 133 rows returned. Truncated: false
[ad-insights] Serving from memory (440 rows)
[ad-funnel] Serving from memory (133 rows)
[FE:ProposalGenerator] getProposals: returned 53 rows
[FE:ProposalGenerator] getProposals: returned 63 rows
[ad-insights] Fetching page 17... (8000 rows so far)
[ad-insights] Serving from memory (440 rows)
[ad-funnel] Serving from memory (133 rows)
[ad-insights] Fetching page 17... (8000 rows so far)
[ad-funnel] Done. 133 rows returned. Truncated: false
[FE:ProposalGenerator] getProposals: returned 53 rows
[FE:ProposalGenerator] getProposals: returned 63 rows
[ad-insights] Fetching page 18... (8500 rows so far)
[ad-insights] Fetching page 18... (8500 rows so far)
[ad-insights] Fetching page 18... (8500 rows so far)
[apex-breakdowns/age-gender] Fetching page 1...
[apex-breakdowns/placement] Fetching page 1...
[apex-breakdowns/device] Fetching page 1...
[apex-breakdowns/geography] Fetching page 1...
[apex-breakdowns/hourly] Fetching page 1...
[ad-insights] Fetching page 19... (9000 rows so far)
[ad-insights] Fetching page 19... (9000 rows so far)
[apex-breakdowns/device] Fetching page 2... (500 rows so far)
[apex-breakdowns/geography] Fetching page 2... (500 rows so far)
[apex-breakdowns/placement] Fetching page 2... (500 rows so far)
[ad-insights] Fetching page 19... (9000 rows so far)
[apex-breakdowns/age-gender] Fetching page 2... (500 rows so far)
[FE:ProposalGenerator] getProposals: returned 53 rows
[FE:ProposalGenerator] getProposals: returned 63 rows
[apex-breakdowns/geography] Fetching page 3... (1000 rows so far)
[apex-breakdowns/placement] Fetching page 3... (1000 rows so far)
[apex-breakdowns/device] Fetching page 3... (1000 rows so far)
[ad-insights] Fetching page 20... (9500 rows so far)
[apex-breakdowns/age-gender] Fetching page 3... (1000 rows so far)
[ad-insights] Fetching page 20... (9500 rows so far)
[apex-breakdowns/device] Fetching page 4... (1500 rows so far)
[apex-breakdowns/geography] Fetching page 4... (1500 rows so far)
[apex-breakdowns/placement] Fetching page 4... (1500 rows so far)
[ad-insights] Fetching page 20... (9500 rows so far)
[apex-breakdowns/age-gender] Fetching page 4... (1500 rows so far)
[apex-breakdowns/device] Fetching page 5... (2000 rows so far)
[apex-breakdowns/geography] Fetching page 5... (2000 rows so far)
[apex-breakdowns/placement] Fetching page 5... (2000 rows so far)
[apex-breakdowns/device] Fetching page 6... (2500 rows so far)
[ad-insights] Fetching page 21... (10000 rows so far)
[apex-breakdowns/age-gender] Fetching page 5... (2000 rows so far)
[apex-breakdowns/device] Done. 6 pages, 2896 total rows.
[apex-breakdowns/placement] Fetching page 6... (2500 rows so far)
[ad-insights] Fetching page 21... (10000 rows so far)
[ad-insights] Fetching page 21... (10000 rows so far)
[apex-breakdowns/geography] Fetching page 6... (2500 rows so far)
[apex-breakdowns/age-gender] Fetching page 6... (2500 rows so far)
[apex-breakdowns/placement] Fetching page 7... (3000 rows so far)
[apex-breakdowns/age-gender] Fetching page 7... (3000 rows so far)
[apex-breakdowns/geography] Fetching page 7... (3000 rows so far)
[ad-insights] Fetching page 22... (10500 rows so far)
[apex-breakdowns/placement] Fetching page 8... (3500 rows so far)
[ad-insights] Fetching page 22... (10500 rows so far)
[FE:ProposalGenerator] getProposals: returned 53 rows
[FE:ProposalGenerator] getProposals: returned 63 rows
[apex-breakdowns/age-gender] Fetching page 8... (3500 rows so far)
[apex-breakdowns/geography] Fetching page 8... (3500 rows so far)
[ad-insights] Fetching page 22... (10500 rows so far)
[apex-breakdowns/placement] Fetching page 9... (4000 rows so far)
[apex-breakdowns/age-gender] Fetching page 9... (4000 rows so far)
[apex-breakdowns/geography] Fetching page 9... (4000 rows so far)
[ad-insights] Fetching page 23... (11000 rows so far)
[apex-breakdowns/placement] Fetching page 10... (4500 rows so far)
[apex-breakdowns/age-gender] Fetching page 10... (4500 rows so far)
[ad-insights] Fetching page 23... (11000 rows so far)
[ad-insights] Done. 23 pages, 11037 total rows.
[ad-insights] Saved to disk: 11037 rows
[roas-tracker] Fetched 8269 Meta rows, 0 funnel rows.
[roas-tracker] 1724 test campaign rows → 145 ads with go-live >= 2026-03-10 (730 daily rows).
[ads-status] Serving from memory cache (5288 ads)
[roas-tracker] 149 creatives since 2026-03-10 (0 with funnel data).
[roas-tracker] 149 ads since 2026-03-10.
[roas-tracker] Upserted: 0 new, 149 updated. 0 need predictions.
[roas-tracker] Done. {"snapshots":149,"tracked":149,"newAds":0,"updated":149,"predicted":0}
[ad-insights] Fetching page 23... (11000 rows so far)
[apex-breakdowns/geography] Fetching page 10... (4500 rows so far)
[ad-insights] Done. 23 pages, 11037 total rows.
[ad-insights] Saved to disk: 11037 rows
[roas-tracker] Fetched 8269 Meta rows, 0 funnel rows.
[roas-tracker] 1724 test campaign rows → 145 ads with go-live >= 2026-03-10 (730 daily rows).
[ads-status] Serving from memory cache (5288 ads)
[roas-tracker] 149 creatives since 2026-03-10 (0 with funnel data).
[roas-tracker] 149 ads since 2026-03-10.
[roas-tracker] Upserted: 0 new, 149 updated. 0 need predictions.
[roas-tracker] Done. {"snapshots":149,"tracked":149,"newAds":0,"updated":149,"predicted":0}
[apex-breakdowns/placement] Fetching page 11... (5000 rows so far)
[ad-insights] Done. 23 pages, 11037 total rows.
[ad-insights] Saved to disk: 11037 rows
[roas-tracker] Fetched 8269 Meta rows, 0 funnel rows.
[roas-tracker] 1724 test campaign rows → 145 ads with go-live >= 2026-03-10 (730 daily rows).
[ads-status] Serving from memory cache (5288 ads)
[roas-tracker] 149 creatives since 2026-03-10 (0 with funnel data).
[roas-tracker] 149 ads since 2026-03-10.
[roas-tracker] Upserted: 0 new, 149 updated. 0 need predictions.
[roas-tracker] Done. {"snapshots":149,"tracked":149,"newAds":0,"updated":149,"predicted":0}
[apex-breakdowns/geography] Fetching page 11... (5000 rows so far)
[apex-breakdowns/age-gender] Fetching page 11... (5000 rows so far)
[apex-breakdowns/placement] Fetching page 12... (5500 rows so far)
[apex-breakdowns/age-gender] Done. 11 pages, 5000 total rows. WARNING: pagination broke - data may be truncated!
[apex-breakdowns/geography] Fetching page 12... (5500 rows so far)
[apex-breakdowns/placement] Fetching page 13... (6000 rows so far)
[apex-breakdowns/geography] Fetching page 13... (6000 rows so far)
[apex-breakdowns/placement] Fetching page 14... (6500 rows so far)
[FE:ProposalGenerator] getProposals: returned 53 rows
[FE:ProposalGenerator] getProposals: returned 63 rows
[apex-breakdowns/placement] Fetching page 15... (7000 rows so far)
[apex-breakdowns/geography] Fetching page 14... (6500 rows so far)
[apex-breakdowns/placement] Fetching page 16... (7500 rows so far)
[apex-breakdowns/geography] Fetching page 15... (7000 rows so far)
[apex-breakdowns/placement] Fetching page 17... (8000 rows so far)
[apex-breakdowns/geography] Fetching page 16... (7500 rows so far)
[apex-breakdowns/placement] Fetching page 18... (8500 rows so far)
[apex-breakdowns/geography] Fetching page 17... (8000 rows so far)
[apex-breakdowns/placement] Fetching page 19... (9000 rows so far)
[apex-breakdowns/geography] Fetching page 18... (8500 rows so far)
[apex-breakdowns/placement] Fetching page 20... (9500 rows so far)
[FE:ProposalGenerator] getProposals: returned 53 rows
[FE:ProposalGenerator] getProposals: returned 63 rows
[apex-breakdowns/geography] Fetching page 19... (9000 rows so far)
[apex-breakdowns/placement] Fetching page 21... (10000 rows so far)
[apex-breakdowns/placement] Fetching page 22... (10500 rows so far)
[apex-breakdowns/geography] Fetching page 20... (9500 rows so far)
[apex-breakdowns/placement] Done. 22 pages, 10595 total rows.
[apex-breakdowns/geography] Fetching page 21... (10000 rows so far)
[apex-breakdowns/geography] Fetching page 22... (10500 rows so far)
[apex-breakdowns/geography] Fetching page 23... (11000 rows so far)
[FE:ProposalGenerator] getProposals: returned 53 rows
[FE:ProposalGenerator] getProposals: returned 63 rows
[apex-breakdowns/geography] Fetching page 24... (11500 rows so far)
[apex-breakdowns/geography] Fetching page 25... (12000 rows so far)
[apex-breakdowns/geography] Fetching page 26... (12500 rows so far)
[apex-breakdowns/geography] Fetching page 27... (13000 rows so far)
[apex-breakdowns/geography] Fetching page 28... (13500 rows so far)
[FE:ProposalGenerator] getProposals: returned 53 rows
[FE:ProposalGenerator] getProposals: returned 63 rows
[ad-insights] Serving from memory (4742 rows)
[ad-funnel] Serving from memory (1549 rows)
[ads-status] Serving from memory cache (5288 ads)
[ad-insights] Serving from memory (4742 rows)
[ad-funnel] Serving from memory (1549 rows)
[ads-status] Serving from memory cache (5288 ads)
[apex-breakdowns/geography] Fetching page 29... (14000 rows so far)
[ad-insights] Serving from memory (4742 rows)
[ad-funnel] Serving from memory (1549 rows)
[gc-ad-funnel] Serving from memory (615 rows)
[ads-status] Serving from memory cache (5288 ads)
[ad-insights] Serving from memory (440 rows)
[ad-funnel] Serving from memory (133 rows)
[ad-insights] Serving from memory (440 rows)
[ad-funnel] Serving from memory (133 rows)
[ad-insights] Serving from memory (440 rows)
[ad-funnel] Serving from memory (133 rows)
[apex-breakdowns/geography] Fetching page 30... (14500 rows so far)
[apex-breakdowns/geography] Fetching page 31... (15000 rows so far)
[apex-breakdowns/geography] Fetching page 32... (15500 rows so far)
[apex-breakdowns/geography] Fetching page 33... (16000 rows so far)
[FE:ProposalGenerator] getProposals: returned 53 rows
[FE:ProposalGenerator] getProposals: returned 63 rows
[apex-breakdowns/geography] Fetching page 34... (16500 rows so far)
[apex-breakdowns/geography] Fetching page 35... (17000 rows so far)
[apex-breakdowns/geography] Fetching page 36... (17500 rows so far)
[apex-breakdowns/geography] Fetching page 37... (18000 rows so far)
[FE:ProposalGenerator] getProposals: returned 53 rows
[FE:ProposalGenerator] getProposals: returned 63 rows
[apex-breakdowns/geography] Fetching page 38... (18500 rows so far)
[apex-breakdowns/geography] Fetching page 39... (19000 rows so far)
[apex-breakdowns/geography] Fetching page 40... (19500 rows so far)
[apex-breakdowns/geography] Fetching page 41... (20000 rows so far)
[FE:ProposalGenerator] getProposals: returned 53 rows
[FE:ProposalGenerator] getProposals: returned 63 rows
[gc-ad-funnel] Serving from memory (615 rows)
[apex-breakdowns/geography] Fetching page 42... (20500 rows so far)
[apex-breakdowns/geography] Fetching page 43... (21000 rows so far)
[ai/analyze] Running AI analysis (prompt length: 860 chars)...
[apex-breakdowns/geography] Fetching page 44... (21500 rows so far)
[ai/analyze] Running AI analysis (prompt length: 860 chars)...
[ai/analyze] Done. Response length: 1436 chars
[ai/analyze] Running AI analysis (prompt length: 860 chars)...
[ai/analyze] Done. Response length: 1477 chars
[apex-breakdowns/geography] Fetching page 45... (22000 rows so far)
[ai/analyze] Running AI analysis (prompt length: 860 chars)...
[ai/analyze] Done. Response length: 1427 chars
[FE:ProposalGenerator] getProposals: returned 53 rows
[FE:ProposalGenerator] getProposals: returned 63 rows
[ai/analyze] Done. Response length: 1374 chars
[apex-breakdowns/geography] Fetching page 46... (22500 rows so far)
[apex-breakdowns/geography] Fetching page 47... (23000 rows so far)
[apex-breakdowns/geography] Fetching page 48... (23500 rows so far)
[apex-breakdowns/geography] Fetching page 49... (24000 rows so far)
[apex-breakdowns/geography] Fetching page 50... (24500 rows so far)
[apex-breakdowns/geography] Fetching page 51... (25000 rows so far)
[apex-breakdowns/geography] Fetching page 52... (25500 rows so far)
[apex-breakdowns/geography] Fetching page 53... (26000 rows so far)
[apex-breakdowns/geography] Fetching page 54... (26500 rows so far)
[apex-breakdowns/geography] Fetching page 55... (27000 rows so far)
[apex-breakdowns/geography] Fetching page 56... (27500 rows so far)
[apex-breakdowns/geography] Fetching page 57... (28000 rows so far)
[apex-breakdowns/geography] Fetching page 58... (28500 rows so far)
[apex-breakdowns/geography] Fetching page 59... (29000 rows so far)
[apex-breakdowns/geography] Fetching page 60... (29500 rows so far)
[apex-breakdowns/geography] Fetching page 61... (30000 rows so far)
[apex-breakdowns/geography] Fetching page 62... (30500 rows so far)
[apex-breakdowns/geography] Fetching page 63... (31000 rows so far)
[apex-breakdowns/geography] Fetching page 64... (31500 rows so far)
[apex-breakdowns/geography] Fetching page 65... (32000 rows so far)
[apex-breakdowns/geography] Fetching page 66... (32500 rows so far)
[apex-breakdowns/geography] Fetching page 67... (33000 rows so far)
[FE:ProposalGenerator] getProposals: returned 53 rows
[FE:ProposalGenerator] getProposals: returned 63 rows
[apex-breakdowns/geography] Fetching page 68... (33500 rows so far)
[ai/analyze] Running AI analysis (prompt length: 860 chars)...
[ad-insights] Serving from memory (4742 rows)
[ad-funnel] Serving from memory (1549 rows)
[ads-status] Serving from memory cache (5288 ads)
[gc-ad-funnel] Serving from memory (615 rows)
[ad-insights] Serving from memory (4742 rows)
[ad-funnel] Serving from memory (1549 rows)
[ad-insights] Serving from memory (4742 rows)
[ad-funnel] Serving from memory (1549 rows)
[roas-tracker] Starting snapshot. Only test campaign ads with go-live >= 2026-03-10
[FE:ProposalGenerator] getProposals: returned 53 rows
[ad-insights] Fetching page 1...
[ad-funnel] Running Metabase query...
[FE:ProposalGenerator] getProposals: returned 63 rows
[roas-tracker] Starting snapshot. Only test campaign ads with go-live >= 2026-03-10
[ad-funnel] Running Metabase query...
[ad-insights] Fetching page 1...
[roas-tracker] Starting snapshot. Only test campaign ads with go-live >= 2026-03-10
[ads-status] Serving from memory cache (5288 ads)
[ad-insights] Fetching page 1...
[ad-funnel] Running Metabase query...
[ad-insights] Serving from memory (440 rows)
[ad-funnel] Serving from memory (133 rows)
[ads-status] Serving from memory cache (5288 ads)
[FE:ProposalGenerator] getProposals: returned 53 rows
[FE:ProposalGenerator] getProposals: returned 63 rows
[ai/analyze] Done. Response length: 1404 chars
[ad-insights] Serving from memory (440 rows)
[ad-funnel] Serving from memory (133 rows)
[apex-breakdowns/geography] Fetching page 69... (34000 rows so far)
[gc-ad-funnel] Serving from memory (615 rows)
[ad-insights] Serving from memory (440 rows)
[ad-funnel] Serving from memory (133 rows)
[ai/analyze] Running AI analysis (prompt length: 860 chars)...
[ad-insights] Fetching page 2... (500 rows so far)
[ai/analyze] Done. Response length: 1534 chars
[ad-insights] Fetching page 2... (500 rows so far)
[apex-breakdowns/geography] Fetching page 70... (34500 rows so far)
[ad-insights] Fetching page 2... (500 rows so far)
[ai/analyze] Running AI analysis (prompt length: 860 chars)...
[ai/analyze] Done. Response length: 1537 chars
[apex-breakdowns/geography] Fetching page 71... (35000 rows so far)
[ad-insights] Fetching page 3... (1000 rows so far)
[ad-insights] Fetching page 3... (1000 rows so far)
[ad-insights] Fetching page 3... (1000 rows so far)
[apex-breakdowns/geography] Fetching page 72... (35500 rows so far)
[ad-insights] Fetching page 4... (1500 rows so far)
[ad-insights] Fetching page 4... (1500 rows so far)
[FE:ProposalGenerator] getProposals: returned 53 rows
[FE:ProposalGenerator] getProposals: returned 63 rows
[apex-breakdowns/geography] Fetching page 73... (36000 rows so far)
[ad-insights] Fetching page 4... (1500 rows so far)
[ad-insights] Fetching page 5... (2000 rows so far)
[ad-insights] Fetching page 5... (2000 rows so far)
[apex-breakdowns/geography] Fetching page 74... (36500 rows so far)
[ad-insights] Fetching page 6... (2500 rows so far)
[ad-insights] Fetching page 5... (2000 rows so far)
[ad-insights] Fetching page 6... (2500 rows so far)
[apex-breakdowns/geography] Fetching page 75... (37000 rows so far)
[ad-insights] Fetching page 7... (3000 rows so far)
[ad-insights] Fetching page 6... (2500 rows so far)
[FE:ProposalGenerator] getProposals: returned 53 rows
[FE:ProposalGenerator] getProposals: returned 63 rows
[ad-insights] Fetching page 7... (3000 rows so far)
[apex-breakdowns/geography] Fetching page 76... (37500 rows so far)
[ad-insights] Fetching page 8... (3500 rows so far)
[apex-breakdowns/geography] Fetching page 77... (38000 rows so far)
[ad-insights] Fetching page 8... (3500 rows so far)
[ad-insights] Fetching page 7... (3000 rows so far)
[apex-breakdowns/geography] Fetching page 78... (38500 rows so far)
[ad-insights] Fetching page 9... (4000 rows so far)
[ad-insights] Fetching page 8... (3500 rows so far)
[ad-insights] Fetching page 9... (4000 rows so far)
[apex-breakdowns/geography] Fetching page 79... (39000 rows so far)
[ad-insights] Fetching page 10... (4500 rows so far)
[apex-breakdowns/geography] Fetching page 80... (39500 rows so far)
[ad-insights] Fetching page 9... (4000 rows so far)
[ad-insights] Fetching page 10... (4500 rows so far)
[FE:ProposalGenerator] getProposals: returned 53 rows
[FE:ProposalGenerator] getProposals: returned 63 rows
[ad-funnel] Done. 3407 rows returned. Truncated: false
[ad-funnel] Done. 3407 rows returned. Truncated: false
[ad-funnel] Done. 3407 rows returned. Truncated: false
[apex-breakdowns/geography] Fetching page 81... (40000 rows so far)
[ad-insights] Fetching page 11... (5000 rows so far)
[ad-insights] Fetching page 10... (4500 rows so far)
[apex-breakdowns/geography] Fetching page 82... (40500 rows so far)
[ad-insights] Fetching page 11... (5000 rows so far)
[apex-breakdowns/geography] Fetching page 83... (41000 rows so far)
[ad-insights] Fetching page 12... (5500 rows so far)
[ad-insights] Fetching page 12... (5500 rows so far)
[apex-breakdowns/geography] Fetching page 84... (41500 rows so far)
[ad-insights] Fetching page 11... (5000 rows so far)
[ad-insights] Fetching page 13... (6000 rows so far)
[apex-breakdowns/geography] Fetching page 85... (42000 rows so far)
[ad-insights] Fetching page 13... (6000 rows so far)
[ad-insights] Fetching page 12... (5500 rows so far)
[apex-breakdowns/geography] Fetching page 86... (42500 rows so far)
[FE:ProposalGenerator] getProposals: returned 53 rows
[FE:ProposalGenerator] getProposals: returned 63 rows
[apex-breakdowns/geography] Done. 86 pages, 42995 total rows.
[ad-insights] Fetching page 14... (6500 rows so far)
[ad-insights] Fetching page 13... (6000 rows so far)
[ad-insights] Fetching page 14... (6500 rows so far)
[ad-insights] Fetching page 15... (7000 rows so far)
[ad-insights] Fetching page 14... (6500 rows so far)
[ad-insights] Fetching page 15... (7000 rows so far)
[ad-insights] Fetching page 16... (7500 rows so far)
[ad-insights] Fetching page 15... (7000 rows so far)
[ad-insights] Fetching page 16... (7500 rows so far)
[ad-insights] Fetching page 17... (8000 rows so far)
[FE:ProposalGenerator] getProposals: returned 53 rows
[FE:ProposalGenerator] getProposals: returned 63 rows
[ad-insights] Fetching page 16... (7500 rows so far)
[ad-insights] Fetching page 17... (8000 rows so far)
[ad-insights] Fetching page 18... (8500 rows so far)
[ad-insights] Fetching page 17... (8000 rows so far)
[ad-insights] Fetching page 18... (8500 rows so far)
[ad-insights] Fetching page 19... (9000 rows so far)
[ad-insights] Fetching page 18... (8500 rows so far)
[ad-insights] Fetching page 19... (9000 rows so far)
[ad-insights] Fetching page 20... (9500 rows so far)
[FE:ProposalGenerator] getProposals: returned 53 rows
[FE:ProposalGenerator] getProposals: returned 63 rows
[ad-insights] Fetching page 19... (9000 rows so far)
[ad-insights] Fetching page 20... (9500 rows so far)
[ad-insights] Fetching page 20... (9500 rows so far)
[ad-insights] Fetching page 21... (10000 rows so far)
[ad-insights] Fetching page 21... (10000 rows so far)
[ad-insights] Fetching page 21... (10000 rows so far)
[ad-insights] Fetching page 22... (10500 rows so far)
[ad-insights] Fetching page 22... (10500 rows so far)
[FE:ProposalGenerator] getProposals: returned 53 rows
[FE:ProposalGenerator] getProposals: returned 63 rows
[ad-insights] Fetching page 22... (10500 rows so far)
[ad-insights] Fetching page 23... (11000 rows so far)
[ad-insights] Fetching page 23... (11000 rows so far)
[ad-insights] Done. 23 pages, 11038 total rows.
[ad-insights] Saved to disk: 11038 rows
[roas-tracker] Fetched 8270 Meta rows, 3407 funnel rows.
[roas-tracker] 1724 test campaign rows → 145 ads with go-live >= 2026-03-10 (730 daily rows).
[ads-status] Serving from memory cache (5288 ads)
[roas-tracker] 149 creatives since 2026-03-10 (28 with funnel data).
[roas-tracker] 149 ads since 2026-03-10.
[roas-tracker] Upserted: 0 new, 149 updated. 0 need predictions.
[roas-tracker] Done. {"snapshots":149,"tracked":149,"newAds":0,"updated":149,"predicted":0}
[ad-insights] Done. 23 pages, 11038 total rows.
[ad-insights] Saved to disk: 11038 rows
[roas-tracker] Fetched 8270 Meta rows, 3407 funnel rows.
[roas-tracker] 1724 test campaign rows → 145 ads with go-live >= 2026-03-10 (730 daily rows).
[ads-status] Serving from memory cache (5288 ads)
[roas-tracker] 149 creatives since 2026-03-10 (28 with funnel data).
[roas-tracker] 149 ads since 2026-03-10.
[roas-tracker] Upserted: 0 new, 149 updated. 0 need predictions.
[roas-tracker] Done. {"snapshots":149,"tracked":149,"newAds":0,"updated":149,"predicted":0}
[ad-insights] Fetching page 23... (11000 rows so far)
[ad-insights] Done. 23 pages, 11038 total rows.
[ad-insights] Saved to disk: 11038 rows
[roas-tracker] Fetched 8270 Meta rows, 3407 funnel rows.
[roas-tracker] 1724 test campaign rows → 145 ads with go-live >= 2026-03-10 (730 daily rows).
[ads-status] Serving from memory cache (5288 ads)
[roas-tracker] 149 creatives since 2026-03-10 (28 with funnel data).
[roas-tracker] 149 ads since 2026-03-10.
[roas-tracker] Upserted: 0 new, 149 updated. 0 need predictions.
[roas-tracker] Done. {"snapshots":149,"tracked":149,"newAds":0,"updated":149,"predicted":0}
[FE:ProposalGenerator] getProposals: returned 53 rows
[FE:ProposalGenerator] getProposals: returned 63 rows
[FE:ProposalGenerator] getProposals: returned 53 rows
[FE:ProposalGenerator] getProposals: returned 63 rows
[FE:ProposalGenerator] getProposals: returned 53 rows
[FE:ProposalGenerator] getProposals: returned 63 rows
[ai/analyze] Running AI analysis (prompt length: 860 chars)...
[FE:ProposalGenerator] getProposals: returned 53 rows
[FE:ProposalGenerator] getProposals: returned 63 rows
[ai/analyze] Done. Response length: 1754 chars
[ai/analyze] Running AI analysis (prompt length: 860 chars)...
[ai/analyze] Done. Response length: 1704 chars
[ad-insights] Fetching page 1...
[ad-funnel] Running Metabase query...
[ads-status] Done. 2 pages, 500 ads.
[ad-insights] Fetching page 2... (500 rows so far)
[FE:ProposalGenerator] getProposals: returned 53 rows
[FE:ProposalGenerator] getProposals: returned 63 rows
[ad-insights] Fetching page 3... (1000 rows so far)
[ai/analyze] Running AI analysis (prompt length: 860 chars)...
[ad-funnel] Done. 3520 rows returned. Truncated: false
[ad-insights] Fetching page 4... (1500 rows so far)
[ai/analyze] Done. Response length: 1595 chars
[ad-insights] Fetching page 5... (2000 rows so far)
[FE:ProposalGenerator] getProposals: returned 53 rows
[FE:ProposalGenerator] getProposals: returned 63 rows
[ad-insights] Fetching page 6... (2500 rows so far)
[ad-insights] Fetching page 7... (3000 rows so far)
[ad-insights] Fetching page 8... (3500 rows so far)
[FE:ProposalGenerator] getProposals: returned 53 rows
[FE:ProposalGenerator] getProposals: returned 63 rows
[ad-insights] Fetching page 9... (4000 rows so far)
[ad-insights] Fetching page 10... (4500 rows so far)
[ad-insights] Fetching page 11... (5000 rows so far)
[ad-insights] Fetching page 12... (5500 rows so far)
[ad-insights] Fetching page 13... (6000 rows so far)
[ad-insights] Fetching page 14... (6500 rows so far)
[ad-insights] Fetching page 15... (7000 rows so far)
[ad-insights] Fetching page 16... (7500 rows so far)
[FE:ProposalGenerator] getProposals: returned 53 rows
[FE:ProposalGenerator] getProposals: returned 63 rows
[ad-insights] Fetching page 17... (8000 rows so far)
[ad-insights] Fetching page 18... (8500 rows so far)
[ad-insights] Serving from memory (4742 rows)
[ad-funnel] Serving from memory (1549 rows)
[ads-status] Serving from memory cache (500 ads)
[ad-insights] Serving from memory (4742 rows)
[ad-funnel] Serving from memory (1549 rows)
[ads-status] Serving from memory cache (500 ads)
[gc-ad-funnel] Serving from memory (615 rows)
[ad-insights] Serving from memory (4742 rows)
[ad-funnel] Serving from memory (1549 rows)
[ads-status] Serving from memory cache (500 ads)
[FE:ProposalGenerator] getProposals: returned 53 rows
[FE:ProposalGenerator] getProposals: returned 63 rows
[roas-tracker] Starting snapshot. Only test campaign ads with go-live >= 2026-03-10
[roas-tracker] Starting snapshot. Only test campaign ads with go-live >= 2026-03-10
[ad-funnel] Running Metabase query...
[ad-insights] Fetching page 1...
[ad-insights] Fetching page 1...
[ad-funnel] Running Metabase query...
[roas-tracker] Starting snapshot. Only test campaign ads with go-live >= 2026-03-10
[FE:ProposalGenerator] getProposals: returned 53 rows
[ad-insights] Fetching page 1...
[ad-funnel] Running Metabase query...
[FE:ProposalGenerator] getProposals: returned 63 rows
[ad-insights] Serving from memory (440 rows)
[ad-funnel] Serving from memory (133 rows)
[ad-insights] Serving from memory (440 rows)
[ad-funnel] Serving from memory (133 rows)
[ad-insights] Serving from memory (440 rows)
[ad-funnel] Serving from memory (133 rows)
[gc-ad-funnel] Serving from memory (615 rows)
[ad-insights] Fetching page 19... (9000 rows so far)
[ai/analyze] Running AI analysis (prompt length: 860 chars)...
[ad-insights] Fetching page 2... (500 rows so far)
[ad-insights] Fetching page 2... (500 rows so far)
[ai/analyze] Done. Response length: 1167 chars
[ad-insights] Fetching page 2... (500 rows so far)
[ai/analyze] Running AI analysis (prompt length: 860 chars)...
[ai/analyze] Done. Response length: 1134 chars
[ad-insights] Fetching page 20... (9500 rows so far)
[ad-insights] Fetching page 3... (1000 rows so far)
[ad-insights] Fetching page 3... (1000 rows so far)
[ad-insights] Fetching page 3... (1000 rows so far)
[ad-funnel] Done. 3408 rows returned. Truncated: false
[FE:ProposalGenerator] getProposals: returned 53 rows
[FE:ProposalGenerator] getProposals: returned 63 rows
[ad-funnel] Done. 3408 rows returned. Truncated: false
[ad-insights] Fetching page 21... (10000 rows so far)
[ad-funnel] Done. 3408 rows returned. Truncated: false
[ad-insights] Fetching page 4... (1500 rows so far)
[ad-insights] Fetching page 4... (1500 rows so far)
[ad-insights] Fetching page 4... (1500 rows so far)
[ad-insights] Fetching page 5... (2000 rows so far)
[ad-insights] Fetching page 22... (10500 rows so far)
[ad-insights] Fetching page 5... (2000 rows so far)
[ad-insights] Fetching page 5... (2000 rows so far)
[ad-insights] Fetching page 6... (2500 rows so far)
[ad-insights] Fetching page 6... (2500 rows so far)
[ad-insights] Fetching page 23... (11000 rows so far)
[ad-insights] Fetching page 6... (2500 rows so far)
[FE:ProposalGenerator] getProposals: returned 53 rows
[FE:ProposalGenerator] getProposals: returned 63 rows
[ad-insights] Fetching page 7... (3000 rows so far)
[ad-insights] Fetching page 7... (3000 rows so far)
[ad-insights] Done. 23 pages, 11465 total rows.
[ad-insights] Saved to disk: 11465 rows
[ad-insights] Fetching page 7... (3000 rows so far)
[ad-insights] Fetching page 8... (3500 rows so far)
[ad-insights] Fetching page 8... (3500 rows so far)
[ad-insights] Fetching page 8... (3500 rows so far)
[ad-insights] Fetching page 9... (4000 rows so far)
[ad-insights] Fetching page 9... (4000 rows so far)
[ad-insights] Fetching page 9... (4000 rows so far)
[FE:ProposalGenerator] getProposals: returned 53 rows
[FE:ProposalGenerator] getProposals: returned 63 rows
[ad-insights] Fetching page 10... (4500 rows so far)
[ad-insights] Fetching page 10... (4500 rows so far)
[ad-insights] Fetching page 10... (4500 rows so far)
[ad-insights] Fetching page 11... (5000 rows so far)
[ad-insights] Fetching page 11... (5000 rows so far)
[ad-insights] Fetching page 11... (5000 rows so far)
[ad-insights] Fetching page 12... (5500 rows so far)
[ad-insights] Fetching page 12... (5500 rows so far)
[ad-insights] Fetching page 12... (5500 rows so far)
[FE:ProposalGenerator] getProposals: returned 53 rows
[FE:ProposalGenerator] getProposals: returned 63 rows
[ad-insights] Fetching page 13... (6000 rows so far)
[ad-insights] Fetching page 13... (6000 rows so far)
[ad-insights] Fetching page 13... (6000 rows so far)
[ad-insights] Fetching page 14... (6500 rows so far)
[ad-insights] Fetching page 14... (6500 rows so far)
[ad-insights] Fetching page 14... (6500 rows so far)
[ad-insights] Fetching page 15... (7000 rows so far)
[ad-insights] Fetching page 15... (7000 rows so far)
[ad-insights] Fetching page 15... (7000 rows so far)
[FE:ProposalGenerator] getProposals: returned 53 rows
[FE:ProposalGenerator] getProposals: returned 63 rows
[ad-insights] Fetching page 16... (7500 rows so far)
[ad-insights] Fetching page 16... (7500 rows so far)
[ad-insights] Fetching page 16... (7500 rows so far)
[ad-insights] Fetching page 17... (8000 rows so far)
[ad-insights] Fetching page 17... (8000 rows so far)
[ad-insights] Fetching page 17... (8000 rows so far)
[ad-insights] Fetching page 18... (8500 rows so far)
[ad-insights] Fetching page 18... (8500 rows so far)
[FE:ProposalGenerator] getProposals: returned 53 rows
[FE:ProposalGenerator] getProposals: returned 63 rows
[ad-insights] Serving from memory (4742 rows)
[ad-funnel] Serving from memory (1549 rows)
[ads-status] Serving from memory cache (500 ads)
[gc-ad-funnel] Serving from memory (615 rows)
[ad-insights] Serving from memory (4742 rows)
[ad-funnel] Serving from memory (1549 rows)
[ad-insights] Serving from memory (4742 rows)
[ad-funnel] Serving from memory (1549 rows)
[ads-status] Serving from memory cache (500 ads)
[roas-tracker] Starting snapshot. Only test campaign ads with go-live >= 2026-03-10
[ads-status] Serving from memory cache (500 ads)
[roas-tracker] Starting snapshot. Only test campaign ads with go-live >= 2026-03-10
[ad-insights] Fetching page 1...
[ad-funnel] Running Metabase query...
[roas-tracker] Starting snapshot. Only test campaign ads with go-live >= 2026-03-10
[ad-insights] Fetching page 1...
[ad-funnel] Running Metabase query...
[ad-insights] Fetching page 1...
[ad-funnel] Running Metabase query...
[FE:ProposalGenerator] getProposals: returned 53 rows
[FE:ProposalGenerator] getProposals: returned 63 rows
[ad-insights] Serving from memory (440 rows)
[ad-funnel] Serving from memory (133 rows)
[ad-insights] Serving from memory (440 rows)
[ad-funnel] Serving from memory (133 rows)
[FE:ProposalGenerator] getProposals: returned 53 rows
[FE:ProposalGenerator] getProposals: returned 63 rows
[ad-insights] Serving from memory (440 rows)
[ad-funnel] Serving from memory (133 rows)
[ad-insights] Fetching page 18... (8500 rows so far)
[gc-ad-funnel] Serving from memory (615 rows)
[ad-insights] Fetching page 19... (9000 rows so far)
[ai/analyze] Running AI analysis (prompt length: 860 chars)...
[ad-insights] Fetching page 19... (9000 rows so far)
[ai/analyze] Done. Response length: 1399 chars
[ad-insights] Fetching page 2... (500 rows so far)
[ad-insights] Fetching page 2... (500 rows so far)
[ad-insights] Fetching page 2... (500 rows so far)
[ad-insights] Fetching page 19... (9000 rows so far)
[ad-insights] Fetching page 20... (9500 rows so far)
[ad-insights] Fetching page 20... (9500 rows so far)
[ad-insights] Fetching page 3... (1000 rows so far)
[ad-insights] Fetching page 3... (1000 rows so far)
[ad-insights] Fetching page 3... (1000 rows so far)
[ad-insights] Fetching page 20... (9500 rows so far)
[ad-insights] Fetching page 21... (10000 rows so far)
[FE:ProposalGenerator] getProposals: returned 53 rows
[FE:ProposalGenerator] getProposals: returned 63 rows
[ad-insights] Fetching page 4... (1500 rows so far)
[ad-insights] Fetching page 21... (10000 rows so far)
[ad-funnel] Done. 3408 rows returned. Truncated: false
[FE:Scheduler] Starting job: watcher-refresh
[FE:Watcher] Refreshing Meta prediction accuracy...
[FE:Watcher] Meta predictions: 0 processed, 310 skipped
[FE:Watcher] Refreshing Google prediction accuracy...
[FE:Watcher] Google predictions: 0 processed, 0 skipped
[FE:Watcher] Refreshing recommendation tracking...
[FE:Watcher] ci_recommendations not found: no such table: ci_recommendations
[FE:Watcher] Recommendation tracking: 0 processed
[FE:Watcher] Refreshing competitor signal accuracy...
[FE:Watcher] Competitor signals: 0 processed
[FE:Watcher] Full refresh complete: 0 records processed
[FE:Scheduler] Completed job: watcher-refresh (70ms, 1 records)
[ad-insights] Fetching page 4... (1500 rows so far)
[ad-insights] Fetching page 4... (1500 rows so far)
[ad-funnel] Done. 3408 rows returned. Truncated: false
[ad-funnel] Done. 3408 rows returned. Truncated: false
[ad-insights] Fetching page 21... (10000 rows so far)
[ad-insights] Fetching page 22... (10500 rows so far)
[ad-insights] Fetching page 5... (2000 rows so far)
[ad-insights] Fetching page 5... (2000 rows so far)
[ad-insights] Fetching page 5... (2000 rows so far)
[ad-insights] Fetching page 22... (10500 rows so far)
[ad-insights] Fetching page 22... (10500 rows so far)
[ad-insights] Fetching page 6... (2500 rows so far)
[ad-insights] Fetching page 6... (2500 rows so far)
[ad-insights] Fetching page 23... (11000 rows so far)
[ad-insights] Fetching page 6... (2500 rows so far)
[FE:ProposalGenerator] getProposals: returned 53 rows
[FE:ProposalGenerator] getProposals: returned 63 rows
[ad-insights] Fetching page 23... (11000 rows so far)
[ad-insights] Done. 23 pages, 11039 total rows.
[ad-insights] Saved to disk: 11039 rows
[roas-tracker] Fetched 8271 Meta rows, 3408 funnel rows.
[roas-tracker] 1724 test campaign rows → 145 ads with go-live >= 2026-03-10 (730 daily rows).
[ads-status] Serving from memory cache (500 ads)
[roas-tracker] 61 creatives since 2026-03-10 (28 with funnel data).
[roas-tracker] 149 ads since 2026-03-10.
[roas-tracker] Upserted: 0 new, 149 updated. 0 need predictions.
[roas-tracker] Done. {"snapshots":61,"tracked":149,"newAds":0,"updated":149,"predicted":0}
[ad-insights] Done. 23 pages, 11039 total rows.
[ad-insights] Saved to disk: 11039 rows
[roas-tracker] Fetched 8271 Meta rows, 3408 funnel rows.
[roas-tracker] 1724 test campaign rows → 145 ads with go-live >= 2026-03-10 (730 daily rows).
[ads-status] Serving from memory cache (500 ads)
[roas-tracker] 61 creatives since 2026-03-10 (28 with funnel data).
[roas-tracker] 149 ads since 2026-03-10.
[roas-tracker] Upserted: 0 new, 149 updated. 0 need predictions.
[roas-tracker] Done. {"snapshots":61,"tracked":149,"newAds":0,"updated":149,"predicted":0}
[ad-insights] Fetching page 23... (11000 rows so far)
[ad-insights] Fetching page 7... (3000 rows so far)
[ad-insights] Fetching page 7... (3000 rows so far)
[ad-insights] Fetching page 7... (3000 rows so far)
[ad-insights] Done. 23 pages, 11039 total rows.
[ad-insights] Saved to disk: 11039 rows
[roas-tracker] Fetched 8271 Meta rows, 3408 funnel rows.
[roas-tracker] 1724 test campaign rows → 145 ads with go-live >= 2026-03-10 (730 daily rows).
[ads-status] Serving from memory cache (500 ads)
[roas-tracker] 61 creatives since 2026-03-10 (28 with funnel data).
[roas-tracker] 149 ads since 2026-03-10.
[roas-tracker] Upserted: 0 new, 149 updated. 0 need predictions.
[roas-tracker] Done. {"snapshots":61,"tracked":149,"newAds":0,"updated":149,"predicted":0}
[ad-insights] Fetching page 8... (3500 rows so far)
[ad-insights] Fetching page 8... (3500 rows so far)
[ad-insights] Fetching page 8... (3500 rows so far)
[ad-insights] Fetching page 9... (4000 rows so far)
[FE:ProposalGenerator] getProposals: returned 53 rows
[FE:ProposalGenerator] getProposals: returned 63 rows
[ad-insights] Fetching page 9... (4000 rows so far)
[ad-insights] Fetching page 9... (4000 rows so far)
[ad-insights] Fetching page 10... (4500 rows so far)
[ad-insights] Fetching page 10... (4500 rows so far)
[ad-insights] Fetching page 11... (5000 rows so far)
[ad-insights] Fetching page 10... (4500 rows so far)
[ad-insights] Done. 10 pages, 4500 total rows. WARNING: pagination broke — data may be truncated!
[ad-insights] Disk cache has 11039 rows vs truncated 4500 — using disk cache.
[roas-tracker] Fetched 8271 Meta rows, 3408 funnel rows.
[roas-tracker] 1724 test campaign rows → 145 ads with go-live >= 2026-03-10 (730 daily rows).
[ads-status] Serving from memory cache (500 ads)
[roas-tracker] 61 creatives since 2026-03-10 (28 with funnel data).
[roas-tracker] 149 ads since 2026-03-10.
[roas-tracker] Upserted: 0 new, 149 updated. 0 need predictions.
[roas-tracker] Done. {"snapshots":61,"tracked":149,"newAds":0,"updated":149,"predicted":0}
[ad-insights] Fetching page 11... (5000 rows so far)
[FE:ProposalGenerator] getProposals: returned 53 rows
[FE:ProposalGenerator] getProposals: returned 63 rows
[ad-insights] Fetching page 12... (5500 rows so far)
[ad-insights] Fetching page 12... (5500 rows so far)
[ad-insights] Fetching page 13... (6000 rows so far)
[ad-insights] Fetching page 13... (6000 rows so far)
[ad-insights] Fetching page 14... (6500 rows so far)
[FE:ProposalGenerator] getProposals: returned 53 rows
[FE:ProposalGenerator] getProposals: returned 63 rows
[ad-insights] Fetching page 14... (6500 rows so far)
[ad-insights] Fetching page 15... (7000 rows so far)
[ad-insights] Fetching page 15... (7000 rows so far)
[ad-insights] Fetching page 16... (7500 rows so far)
[ad-insights] Fetching page 16... (7500 rows so far)
[ad-insights] Fetching page 17... (8000 rows so far)
[FE:ProposalGenerator] getProposals: returned 53 rows
[FE:ProposalGenerator] getProposals: returned 63 rows
[ad-insights] Fetching page 17... (8000 rows so far)
[ad-insights] Fetching page 18... (8500 rows so far)
[ad-insights] Fetching page 18... (8500 rows so far)
[ad-insights] Fetching page 19... (9000 rows so far)
[ad-insights] Fetching page 19... (9000 rows so far)
[ad-insights] Fetching page 20... (9500 rows so far)
[ad-insights] Fetching page 20... (9500 rows so far)
[FE:ProposalGenerator] getProposals: returned 53 rows
[FE:ProposalGenerator] getProposals: returned 63 rows
[ad-insights] Fetching page 21... (10000 rows so far)
[ad-insights] Fetching page 21... (10000 rows so far)
[ad-insights] Fetching page 22... (10500 rows so far)
[ad-insights] Fetching page 22... (10500 rows so far)
[ad-insights] Fetching page 23... (11000 rows so far)
[ad-insights] Done. 23 pages, 11039 total rows.
[ad-insights] Saved to disk: 11039 rows
[roas-tracker] Fetched 8271 Meta rows, 3408 funnel rows.
[roas-tracker] 1724 test campaign rows → 145 ads with go-live >= 2026-03-10 (730 daily rows).
[ads-status] Serving from memory cache (500 ads)
[roas-tracker] 61 creatives since 2026-03-10 (28 with funnel data).
[roas-tracker] 149 ads since 2026-03-10.
[roas-tracker] Upserted: 0 new, 149 updated. 0 need predictions.
[roas-tracker] Done. {"snapshots":61,"tracked":149,"newAds":0,"updated":149,"predicted":0}
[ad-insights] Fetching page 23... (11000 rows so far)
[ad-insights] Done. 23 pages, 11039 total rows.
[ad-insights] Saved to disk: 11039 rows
[roas-tracker] Fetched 8271 Meta rows, 3408 funnel rows.
[roas-tracker] 1724 test campaign rows → 145 ads with go-live >= 2026-03-10 (730 daily rows).
[ads-status] Serving from memory cache (500 ads)
[roas-tracker] 61 creatives since 2026-03-10 (28 with funnel data).
[roas-tracker] 149 ads since 2026-03-10.
[roas-tracker] Upserted: 0 new, 149 updated. 0 need predictions.
[roas-tracker] Done. {"snapshots":61,"tracked":149,"newAds":0,"updated":149,"predicted":0}
[FE:ProposalGenerator] getProposals: returned 53 rows
[FE:ProposalGenerator] getProposals: returned 63 rows
[FE:ProposalGenerator] getProposals: returned 53 rows
[FE:ProposalGenerator] getProposals: returned 63 rows
[FE:ProposalGenerator] getProposals: returned 53 rows
[FE:ProposalGenerator] getProposals: returned 63 rows
[ad-insights] Serving from memory (4742 rows)
[ad-funnel] Serving from memory (1549 rows)
[ads-status] Serving from memory cache (500 ads)
[gc-ad-funnel] Serving from memory (615 rows)
[ad-insights] Serving from memory (4742 rows)
[ad-funnel] Serving from memory (1549 rows)
[ads-status] Serving from memory cache (500 ads)
[FE:ProposalGenerator] getProposals: returned 53 rows
[FE:ProposalGenerator] getProposals: returned 63 rows
[ad-insights] Serving from memory (4742 rows)
[ad-funnel] Serving from memory (1549 rows)
[ads-status] Serving from memory cache (500 ads)
[FE:ProposalGenerator] getProposals: returned 53 rows
[FE:ProposalGenerator] getProposals: returned 63 rows
[roas-tracker] Starting snapshot. Only test campaign ads with go-live >= 2026-03-10
[ad-insights] Fetching page 1...
[ad-funnel] Running Metabase query...
[roas-tracker] Starting snapshot. Only test campaign ads with go-live >= 2026-03-10
[roas-tracker] Starting snapshot. Only test campaign ads with go-live >= 2026-03-10
[ad-insights] Fetching page 1...
[ad-funnel] Running Metabase query...
[ad-insights] Fetching page 1...
[ad-funnel] Running Metabase query...
[ad-insights] Serving from memory (440 rows)
[ad-funnel] Serving from memory (133 rows)
[ad-insights] Serving from memory (440 rows)
[ad-funnel] Serving from memory (133 rows)
[ad-insights] Serving from memory (440 rows)
[ad-funnel] Serving from memory (133 rows)
[gc-ad-funnel] Serving from memory (615 rows)
[ai/analyze] Running AI analysis (prompt length: 860 chars)...
[ad-insights] Fetching page 2... (500 rows so far)
[ai/analyze] Done. Response length: 1417 chars
[ad-insights] Fetching page 2... (500 rows so far)
[ad-insights] Fetching page 2... (500 rows so far)
[ad-insights] Fetching page 3... (1000 rows so far)
[ad-insights] Fetching page 3... (1000 rows so far)
[ad-insights] Fetching page 3... (1000 rows so far)
[FE:ProposalGenerator] getProposals: returned 53 rows
[FE:ProposalGenerator] getProposals: returned 63 rows
[ad-insights] Fetching page 4... (1500 rows so far)
[ad-insights] Fetching page 4... (1500 rows so far)
[ad-insights] Fetching page 4... (1500 rows so far)
[ai/analyze] Running AI analysis (prompt length: 860 chars)...
[ai/analyze] Done. Response length: 1175 chars
[ad-insights] Fetching page 5... (2000 rows so far)
[ad-insights] Fetching page 5... (2000 rows so far)
[ad-insights] Fetching page 5... (2000 rows so far)
[ad-funnel] Done. 3408 rows returned. Truncated: false
[ad-funnel] Done. 3408 rows returned. Truncated: false
[ad-insights] Fetching page 6... (2500 rows so far)
[ad-insights] Fetching page 6... (2500 rows so far)
[FE:ProposalGenerator] getProposals: returned 53 rows
[FE:ProposalGenerator] getProposals: returned 63 rows
[ad-insights] Fetching page 6... (2500 rows so far)
[ad-insights] Fetching page 7... (3000 rows so far)
[ad-insights] Fetching page 7... (3000 rows so far)
[ad-insights] Fetching page 7... (3000 rows so far)
[ad-insights] Fetching page 8... (3500 rows so far)
[ad-insights] Fetching page 8... (3500 rows so far)
[ad-insights] Fetching page 8... (3500 rows so far)
[ad-insights] Fetching page 9... (4000 rows so far)
[FE:ProposalGenerator] getProposals: returned 53 rows
[FE:ProposalGenerator] getProposals: returned 63 rows
[ad-insights] Fetching page 9... (4000 rows so far)
[ad-insights] Fetching page 9... (4000 rows so far)
[ad-insights] Fetching page 10... (4500 rows so far)
[ad-insights] Fetching page 10... (4500 rows so far)
[ad-insights] Fetching page 10... (4500 rows so far)
[ad-insights] Fetching page 11... (5000 rows so far)
[ad-insights] Fetching page 11... (5000 rows so far)
[ad-insights] Fetching page 11... (5000 rows so far)
[ad-insights] Fetching page 12... (5500 rows so far)
[FE:ProposalGenerator] getProposals: returned 53 rows
[FE:ProposalGenerator] getProposals: returned 63 rows
[ad-insights] Fetching page 12... (5500 rows so far)
[ad-insights] Serving from memory (4742 rows)
[ad-funnel] Serving from memory (1549 rows)
[ads-status] Serving from memory cache (500 ads)
[roas-tracker] Starting snapshot. Only test campaign ads with go-live >= 2026-03-10
[ad-insights] Serving from memory (4742 rows)
[ad-funnel] Serving from memory (1549 rows)
[ads-status] Serving from memory cache (500 ads)
[gc-ad-funnel] Serving from memory (615 rows)
[ad-insights] Fetching page 1...
[ad-funnel] Running Metabase query...
[roas-tracker] Starting snapshot. Only test campaign ads with go-live >= 2026-03-10
[ad-insights] Serving from memory (4742 rows)
[ad-insights] Fetching page 1...
[ad-funnel] Running Metabase query...
[ad-funnel] Serving from memory (1549 rows)
[roas-tracker] Starting snapshot. Only test campaign ads with go-live >= 2026-03-10
[ads-status] Serving from memory cache (500 ads)
[FE:ProposalGenerator] getProposals: returned 53 rows
[ad-insights] Fetching page 1...
[ad-funnel] Running Metabase query...
[FE:ProposalGenerator] getProposals: returned 63 rows
[ad-insights] Serving from memory (440 rows)
[ad-funnel] Serving from memory (133 rows)
[ad-insights] Serving from memory (440 rows)
[ad-funnel] Serving from memory (133 rows)
[FE:ProposalGenerator] getProposals: returned 53 rows
[FE:ProposalGenerator] getProposals: returned 63 rows
[ad-insights] Fetching page 12... (5500 rows so far)
[ad-insights] Serving from memory (440 rows)
[ad-funnel] Serving from memory (133 rows)
[gc-ad-funnel] Serving from memory (615 rows)
[ad-insights] Fetching page 13... (6000 rows so far)
[ai/analyze] Running AI analysis (prompt length: 860 chars)...
[ad-insights] Fetching page 13... (6000 rows so far)
[ai/analyze] Done. Response length: 1509 chars
[ad-insights] Fetching page 2... (500 rows so far)
[ad-insights] Fetching page 2... (500 rows so far)
[ad-insights] Fetching page 2... (500 rows so far)
[ad-insights] Fetching page 13... (6000 rows so far)
[ad-insights] Fetching page 14... (6500 rows so far)
[ad-insights] Fetching page 14... (6500 rows so far)
[ad-insights] Fetching page 3... (1000 rows so far)
[ad-insights] Fetching page 3... (1000 rows so far)
[ad-insights] Fetching page 14... (6500 rows so far)
[ad-insights] Fetching page 3... (1000 rows so far)
[ad-insights] Fetching page 15... (7000 rows so far)
[ad-funnel] Done. 3408 rows returned. Truncated: false
[ad-funnel] Done. 3408 rows returned. Truncated: false
[FE:ProposalGenerator] getProposals: returned 53 rows
[FE:ProposalGenerator] getProposals: returned 63 rows
[ad-funnel] Done. 3408 rows returned. Truncated: false
[ad-insights] Fetching page 15... (7000 rows so far)
[ad-insights] Fetching page 4... (1500 rows so far)
[ad-insights] Fetching page 4... (1500 rows so far)
[ad-insights] Fetching page 15... (7000 rows so far)
[ad-insights] Fetching page 4... (1500 rows so far)
[ad-insights] Fetching page 16... (7500 rows so far)
[ad-insights] Fetching page 5... (2000 rows so far)
[ad-insights] Fetching page 16... (7500 rows so far)
[ad-insights] Fetching page 5... (2000 rows so far)
[ad-insights] Fetching page 16... (7500 rows so far)
[ad-insights] Fetching page 5... (2000 rows so far)
[ad-insights] Fetching page 17... (8000 rows so far)
[ad-insights] Fetching page 6... (2500 rows so far)
[ad-insights] Fetching page 17... (8000 rows so far)
[ad-insights] Fetching page 6... (2500 rows so far)
[ad-insights] Fetching page 17... (8000 rows so far)
[FE:ProposalGenerator] getProposals: returned 53 rows
[FE:ProposalGenerator] getProposals: returned 63 rows
[ad-insights] Fetching page 6... (2500 rows so far)
[ad-insights] Fetching page 18... (8500 rows so far)
[ad-insights] Fetching page 7... (3000 rows so far)
[ad-insights] Fetching page 7... (3000 rows so far)
[ad-insights] Fetching page 18... (8500 rows so far)
[ad-insights] Fetching page 18... (8500 rows so far)
[ad-insights] Fetching page 7... (3000 rows so far)
[ad-insights] Fetching page 8... (3500 rows so far)
[ad-insights] Fetching page 19... (9000 rows so far)
[ad-insights] Fetching page 8... (3500 rows so far)
[ad-insights] Fetching page 19... (9000 rows so far)
[ad-insights] Fetching page 8... (3500 rows so far)
[ad-insights] Fetching page 19... (9000 rows so far)
[ad-insights] Fetching page 9... (4000 rows so far)
[ad-insights] Fetching page 20... (9500 rows so far)
[FE:ProposalGenerator] getProposals: returned 53 rows
[FE:ProposalGenerator] getProposals: returned 63 rows
[ad-insights] Fetching page 9... (4000 rows so far)
[ad-insights] Done. 19 pages, 9000 total rows. WARNING: pagination broke — data may be truncated!
[ad-insights] Disk cache has 11039 rows vs truncated 9000 — using disk cache.
[roas-tracker] Fetched 8271 Meta rows, 3408 funnel rows.
[roas-tracker] 1724 test campaign rows → 145 ads with go-live >= 2026-03-10 (730 daily rows).
[ads-status] Serving from memory cache (500 ads)
[roas-tracker] 61 creatives since 2026-03-10 (28 with funnel data).
[roas-tracker] 149 ads since 2026-03-10.
[roas-tracker] Upserted: 0 new, 149 updated. 0 need predictions.
[roas-tracker] Done. {"snapshots":61,"tracked":149,"newAds":0,"updated":149,"predicted":0}
[ad-insights] Fetching page 20... (9500 rows so far)
[ad-insights] Fetching page 10... (4500 rows so far)
[ad-insights] Fetching page 9... (4000 rows so far)
[ad-insights] Fetching page 10... (4500 rows so far)
[ad-insights] Fetching page 21... (10000 rows so far)
[ad-insights] Fetching page 11... (5000 rows so far)
[ad-insights] Fetching page 21... (10000 rows so far)
[ad-insights] Fetching page 10... (4500 rows so far)
[ad-insights] Fetching page 11... (5000 rows so far)
[ad-insights] Fetching page 12... (5500 rows so far)
[ad-insights] Fetching page 11... (5000 rows so far)
[ad-insights] Fetching page 22... (10500 rows so far)
[FE:ProposalGenerator] getProposals: returned 53 rows
[FE:ProposalGenerator] getProposals: returned 63 rows
[ad-insights] Fetching page 22... (10500 rows so far)
[ad-insights] Fetching page 12... (5500 rows so far)
[ad-insights] Fetching page 13... (6000 rows so far)
[ad-insights] Fetching page 12... (5500 rows so far)
[ad-insights] Fetching page 23... (11000 rows so far)
[ad-insights] Fetching page 13... (6000 rows so far)
[ad-insights] Fetching page 23... (11000 rows so far)
[ad-insights] Done. 23 pages, 11040 total rows.
[ad-insights] Saved to disk: 11040 rows
[roas-tracker] Fetched 8272 Meta rows, 3408 funnel rows.
[roas-tracker] 1724 test campaign rows → 145 ads with go-live >= 2026-03-10 (730 daily rows).
[ads-status] Serving from memory cache (500 ads)
[roas-tracker] 61 creatives since 2026-03-10 (28 with funnel data).
[roas-tracker] 149 ads since 2026-03-10.
[roas-tracker] Upserted: 0 new, 149 updated. 0 need predictions.
[roas-tracker] Done. {"snapshots":61,"tracked":149,"newAds":0,"updated":149,"predicted":0}
[ad-insights] Fetching page 14... (6500 rows so far)
[ad-insights] Done. 23 pages, 11040 total rows.
[ad-insights] Saved to disk: 11040 rows
[roas-tracker] Fetched 8272 Meta rows, 0 funnel rows.
[roas-tracker] 1724 test campaign rows → 145 ads with go-live >= 2026-03-10 (730 daily rows).
[ads-status] Serving from memory cache (500 ads)
[roas-tracker] 61 creatives since 2026-03-10 (0 with funnel data).
[roas-tracker] 149 ads since 2026-03-10.
[roas-tracker] Upserted: 0 new, 149 updated. 0 need predictions.
[roas-tracker] Done. {"snapshots":61,"tracked":149,"newAds":0,"updated":149,"predicted":0}
[ad-insights] Fetching page 13... (6000 rows so far)
[ad-insights] Fetching page 14... (6500 rows so far)
[ad-insights] Fetching page 15... (7000 rows so far)
[FE:ProposalGenerator] getProposals: returned 53 rows
[FE:ProposalGenerator] getProposals: returned 63 rows
[ad-insights] Fetching page 14... (6500 rows so far)
[ad-insights] Fetching page 15... (7000 rows so far)
[ad-insights] Fetching page 15... (7000 rows so far)
[ad-insights] Fetching page 16... (7500 rows so far)
[ad-insights] Fetching page 16... (7500 rows so far)
[ad-insights] Fetching page 16... (7500 rows so far)
[ad-insights] Fetching page 17... (8000 rows so far)
[FE:ProposalGenerator] getProposals: returned 53 rows
[FE:ProposalGenerator] getProposals: returned 63 rows
[ad-insights] Fetching page 17... (8000 rows so far)
[ad-insights] Fetching page 17... (8000 rows so far)
[ad-insights] Fetching page 18... (8500 rows so far)
[gc-ad-funnel] Serving from disk (615 rows, 31min old)
[ad-insights] Serving from disk (4742 rows, 31min old)
[ad-funnel] Serving from disk (1549 rows, 31min old)
[ads-status] Serving from memory cache (500 ads)
[ad-insights] Serving from memory (4742 rows)
[ad-funnel] Serving from memory (1549 rows)
[roas-tracker] Starting snapshot. Only test campaign ads with go-live >= 2026-03-10
[ads-status] Serving from memory cache (500 ads)
[ad-insights] Serving from memory (4742 rows)
[ad-funnel] Serving from memory (1549 rows)
[ad-funnel] Running Metabase query...
[ad-insights] Fetching page 1...
[ads-status] Serving from memory cache (500 ads)
[roas-tracker] Starting snapshot. Only test campaign ads with go-live >= 2026-03-10
[roas-tracker] Starting snapshot. Only test campaign ads with go-live >= 2026-03-10
[ad-insights] Fetching page 1...
[ad-funnel] Running Metabase query...
[ad-insights] Fetching page 1...
[ad-funnel] Running Metabase query...
[FE:ProposalGenerator] getProposals: returned 53 rows
[FE:ProposalGenerator] getProposals: returned 63 rows
[ad-insights] Serving from disk (440 rows, 31min old)
[ad-funnel] Serving from disk (133 rows, 31min old)
[FE:ProposalGenerator] getProposals: returned 53 rows
[FE:ProposalGenerator] getProposals: returned 63 rows
[ad-insights] Serving from memory (440 rows)
[ad-funnel] Serving from memory (133 rows)
[ad-insights] Serving from memory (440 rows)
[ad-funnel] Serving from memory (133 rows)
[gc-ad-funnel] Serving from memory (615 rows)
[ad-insights] Fetching page 18... (8500 rows so far)
[ad-insights] Fetching page 18... (8500 rows so far)
[ai/analyze] Running AI analysis (prompt length: 860 chars)...
[ad-insights] Fetching page 19... (9000 rows so far)
[ad-insights] Fetching page 2... (500 rows so far)
[ad-insights] Fetching page 2... (500 rows so far)
[ai/analyze] Done. Response length: 1313 chars
[ad-insights] Fetching page 2... (500 rows so far)
[ad-insights] Fetching page 19... (9000 rows so far)
[ad-insights] Fetching page 19... (9000 rows so far)
[ad-insights] Fetching page 3... (1000 rows so far)
[ad-insights] Fetching page 3... (1000 rows so far)
[ad-insights] Fetching page 3... (1000 rows so far)
[ad-insights] Fetching page 20... (9500 rows so far)
[ad-insights] Fetching page 20... (9500 rows so far)
[FE:ProposalGenerator] getProposals: returned 53 rows
[FE:ProposalGenerator] getProposals: returned 63 rows
[ad-insights] Fetching page 20... (9500 rows so far)
[ad-insights] Fetching page 4... (1500 rows so far)
[ad-insights] Fetching page 4... (1500 rows so far)
[ad-insights] Fetching page 21... (10000 rows so far)
[ad-insights] Fetching page 4... (1500 rows so far)
[ad-insights] Fetching page 21... (10000 rows so far)
[ad-insights] Serving from memory (4742 rows)
[ad-funnel] Serving from memory (1549 rows)
[roas-tracker] Starting snapshot. Only test campaign ads with go-live >= 2026-03-10
[ads-status] Serving from memory cache (500 ads)
[ad-insights] Fetching page 1...
[gc-ad-funnel] Serving from memory (615 rows)
[ad-funnel] Running Metabase query...
[ad-insights] Serving from memory (4742 rows)
[ad-funnel] Serving from memory (1549 rows)
[roas-tracker] Starting snapshot. Only test campaign ads with go-live >= 2026-03-10
[ads-status] Serving from memory cache (500 ads)
[FE:ProposalGenerator] getProposals: returned 53 rows
[ad-insights] Fetching page 1...
[ad-funnel] Running Metabase query...
[ad-insights] Serving from memory (4742 rows)
[ad-funnel] Serving from memory (1549 rows)
[ads-status] Serving from memory cache (500 ads)
[gc-ad-funnel] Serving from memory (615 rows)
[roas-tracker] Starting snapshot. Only test campaign ads with go-live >= 2026-03-10
[ad-insights] Serving from memory (4742 rows)
[ad-funnel] Serving from memory (1549 rows)
[ad-funnel] Serving from memory (1549 rows)
[ad-insights] Fetching page 1...
[ad-funnel] Running Metabase query...
[ads-status] Serving from memory cache (500 ads)
[ads-status] Serving from memory cache (500 ads)
[FE:ProposalGenerator] getProposals: returned 53 rows
[ad-insights] Fetching page 21... (10000 rows so far)
[ad-insights] Serving from memory (4742 rows)
[ad-funnel] Serving from memory (1549 rows)
[gc-ad-funnel] Serving from memory (615 rows)
[ads-status] Serving from memory cache (500 ads)
[ad-insights] Serving from memory (4742 rows)
[ad-funnel] Serving from memory (1549 rows)
[ad-insights] Serving from memory (4742 rows)
[ad-funnel] Serving from memory (1549 rows)
[ads-status] Serving from memory cache (500 ads)
[ads-status] Serving from memory cache (500 ads)
[FE:ProposalGenerator] getProposals: returned 53 rows
[FE:ProposalGenerator] getProposals: returned 63 rows
[ad-insights] Fetching page 5... (2000 rows so far)
[roas-tracker] Starting snapshot. Only test campaign ads with go-live >= 2026-03-10
[ad-insights] Fetching page 1...
[ad-funnel] Running Metabase query...
[roas-tracker] Starting snapshot. Only test campaign ads with go-live >= 2026-03-10
[ad-insights] Fetching page 1...
[ad-funnel] Running Metabase query...
[roas-tracker] Starting snapshot. Only test campaign ads with go-live >= 2026-03-10
[ad-insights] Fetching page 1...
[ad-funnel] Running Metabase query...
[FE:ProposalGenerator] getProposals: returned 53 rows
[FE:ProposalGenerator] getProposals: returned 63 rows
[ad-insights] Serving from memory (440 rows)
[ad-funnel] Serving from memory (133 rows)
[ad-insights] Serving from memory (440 rows)
[ad-funnel] Serving from memory (133 rows)
[ad-insights] Fetching page 5... (2000 rows so far)
[ad-insights] Serving from memory (440 rows)
[ad-funnel] Serving from memory (133 rows)
[ad-insights] Fetching page 22... (10500 rows so far)
[gc-ad-funnel] Serving from memory (615 rows)
[ad-insights] Fetching page 5... (2000 rows so far)
[ad-insights] Fetching page 2... (500 rows so far)
[ad-insights] Fetching page 2... (500 rows so far)
[ad-insights] Fetching page 2... (500 rows so far)
[ad-insights] Fetching page 6... (2500 rows so far)
[ad-insights] Fetching page 2... (500 rows so far)
[ad-insights] Fetching page 22... (10500 rows so far)
[ad-insights] Fetching page 6... (2500 rows so far)
[ad-insights] Fetching page 2... (500 rows so far)
[ad-insights] Fetching page 2... (500 rows so far)
[ad-insights] Fetching page 22... (10500 rows so far)
[ai/analyze] Running AI analysis (prompt length: 860 chars)...
[ai/analyze] Done. Response length: 1418 chars
[ad-insights] Fetching page 23... (11000 rows so far)
[ad-insights] Fetching page 6... (2500 rows so far)
[ad-insights] Fetching page 3... (1000 rows so far)
[ad-insights] Fetching page 3... (1000 rows so far)
[ad-funnel] Done. 3408 rows returned. Truncated: false
[ad-insights] Fetching page 7... (3000 rows so far)
[ad-insights] Fetching page 3... (1000 rows so far)
[ad-insights] Fetching page 7... (3000 rows so far)
[ad-insights] Done. 23 pages, 11040 total rows.
[ad-insights] Saved to disk: 11040 rows
[ad-funnel] Done. 3408 rows returned. Truncated: false
[roas-tracker] Fetched 8272 Meta rows, 3408 funnel rows.
[roas-tracker] 1724 test campaign rows → 145 ads with go-live >= 2026-03-10 (730 daily rows).
[ads-status] Serving from memory cache (500 ads)
[roas-tracker] 61 creatives since 2026-03-10 (28 with funnel data).
[roas-tracker] 149 ads since 2026-03-10.
[roas-tracker] Upserted: 0 new, 149 updated. 0 need predictions.
[roas-tracker] Done. {"snapshots":61,"tracked":149,"newAds":0,"updated":149,"predicted":0}
[ad-insights] Fetching page 3... (1000 rows so far)
[ad-insights] Fetching page 3... (1000 rows so far)
[ad-funnel] Done. 3408 rows returned. Truncated: false
[ad-insights] Fetching page 3... (1000 rows so far)
[ad-insights] Fetching page 23... (11000 rows so far)
[ad-insights] Fetching page 23... (11000 rows so far)
[ad-funnel] Done. 3408 rows returned. Truncated: false
[ad-funnel] Done. 3408 rows returned. Truncated: false
[ad-insights] Done. 23 pages, 11040 total rows.
[ad-insights] Saved to disk: 11040 rows
[roas-tracker] Fetched 8272 Meta rows, 3408 funnel rows.
[roas-tracker] 1724 test campaign rows → 145 ads with go-live >= 2026-03-10 (730 daily rows).
[ads-status] Serving from memory cache (500 ads)
[roas-tracker] 61 creatives since 2026-03-10 (28 with funnel data).
[roas-tracker] 149 ads since 2026-03-10.
[roas-tracker] Upserted: 0 new, 149 updated. 0 need predictions.
[roas-tracker] Done. {"snapshots":61,"tracked":149,"newAds":0,"updated":149,"predicted":0}
[FE:ProposalGenerator] getProposals: returned 53 rows
[FE:ProposalGenerator] getProposals: returned 63 rows
[ad-insights] Done. 23 pages, 11040 total rows.
[ad-insights] Saved to disk: 11040 rows
[roas-tracker] Fetched 8272 Meta rows, 3408 funnel rows.
[roas-tracker] 1724 test campaign rows → 145 ads with go-live >= 2026-03-10 (730 daily rows).
[ads-status] Serving from memory cache (500 ads)
[roas-tracker] 61 creatives since 2026-03-10 (28 with funnel data).
[roas-tracker] 149 ads since 2026-03-10.
[roas-tracker] Upserted: 0 new, 149 updated. 0 need predictions.
[roas-tracker] Done. {"snapshots":61,"tracked":149,"newAds":0,"updated":149,"predicted":0}
[ad-funnel] Done. 3408 rows returned. Truncated: false
[ad-insights] Fetching page 4... (1500 rows so far)
[ad-insights] Fetching page 4... (1500 rows so far)
[ad-insights] Fetching page 4... (1500 rows so far)
[ad-insights] Fetching page 8... (3500 rows so far)
[ad-insights] Fetching page 7... (3000 rows so far)
[ad-funnel] Done. 3408 rows returned. Truncated: false
[ad-insights] Fetching page 4... (1500 rows so far)
[ad-funnel] Done. 3408 rows returned. Truncated: false
[ad-insights] Fetching page 8... (3500 rows so far)
[ad-insights] Fetching page 4... (1500 rows so far)
[ad-funnel] Done. 3408 rows returned. Truncated: false
[ad-insights] Fetching page 4... (1500 rows so far)
[ai/analyze] Running AI analysis (prompt length: 860 chars)...
[ad-insights] Fetching page 8... (3500 rows so far)
[ad-insights] Fetching page 5... (2000 rows so far)
[ad-insights] Fetching page 9... (4000 rows so far)
[ad-insights] Fetching page 5... (2000 rows so far)
[ad-insights] Fetching page 5... (2000 rows so far)
[ad-insights] Fetching page 9... (4000 rows so far)
[ai/analyze] Done. Response length: 1441 chars
[ad-insights] Fetching page 5... (2000 rows so far)
[ad-insights] Fetching page 5... (2000 rows so far)
[ad-insights] Fetching page 5... (2000 rows so far)
[ad-insights] Fetching page 6... (2500 rows so far)
[ad-insights] Fetching page 10... (4500 rows so far)
[ad-insights] Fetching page 10... (4500 rows so far)
[ad-insights] Fetching page 9... (4000 rows so far)
[ad-insights] Fetching page 6... (2500 rows so far)
[ad-insights] Fetching page 6... (2500 rows so far)
[ad-insights] Fetching page 6... (2500 rows so far)
[ad-insights] Fetching page 6... (2500 rows so far)
[FE:ProposalGenerator] getProposals: returned 53 rows
[FE:ProposalGenerator] getProposals: returned 63 rows
[ad-insights] Fetching page 6... (2500 rows so far)
[ad-insights] Fetching page 10... (4500 rows so far)
[ad-insights] Fetching page 11... (5000 rows so far)
[ad-insights] Fetching page 11... (5000 rows so far)
[ad-insights] Fetching page 7... (3000 rows so far)
[ad-insights] Fetching page 7... (3000 rows so far)
[ad-insights] Fetching page 7... (3000 rows so far)
[ad-insights] Fetching page 7... (3000 rows so far)
[ad-insights] Fetching page 7... (3000 rows so far)
[ad-insights] Fetching page 7... (3000 rows so far)
[ad-insights] Fetching page 11... (5000 rows so far)
[ad-insights] Fetching page 12... (5500 rows so far)
[ad-insights] Fetching page 12... (5500 rows so far)
[ad-insights] Fetching page 8... (3500 rows so far)
[ad-insights] Fetching page 8... (3500 rows so far)
[ad-insights] Fetching page 8... (3500 rows so far)
[ad-insights] Fetching page 8... (3500 rows so far)
[ad-insights] Fetching page 8... (3500 rows so far)
[ad-insights] Fetching page 8... (3500 rows so far)
[ad-insights] Fetching page 13... (6000 rows so far)
[ad-insights] Fetching page 13... (6000 rows so far)
[ad-insights] Fetching page 12... (5500 rows so far)
[FE:ProposalGenerator] getProposals: returned 53 rows
[FE:ProposalGenerator] getProposals: returned 63 rows
[ad-insights] Fetching page 9... (4000 rows so far)
[ad-insights] Fetching page 9... (4000 rows so far)
[ad-insights] Fetching page 9... (4000 rows so far)
[ad-insights] Fetching page 9... (4000 rows so far)
[ad-insights] Fetching page 9... (4000 rows so far)
[ad-insights] Fetching page 9... (4000 rows so far)
[ad-insights] Fetching page 13... (6000 rows so far)
[ad-insights] Fetching page 14... (6500 rows so far)
[ad-insights] Fetching page 14... (6500 rows so far)
[ad-insights] Fetching page 10... (4500 rows so far)
[ad-insights] Done. 9 pages, 4000 total rows. WARNING: pagination broke — data may be truncated!
[ad-insights] Disk cache has 11040 rows vs truncated 4000 — using disk cache.
[roas-tracker] Fetched 8272 Meta rows, 3408 funnel rows.
[roas-tracker] 1724 test campaign rows → 145 ads with go-live >= 2026-03-10 (730 daily rows).
[ads-status] Serving from memory cache (500 ads)
[roas-tracker] 61 creatives since 2026-03-10 (28 with funnel data).
[roas-tracker] 149 ads since 2026-03-10.
[roas-tracker] Upserted: 0 new, 149 updated. 0 need predictions.
[roas-tracker] Done. {"snapshots":61,"tracked":149,"newAds":0,"updated":149,"predicted":0}
[ad-insights] Fetching page 10... (4500 rows so far)
[ad-insights] Fetching page 10... (4500 rows so far)
[ad-insights] Fetching page 10... (4500 rows so far)
[ad-insights] Fetching page 10... (4500 rows so far)
[ad-insights] Fetching page 15... (7000 rows so far)
[ad-insights] Fetching page 15... (7000 rows so far)
[ad-insights] Fetching page 11... (5000 rows so far)
[ad-insights] Fetching page 14... (6500 rows so far)
[ad-insights] Fetching page 11... (5000 rows so far)
[ad-insights] Fetching page 11... (5000 rows so far)
[ad-insights] Fetching page 11... (5000 rows so far)
[ad-insights] Fetching page 11... (5000 rows so far)
[ad-insights] Fetching page 16... (7500 rows so far)
[ad-insights] Fetching page 16... (7500 rows so far)
[ad-insights] Fetching page 12... (5500 rows so far)
[FE:ProposalGenerator] getProposals: returned 53 rows
[FE:ProposalGenerator] getProposals: returned 63 rows
[ad-insights] Fetching page 12... (5500 rows so far)
[ad-insights] Fetching page 15... (7000 rows so far)
[ad-insights] Fetching page 12... (5500 rows so far)
[ad-insights] Fetching page 12... (5500 rows so far)
[ad-insights] Fetching page 12... (5500 rows so far)
[ad-insights] Fetching page 17... (8000 rows so far)
[ad-insights] Fetching page 13... (6000 rows so far)
[ad-insights] Fetching page 17... (8000 rows so far)
[ad-insights] Fetching page 13... (6000 rows so far)
[ad-insights] Fetching page 13... (6000 rows so far)
[ad-insights] Fetching page 16... (7500 rows so far)
[ad-insights] Fetching page 13... (6000 rows so far)
[ad-insights] Fetching page 13... (6000 rows so far)
[ad-insights] Fetching page 14... (6500 rows so far)
[ad-insights] Fetching page 18... (8500 rows so far)
[ad-insights] Fetching page 18... (8500 rows so far)
[ad-insights] Fetching page 14... (6500 rows so far)
[ad-insights] Fetching page 14... (6500 rows so far)
[ad-insights] Fetching page 14... (6500 rows so far)
[ad-insights] Fetching page 14... (6500 rows so far)
[ad-insights] Fetching page 17... (8000 rows so far)
[ad-insights] Fetching page 15... (7000 rows so far)
[FE:ProposalGenerator] getProposals: returned 53 rows
[FE:ProposalGenerator] getProposals: returned 63 rows
[ad-insights] Fetching page 15... (7000 rows so far)
[ad-insights] Fetching page 19... (9000 rows so far)
[ad-insights] Fetching page 15... (7000 rows so far)
[ad-insights] Fetching page 19... (9000 rows so far)
[ad-insights] Fetching page 15... (7000 rows so far)
[ad-insights] Fetching page 15... (7000 rows so far)
[ad-insights] Fetching page 18... (8500 rows so far)
[ad-insights] Fetching page 16... (7500 rows so far)
[ad-insights] Fetching page 16... (7500 rows so far)
[ad-insights] Fetching page 16... (7500 rows so far)
[ad-insights] Fetching page 16... (7500 rows so far)
[ad-insights] Fetching page 20... (9500 rows so far)
[ad-insights] Fetching page 20... (9500 rows so far)
[ad-insights] Fetching page 16... (7500 rows so far)
[ad-insights] Fetching page 19... (9000 rows so far)
[ad-insights] Fetching page 17... (8000 rows so far)
[ad-insights] Fetching page 17... (8000 rows so far)
[ad-insights] Fetching page 17... (8000 rows so far)
[ad-insights] Fetching page 21... (10000 rows so far)
[ad-insights] Fetching page 17... (8000 rows so far)
[ad-insights] Fetching page 21... (10000 rows so far)
[ad-insights] Fetching page 17... (8000 rows so far)
[FE:ProposalGenerator] getProposals: returned 53 rows
[FE:ProposalGenerator] getProposals: returned 63 rows
[ad-insights] Fetching page 20... (9500 rows so far)
[ad-insights] Fetching page 18... (8500 rows so far)
[ad-insights] Fetching page 18... (8500 rows so far)
[ad-insights] Fetching page 18... (8500 rows so far)
[ad-insights] Fetching page 18... (8500 rows so far)
[FE:Scheduler] Starting job: data-quality-check
[FE:DataQuality] Running audit (2026-03-08 -> 2026-04-07, forceFresh=false)
[ad-insights] Fetching page 1...
[ad-funnel] Running Metabase query...
[gc-ad-funnel] Serving from memory (615 rows)
[ads-status] Serving from memory cache (500 ads)
[ad-insights] Fetching page 18... (8500 rows so far)
[ad-insights] Fetching page 22... (10500 rows so far)
[ad-insights] Fetching page 22... (10500 rows so far)
[ad-insights] Fetching page 21... (10000 rows so far)
[ad-insights] Fetching page 19... (9000 rows so far)
[ad-insights] Fetching page 19... (9000 rows so far)
[ad-insights] Fetching page 19... (9000 rows so far)
[ad-insights] Fetching page 2... (500 rows so far)
[ad-insights] Fetching page 19... (9000 rows so far)
[ad-insights] Fetching page 19... (9000 rows so far)
[ad-insights] Fetching page 23... (11000 rows so far)
[ad-insights] Fetching page 23... (11000 rows so far)
[ad-insights] Fetching page 20... (9500 rows so far)
[ad-insights] Done. 23 pages, 11040 total rows.
[ad-insights] Saved to disk: 11040 rows
[roas-tracker] Fetched 8272 Meta rows, 3408 funnel rows.
[roas-tracker] 1724 test campaign rows → 145 ads with go-live >= 2026-03-10 (730 daily rows).
[ads-status] Serving from memory cache (500 ads)
[roas-tracker] 61 creatives since 2026-03-10 (28 with funnel data).
[roas-tracker] 149 ads since 2026-03-10.
[roas-tracker] Upserted: 0 new, 149 updated. 0 need predictions.
[roas-tracker] Done. {"snapshots":61,"tracked":149,"newAds":0,"updated":149,"predicted":0}
[ad-insights] Done. 23 pages, 11040 total rows.
[ad-insights] Saved to disk: 11040 rows
[roas-tracker] Fetched 8272 Meta rows, 3408 funnel rows.
[roas-tracker] 1724 test campaign rows → 145 ads with go-live >= 2026-03-10 (730 daily rows).
[ads-status] Serving from memory cache (500 ads)
[roas-tracker] 61 creatives since 2026-03-10 (28 with funnel data).
[roas-tracker] 149 ads since 2026-03-10.
[roas-tracker] Upserted: 0 new, 149 updated. 0 need predictions.
[roas-tracker] Done. {"snapshots":61,"tracked":149,"newAds":0,"updated":149,"predicted":0}
[ad-insights] Fetching page 22... (10500 rows so far)
[FE:ProposalGenerator] getProposals: returned 53 rows
[FE:ProposalGenerator] getProposals: returned 63 rows
[ad-insights] Fetching page 20... (9500 rows so far)
[ad-insights] Fetching page 20... (9500 rows so far)
[ad-insights] Fetching page 3... (1000 rows so far)
[ad-insights] Fetching page 20... (9500 rows so far)
[ad-insights] Fetching page 20... (9500 rows so far)
[ad-insights] Fetching page 21... (10000 rows so far)
[ad-insights] Fetching page 21... (10000 rows so far)
[ad-insights] Fetching page 23... (11000 rows so far)
[ad-insights] Fetching page 4... (1500 rows so far)
[ad-insights] Fetching page 21... (10000 rows so far)
[ad-funnel] Done. 3639 rows returned. Truncated: false
[ad-insights] Done. 23 pages, 11040 total rows.
[ad-insights] Saved to disk: 11040 rows
[roas-tracker] Fetched 8272 Meta rows, 3408 funnel rows.
[roas-tracker] 1724 test campaign rows → 145 ads with go-live >= 2026-03-10 (730 daily rows).
[ads-status] Serving from memory cache (500 ads)
[roas-tracker] 61 creatives since 2026-03-10 (28 with funnel data).
[roas-tracker] 149 ads since 2026-03-10.
[roas-tracker] Upserted: 0 new, 149 updated. 0 need predictions.
[roas-tracker] Done. {"snapshots":61,"tracked":149,"newAds":0,"updated":149,"predicted":0}
[ad-insights] Fetching page 21... (10000 rows so far)
[ad-insights] Fetching page 21... (10000 rows so far)
[ad-insights] Fetching page 22... (10500 rows so far)
[ad-insights] Fetching page 5... (2000 rows so far)
[ad-insights] Fetching page 22... (10500 rows so far)
[ad-insights] Done. 22 pages, 10500 total rows. WARNING: pagination broke — data may be truncated!
[ad-insights] Disk cache has 11040 rows vs truncated 10500 — using disk cache.
[roas-tracker] Fetched 8272 Meta rows, 3408 funnel rows.
[roas-tracker] 1724 test campaign rows → 145 ads with go-live >= 2026-03-10 (730 daily rows).
[ads-status] Serving from memory cache (500 ads)
[roas-tracker] 61 creatives since 2026-03-10 (28 with funnel data).
[roas-tracker] 149 ads since 2026-03-10.
[roas-tracker] Upserted: 0 new, 149 updated. 0 need predictions.
[roas-tracker] Done. {"snapshots":61,"tracked":149,"newAds":0,"updated":149,"predicted":0}
[ad-insights] Fetching page 22... (10500 rows so far)
[ad-insights] Fetching page 22... (10500 rows so far)
[FE:ProposalGenerator] getProposals: returned 53 rows
[FE:ProposalGenerator] getProposals: returned 63 rows
[ad-insights] Fetching page 22... (10500 rows so far)
[ad-insights] Fetching page 6... (2500 rows so far)
[ad-insights] Fetching page 23... (11000 rows so far)
[ad-insights] Fetching page 23... (11000 rows so far)
[ad-insights] Fetching page 23... (11000 rows so far)
[ad-insights] Done. 23 pages, 11040 total rows.
[ad-insights] Saved to disk: 11040 rows
[roas-tracker] Fetched 8272 Meta rows, 3408 funnel rows.
[roas-tracker] 1724 test campaign rows → 145 ads with go-live >= 2026-03-10 (730 daily rows).
[ads-status] Serving from memory cache (500 ads)
[roas-tracker] 61 creatives since 2026-03-10 (28 with funnel data).
[roas-tracker] 149 ads since 2026-03-10.
[roas-tracker] Upserted: 0 new, 149 updated. 0 need predictions.
[roas-tracker] Done. {"snapshots":61,"tracked":149,"newAds":0,"updated":149,"predicted":0}
[ad-insights] Fetching page 23... (11000 rows so far)
[ad-insights] Done. 23 pages, 11040 total rows.
[ad-insights] Saved to disk: 11040 rows
[roas-tracker] Fetched 8272 Meta rows, 3408 funnel rows.
[roas-tracker] 1724 test campaign rows → 145 ads with go-live >= 2026-03-10 (730 daily rows).
[ads-status] Serving from memory cache (500 ads)
[roas-tracker] 61 creatives since 2026-03-10 (28 with funnel data).
[roas-tracker] 149 ads since 2026-03-10.
[roas-tracker] Upserted: 0 new, 149 updated. 0 need predictions.
[roas-tracker] Done. {"snapshots":61,"tracked":149,"newAds":0,"updated":149,"predicted":0}
[ad-insights] Done. 23 pages, 11040 total rows.
[ad-insights] Saved to disk: 11040 rows
[roas-tracker] Fetched 8272 Meta rows, 3408 funnel rows.
[roas-tracker] 1724 test campaign rows → 145 ads with go-live >= 2026-03-10 (730 daily rows).
[ads-status] Serving from memory cache (500 ads)
[roas-tracker] 61 creatives since 2026-03-10 (28 with funnel data).
[roas-tracker] 149 ads since 2026-03-10.
[roas-tracker] Upserted: 0 new, 149 updated. 0 need predictions.
[roas-tracker] Done. {"snapshots":61,"tracked":149,"newAds":0,"updated":149,"predicted":0}
[ad-insights] Done. 23 pages, 11040 total rows.
[ad-insights] Saved to disk: 11040 rows
[roas-tracker] Fetched 8272 Meta rows, 3408 funnel rows.
[roas-tracker] 1724 test campaign rows → 145 ads with go-live >= 2026-03-10 (730 daily rows).
[ads-status] Serving from memory cache (500 ads)
[roas-tracker] 61 creatives since 2026-03-10 (28 with funnel data).
[roas-tracker] 149 ads since 2026-03-10.
[roas-tracker] Upserted: 0 new, 149 updated. 0 need predictions.
[roas-tracker] Done. {"snapshots":61,"tracked":149,"newAds":0,"updated":149,"predicted":0}
[ad-insights] Fetching page 7... (3000 rows so far)
[ad-insights] Fetching page 8... (3500 rows so far)
[FE:ProposalGenerator] getProposals: returned 53 rows
[FE:ProposalGenerator] getProposals: returned 63 rows
[ad-insights] Fetching page 9... (4000 rows so far)
[ad-insights] Fetching page 10... (4500 rows so far)
[ad-insights] Fetching page 11... (5000 rows so far)
[FE:ProposalGenerator] getProposals: returned 53 rows
[FE:ProposalGenerator] getProposals: returned 63 rows
[ad-insights] Fetching page 12... (5500 rows so far)
[FE:ProposalGenerator] getProposals: returned 53 rows
[FE:ProposalGenerator] getProposals: returned 63 rows
[ad-insights] Fetching page 13... (6000 rows so far)
[ad-insights] Serving from memory (4742 rows)
[ad-funnel] Serving from memory (1549 rows)
[gc-ad-funnel] Serving from memory (615 rows)
[ads-status] Serving from memory cache (500 ads)
[ad-insights] Serving from memory (4742 rows)
[ad-funnel] Serving from memory (1549 rows)
[ad-insights] Serving from memory (4742 rows)
[ad-funnel] Serving from memory (1549 rows)
[roas-tracker] Starting snapshot. Only test campaign ads with go-live >= 2026-03-10
[FE:ProposalGenerator] getProposals: returned 53 rows
[ad-insights] Fetching page 1...
[ad-funnel] Running Metabase query...
[FE:ProposalGenerator] getProposals: returned 63 rows
[roas-tracker] Starting snapshot. Only test campaign ads with go-live >= 2026-03-10
[roas-tracker] Starting snapshot. Only test campaign ads with go-live >= 2026-03-10
[ads-status] Serving from memory cache (500 ads)
[ad-insights] Fetching page 1...
[ad-funnel] Running Metabase query...
[ad-insights] Fetching page 1...
[ad-funnel] Running Metabase query...
[ads-status] Serving from memory cache (500 ads)
[FE:ProposalGenerator] getProposals: returned 53 rows
[FE:ProposalGenerator] getProposals: returned 63 rows
[ad-insights] Fetching page 14... (6500 rows so far)
[ad-insights] Serving from memory (440 rows)
[ad-funnel] Serving from memory (133 rows)
[ad-insights] Serving from memory (440 rows)
[ad-funnel] Serving from memory (133 rows)
[ad-insights] Serving from memory (440 rows)
[ad-funnel] Serving from memory (133 rows)
[ad-insights] Fetching page 2... (500 rows so far)
[ad-insights] Fetching page 2... (500 rows so far)
[ad-insights] Fetching page 2... (500 rows so far)
[ad-insights] Fetching page 15... (7000 rows so far)
[gc-ad-funnel] Serving from memory (615 rows)
[ai/analyze] Running AI analysis (prompt length: 860 chars)...
[ad-insights] Fetching page 3... (1000 rows so far)
[ad-insights] Serving from memory (4742 rows)
[ad-funnel] Serving from memory (1549 rows)
[gc-ad-funnel] Serving from memory (615 rows)
[ads-status] Serving from memory cache (500 ads)
[ad-insights] Serving from memory (4742 rows)
[ad-funnel] Serving from memory (1549 rows)
[ad-insights] Serving from memory (4742 rows)
[ad-funnel] Serving from memory (1549 rows)
[roas-tracker] Starting snapshot. Only test campaign ads with go-live >= 2026-03-10
[FE:ProposalGenerator] getProposals: returned 53 rows
[ad-funnel] Running Metabase query...
[ad-insights] Fetching page 1...
[FE:ProposalGenerator] getProposals: returned 63 rows
[roas-tracker] Starting snapshot. Only test campaign ads with go-live >= 2026-03-10
[ad-insights] Fetching page 1...
[ad-funnel] Running Metabase query...
[roas-tracker] Starting snapshot. Only test campaign ads with go-live >= 2026-03-10
[ads-status] Serving from memory cache (500 ads)
[ad-insights] Fetching page 1...
[ad-funnel] Running Metabase query...
[ads-status] Serving from memory cache (500 ads)
[ad-insights] Serving from memory (440 rows)
[ad-funnel] Serving from memory (133 rows)
[ai/analyze] Done. Response length: 1477 chars
[FE:ProposalGenerator] getProposals: returned 53 rows
[FE:ProposalGenerator] getProposals: returned 63 rows
[ad-insights] Serving from memory (440 rows)
[ad-funnel] Serving from memory (133 rows)
[ad-insights] Fetching page 3... (1000 rows so far)
[ad-insights] Serving from memory (440 rows)
[ad-funnel] Serving from memory (133 rows)
[gc-ad-funnel] Serving from memory (615 rows)
[ad-insights] Fetching page 16... (7500 rows so far)
[ad-insights] Fetching page 3... (1000 rows so far)
[ai/analyze] Running AI analysis (prompt length: 860 chars)...
[ad-insights] Fetching page 4... (1500 rows so far)
[ad-insights] Fetching page 2... (500 rows so far)
[ad-insights] Fetching page 2... (500 rows so far)
[ad-insights] Serving from memory (4742 rows)
[ad-funnel] Serving from memory (1549 rows)
[ad-insights] Serving from memory (4742 rows)
[ad-funnel] Serving from memory (1549 rows)
[ads-status] Serving from memory cache (500 ads)
[gc-ad-funnel] Serving from memory (615 rows)
[ad-insights] Serving from memory (4742 rows)
[ad-funnel] Serving from memory (1549 rows)
[roas-tracker] Starting snapshot. Only test campaign ads with go-live >= 2026-03-10
[FE:ProposalGenerator] getProposals: returned 53 rows
[ad-insights] Fetching page 1...
[ad-funnel] Running Metabase query...
[FE:ProposalGenerator] getProposals: returned 63 rows
[roas-tracker] Starting snapshot. Only test campaign ads with go-live >= 2026-03-10
[roas-tracker] Starting snapshot. Only test campaign ads with go-live >= 2026-03-10
[ads-status] Serving from memory cache (500 ads)
[ad-funnel] Running Metabase query...
[ad-insights] Fetching page 1...
[ad-insights] Fetching page 1...
[ad-funnel] Running Metabase query...
[ads-status] Serving from memory cache (500 ads)
[ad-insights] Fetching page 2... (500 rows so far)
[FE:ProposalGenerator] getProposals: returned 53 rows
[FE:ProposalGenerator] getProposals: returned 63 rows
[ad-insights] Fetching page 4... (1500 rows so far)
[ad-insights] Serving from memory (440 rows)
[ad-funnel] Serving from memory (133 rows)
[ai/analyze] Done. Response length: 1607 chars
[ad-insights] Serving from memory (440 rows)
[ad-funnel] Serving from memory (133 rows)
[ad-insights] Serving from memory (440 rows)
[ad-funnel] Serving from memory (133 rows)
[ad-insights] Fetching page 17... (8000 rows so far)
[ad-funnel] Done. 3409 rows returned. Truncated: false
[ad-funnel] Done. 3409 rows returned. Truncated: false
[ad-insights] Fetching page 4... (1500 rows so far)
[gc-ad-funnel] Serving from memory (615 rows)
[ad-funnel] Done. 3409 rows returned. Truncated: false
[ai/analyze] Running AI analysis (prompt length: 860 chars)...
[ad-insights] Fetching page 3... (1000 rows so far)
[ad-insights] Fetching page 5... (2000 rows so far)
[ad-insights] Fetching page 3... (1000 rows so far)
[ad-insights] Fetching page 2... (500 rows so far)
[ad-insights] Fetching page 2... (500 rows so far)
[ad-insights] Fetching page 2... (500 rows so far)
[ad-insights] Fetching page 18... (8500 rows so far)
[ad-insights] Fetching page 5... (2000 rows so far)
[ad-insights] Fetching page 5... (2000 rows so far)
[ad-insights] Fetching page 3... (1000 rows so far)
[ai/analyze] Done. Response length: 1671 chars
[ad-funnel] Done. 3409 rows returned. Truncated: false
[ad-insights] Fetching page 4... (1500 rows so far)
[ad-insights] Fetching page 4... (1500 rows so far)
[ad-insights] Fetching page 3... (1000 rows so far)
[ad-insights] Fetching page 6... (2500 rows so far)
[ad-insights] Fetching page 3... (1000 rows so far)
[ad-insights] Fetching page 6... (2500 rows so far)
[ad-insights] Fetching page 3... (1000 rows so far)
[ad-insights] Fetching page 4... (1500 rows so far)
[ad-insights] Fetching page 19... (9000 rows so far)
[ad-insights] Fetching page 6... (2500 rows so far)
[ad-funnel] Done. 3409 rows returned. Truncated: false
[ad-funnel] Done. 3409 rows returned. Truncated: false
[ad-insights] Fetching page 4... (1500 rows so far)
[ad-funnel] Done. 3409 rows returned. Truncated: false
[ad-insights] Fetching page 5... (2000 rows so far)
[FE:ProposalGenerator] getProposals: returned 53 rows
[FE:ProposalGenerator] getProposals: returned 63 rows
[ad-insights] Fetching page 5... (2000 rows so far)
[ad-funnel] Done. 3409 rows returned. Truncated: false
[ad-insights] Fetching page 4... (1500 rows so far)
[ad-insights] Fetching page 7... (3000 rows so far)
[ad-insights] Fetching page 7... (3000 rows so far)
[ad-insights] Fetching page 4... (1500 rows so far)
[ad-funnel] Done. 3409 rows returned. Truncated: false
[ad-insights] Fetching page 5... (2000 rows so far)
[ad-insights] Fetching page 7... (3000 rows so far)
[ad-insights] Fetching page 20... (9500 rows so far)
[ad-insights] Fetching page 6... (2500 rows so far)
[ad-insights] Fetching page 6... (2500 rows so far)
[ad-insights] Fetching page 5... (2000 rows so far)
[ad-insights] Fetching page 8... (3500 rows so far)
[ad-insights] Fetching page 5... (2000 rows so far)
[ad-insights] Fetching page 8... (3500 rows so far)
[ad-insights] Fetching page 5... (2000 rows so far)
[ad-insights] Fetching page 6... (2500 rows so far)
[ad-insights] Fetching page 21... (10000 rows so far)
[ad-insights] Fetching page 8... (3500 rows so far)
[ad-insights] Fetching page 7... (3000 rows so far)
[ad-insights] Fetching page 7... (3000 rows so far)
[ad-insights] Fetching page 6... (2500 rows so far)
[ad-insights] Fetching page 9... (4000 rows so far)
[ad-insights] Fetching page 6... (2500 rows so far)
[ad-insights] Fetching page 6... (2500 rows so far)
[ad-insights] Fetching page 9... (4000 rows so far)
[ad-insights] Fetching page 7... (3000 rows so far)
[ad-insights] Fetching page 8... (3500 rows so far)
[ad-insights] Fetching page 9... (4000 rows so far)
[ad-insights] Fetching page 8... (3500 rows so far)
[FE:ProposalGenerator] getProposals: returned 53 rows
[FE:ProposalGenerator] getProposals: returned 63 rows
[ad-insights] Fetching page 22... (10500 rows so far)
[ad-insights] Fetching page 10... (4500 rows so far)
[ad-insights] Fetching page 7... (3000 rows so far)
[ad-insights] Fetching page 7... (3000 rows so far)
[ad-insights] Fetching page 7... (3000 rows so far)
[ad-insights] Fetching page 10... (4500 rows so far)
[ad-insights] Fetching page 8... (3500 rows so far)
[ad-insights] Fetching page 10... (4500 rows so far)
[ad-insights] Fetching page 9... (4000 rows so far)
[ad-insights] Fetching page 11... (5000 rows so far)
[ad-insights] Fetching page 9... (4000 rows so far)
[ad-insights] Fetching page 8... (3500 rows so far)
[ad-insights] Fetching page 8... (3500 rows so far)
[ad-insights] Fetching page 8... (3500 rows so far)
[ad-insights] Fetching page 11... (5000 rows so far)
[ad-insights] Fetching page 23... (11000 rows so far)
[ad-insights] Fetching page 9... (4000 rows so far)
[ad-insights] Fetching page 11... (5000 rows so far)
[ad-insights] Fetching page 10... (4500 rows so far)
[ad-insights] Fetching page 12... (5500 rows so far)
[ad-insights] Fetching page 10... (4500 rows so far)
[ad-insights] Fetching page 9... (4000 rows so far)
[ad-insights] Fetching page 12... (5500 rows so far)
[ad-insights] Fetching page 9... (4000 rows so far)
[ad-insights] Fetching page 9... (4000 rows so far)
[ad-insights] Fetching page 12... (5500 rows so far)
[ad-insights] Fetching page 10... (4500 rows so far)
[ad-insights] Fetching page 13... (6000 rows so far)
[ad-insights] Fetching page 11... (5000 rows so far)
[ad-insights] Fetching page 24... (11500 rows so far)
[ad-insights] Fetching page 11... (5000 rows so far)
[ad-insights] Fetching page 10... (4500 rows so far)
[ad-insights] Fetching page 13... (6000 rows so far)
[FE:ProposalGenerator] getProposals: returned 53 rows
[FE:ProposalGenerator] getProposals: returned 63 rows
[ad-insights] Fetching page 10... (4500 rows so far)
[ad-insights] Fetching page 10... (4500 rows so far)
[ad-insights] Fetching page 13... (6000 rows so far)
[ad-insights] Fetching page 11... (5000 rows so far)
[ad-insights] Done. 24 pages, 11852 total rows.
[ad-insights] Saved to disk: 11852 rows
[FE:DataQuality] Audit complete. status=OK findings=14
[FE:Scheduler] Completed job: data-quality-check (278620ms, 14 records)
[ad-insights] Fetching page 12... (5500 rows so far)
[ad-insights] Fetching page 14... (6500 rows so far)
[ad-insights] Fetching page 11... (5000 rows so far)
[ad-insights] Fetching page 14... (6500 rows so far)
[ad-insights] Fetching page 12... (5500 rows so far)
[ad-insights] Fetching page 11... (5000 rows so far)
[ad-insights] Fetching page 11... (5000 rows so far)
[ad-insights] Fetching page 14... (6500 rows so far)
[ad-insights] Fetching page 13... (6000 rows so far)
[ad-insights] Fetching page 12... (5500 rows so far)
[ad-insights] Fetching page 15... (7000 rows so far)
[ad-insights] Fetching page 13... (6000 rows so far)
[ad-insights] Fetching page 12... (5500 rows so far)
[ad-insights] Fetching page 15... (7000 rows so far)
[ad-insights] Fetching page 12... (5500 rows so far)
[ad-insights] Fetching page 12... (5500 rows so far)
[ad-insights] Fetching page 15... (7000 rows so far)
[ad-insights] Fetching page 14... (6500 rows so far)
[ad-insights] Fetching page 13... (6000 rows so far)
[ad-insights] Fetching page 13... (6000 rows so far)
[ad-insights] Fetching page 13... (6000 rows so far)
[ad-insights] Fetching page 16... (7500 rows so far)
[ad-insights] Fetching page 16... (7500 rows so far)
[ad-insights] Fetching page 13... (6000 rows so far)
[ad-insights] Fetching page 14... (6500 rows so far)
[FE:ProposalGenerator] getProposals: returned 53 rows
[FE:ProposalGenerator] getProposals: returned 63 rows
[ad-insights] Fetching page 16... (7500 rows so far)
[ad-insights] Fetching page 15... (7000 rows so far)
[ad-insights] Fetching page 14... (6500 rows so far)
[ad-insights] Fetching page 14... (6500 rows so far)
[ad-insights] Fetching page 17... (8000 rows so far)
[ad-insights] Fetching page 14... (6500 rows so far)
[ad-insights] Fetching page 15... (7000 rows so far)
[ad-insights] Fetching page 14... (6500 rows so far)
[ad-insights] Fetching page 17... (8000 rows so far)
[ad-insights] Fetching page 17... (8000 rows so far)
[ad-insights] Fetching page 16... (7500 rows so far)
[ad-insights] Fetching page 15... (7000 rows so far)
[ad-insights] Fetching page 15... (7000 rows so far)
[ad-insights] Fetching page 18... (8500 rows so far)
[ad-insights] Fetching page 15... (7000 rows so far)
[ad-insights] Fetching page 15... (7000 rows so far)
[ad-insights] Fetching page 16... (7500 rows so far)
[ad-insights] Fetching page 18... (8500 rows so far)
[ad-insights] Fetching page 18... (8500 rows so far)
[ad-insights] Fetching page 17... (8000 rows so far)
[ad-insights] Fetching page 16... (7500 rows so far)
[ad-insights] Fetching page 16... (7500 rows so far)
[ad-insights] Fetching page 17... (8000 rows so far)
[ad-insights] Fetching page 19... (9000 rows so far)
[ad-insights] Fetching page 16... (7500 rows so far)
[ad-insights] Fetching page 19... (9000 rows so far)
[ad-insights] Fetching page 16... (7500 rows so far)
[FE:ProposalGenerator] getProposals: returned 53 rows
[FE:ProposalGenerator] getProposals: returned 63 rows
[ad-insights] Fetching page 19... (9000 rows so far)
[ad-insights] Fetching page 18... (8500 rows so far)
[ad-insights] Fetching page 17... (8000 rows so far)
[ad-insights] Fetching page 17... (8000 rows so far)
[ad-insights] Fetching page 17... (8000 rows so far)
[ad-insights] Fetching page 18... (8500 rows so far)
[ad-insights] Fetching page 20... (9500 rows so far)
[ad-insights] Fetching page 17... (8000 rows so far)
[ad-insights] Fetching page 20... (9500 rows so far)
[ad-insights] Fetching page 20... (9500 rows so far)
[ad-insights] Fetching page 19... (9000 rows so far)
[ad-insights] Fetching page 18... (8500 rows so far)
[ad-insights] Fetching page 18... (8500 rows so far)
[ad-insights] Fetching page 19... (9000 rows so far)
[ad-insights] Fetching page 18... (8500 rows so far)
[ad-insights] Fetching page 18... (8500 rows so far)
[ad-insights] Fetching page 21... (10000 rows so far)
[ad-insights] Fetching page 21... (10000 rows so far)
[ad-insights] Fetching page 21... (10000 rows so far)
[ad-insights] Fetching page 20... (9500 rows so far)
[FE:ProposalGenerator] getProposals: returned 53 rows
[FE:ProposalGenerator] getProposals: returned 63 rows
[ad-insights] Fetching page 19... (9000 rows so far)
[ad-insights] Fetching page 20... (9500 rows so far)
[ad-insights] Fetching page 19... (9000 rows so far)
[ad-insights] Fetching page 19... (9000 rows so far)
[ad-insights] Fetching page 19... (9000 rows so far)
[ad-insights] Fetching page 22... (10500 rows so far)
[ad-insights] Fetching page 22... (10500 rows so far)
[ad-insights] Fetching page 22... (10500 rows so far)
[ad-insights] Fetching page 21... (10000 rows so far)
[ad-insights] Fetching page 21... (10000 rows so far)
[ad-insights] Fetching page 20... (9500 rows so far)
[ad-insights] Fetching page 20... (9500 rows so far)
[ad-insights] Fetching page 23... (11000 rows so far)
[ad-insights] Fetching page 20... (9500 rows so far)
[ad-insights] Fetching page 20... (9500 rows so far)
[ad-insights] Fetching page 23... (11000 rows so far)
[ad-insights] Done. 23 pages, 11040 total rows.
[ad-insights] Saved to disk: 11040 rows
[roas-tracker] Fetched 8272 Meta rows, 3409 funnel rows.
[roas-tracker] 1724 test campaign rows → 145 ads with go-live >= 2026-03-10 (730 daily rows).
[ads-status] Serving from memory cache (500 ads)
[roas-tracker] 61 creatives since 2026-03-10 (28 with funnel data).
[roas-tracker] 149 ads since 2026-03-10.
[roas-tracker] Upserted: 0 new, 149 updated. 0 need predictions.
[roas-tracker] Done. {"snapshots":61,"tracked":149,"newAds":0,"updated":149,"predicted":0}
[ad-insights] Fetching page 23... (11000 rows so far)
[ad-insights] Done. 23 pages, 11040 total rows.
[ad-insights] Saved to disk: 11040 rows
[roas-tracker] Fetched 8272 Meta rows, 3409 funnel rows.
[roas-tracker] 1724 test campaign rows → 145 ads with go-live >= 2026-03-10 (730 daily rows).
[ads-status] Serving from memory cache (500 ads)
[roas-tracker] 61 creatives since 2026-03-10 (28 with funnel data).
[roas-tracker] 149 ads since 2026-03-10.
[roas-tracker] Upserted: 0 new, 149 updated. 0 need predictions.
[roas-tracker] Done. {"snapshots":61,"tracked":149,"newAds":0,"updated":149,"predicted":0}
[ad-insights] Fetching page 22... (10500 rows so far)
[ad-insights] Done. 23 pages, 11040 total rows.
[ad-insights] Saved to disk: 11040 rows
[roas-tracker] Fetched 8272 Meta rows, 3409 funnel rows.
[roas-tracker] 1724 test campaign rows → 145 ads with go-live >= 2026-03-10 (730 daily rows).
[ads-status] Serving from memory cache (500 ads)
[roas-tracker] 61 creatives since 2026-03-10 (28 with funnel data).
[roas-tracker] 149 ads since 2026-03-10.
[roas-tracker] Upserted: 0 new, 149 updated. 0 need predictions.
[roas-tracker] Done. {"snapshots":61,"tracked":149,"newAds":0,"updated":149,"predicted":0}
[ad-insights] Fetching page 22... (10500 rows so far)
[ad-insights] Fetching page 21... (10000 rows so far)
[ad-insights] Fetching page 21... (10000 rows so far)
[ad-insights] Fetching page 21... (10000 rows so far)
[ad-insights] Fetching page 21... (10000 rows so far)
[FE:ProposalGenerator] getProposals: returned 53 rows
[FE:ProposalGenerator] getProposals: returned 63 rows
[ad-insights] Fetching page 23... (11000 rows so far)
[ad-insights] Fetching page 23... (11000 rows so far)
[ad-insights] Done. 23 pages, 11040 total rows.
[ad-insights] Saved to disk: 11040 rows
[roas-tracker] Fetched 8272 Meta rows, 3409 funnel rows.
[roas-tracker] 1724 test campaign rows → 145 ads with go-live >= 2026-03-10 (730 daily rows).
[ads-status] Serving from memory cache (500 ads)
[roas-tracker] 61 creatives since 2026-03-10 (28 with funnel data).
[roas-tracker] 149 ads since 2026-03-10.
[roas-tracker] Upserted: 0 new, 149 updated. 0 need predictions.
[roas-tracker] Done. {"snapshots":61,"tracked":149,"newAds":0,"updated":149,"predicted":0}
[ad-insights] Fetching page 22... (10500 rows so far)
[ad-insights] Done. 23 pages, 11040 total rows.
[ad-insights] Saved to disk: 11040 rows
[roas-tracker] Fetched 8272 Meta rows, 3409 funnel rows.
[roas-tracker] 1724 test campaign rows → 145 ads with go-live >= 2026-03-10 (730 daily rows).
[ads-status] Serving from memory cache (500 ads)
[roas-tracker] 61 creatives since 2026-03-10 (28 with funnel data).
[roas-tracker] 149 ads since 2026-03-10.
[roas-tracker] Upserted: 0 new, 149 updated. 0 need predictions.
[roas-tracker] Done. {"snapshots":61,"tracked":149,"newAds":0,"updated":149,"predicted":0}
[ad-insights] Fetching page 22... (10500 rows so far)
[ad-insights] Fetching page 22... (10500 rows so far)
[ad-insights] Fetching page 22... (10500 rows so far)
[ad-insights] Fetching page 23... (11000 rows so far)
[ad-insights] Done. 23 pages, 11040 total rows.
[ad-insights] Saved to disk: 11040 rows
[roas-tracker] Fetched 8272 Meta rows, 3409 funnel rows.
[roas-tracker] 1724 test campaign rows → 145 ads with go-live >= 2026-03-10 (730 daily rows).
[ads-status] Serving from memory cache (500 ads)
[roas-tracker] 61 creatives since 2026-03-10 (28 with funnel data).
[roas-tracker] 149 ads since 2026-03-10.
[roas-tracker] Upserted: 0 new, 149 updated. 0 need predictions.
[roas-tracker] Done. {"snapshots":61,"tracked":149,"newAds":0,"updated":149,"predicted":0}
[ad-insights] Fetching page 23... (11000 rows so far)
[ad-insights] Fetching page 23... (11000 rows so far)
[ad-insights] Fetching page 23... (11000 rows so far)
[ad-insights] Done. 23 pages, 11040 total rows.
[ad-insights] Saved to disk: 11040 rows
[roas-tracker] Fetched 8272 Meta rows, 3409 funnel rows.
[roas-tracker] 1724 test campaign rows → 145 ads with go-live >= 2026-03-10 (730 daily rows).
[ads-status] Serving from memory cache (500 ads)
[roas-tracker] 61 creatives since 2026-03-10 (28 with funnel data).
[roas-tracker] 149 ads since 2026-03-10.
[roas-tracker] Upserted: 0 new, 149 updated. 0 need predictions.
[roas-tracker] Done. {"snapshots":61,"tracked":149,"newAds":0,"updated":149,"predicted":0}
[ad-insights] Done. 23 pages, 11040 total rows.
[ad-insights] Saved to disk: 11040 rows
[roas-tracker] Fetched 8272 Meta rows, 3409 funnel rows.
[roas-tracker] 1724 test campaign rows → 145 ads with go-live >= 2026-03-10 (730 daily rows).
[ad-insights] Done. 23 pages, 11040 total rows.
[ad-insights] Saved to disk: 11040 rows
[ads-status] Serving from memory cache (500 ads)
[roas-tracker] Fetched 8272 Meta rows, 3409 funnel rows.
[roas-tracker] 1724 test campaign rows → 145 ads with go-live >= 2026-03-10 (730 daily rows).
[roas-tracker] 61 creatives since 2026-03-10 (28 with funnel data).
[roas-tracker] 149 ads since 2026-03-10.
[roas-tracker] Upserted: 0 new, 149 updated. 0 need predictions.
[roas-tracker] Done. {"snapshots":61,"tracked":149,"newAds":0,"updated":149,"predicted":0}
[ads-status] Serving from memory cache (500 ads)
[roas-tracker] 61 creatives since 2026-03-10 (28 with funnel data).
[roas-tracker] 149 ads since 2026-03-10.
[roas-tracker] Upserted: 0 new, 149 updated. 0 need predictions.
[roas-tracker] Done. {"snapshots":61,"tracked":149,"newAds":0,"updated":149,"predicted":0}
[FE:ProposalGenerator] getProposals: returned 53 rows
[FE:ProposalGenerator] getProposals: returned 63 rows
[FE:ProposalGenerator] getProposals: returned 53 rows
[FE:ProposalGenerator] getProposals: returned 63 rows
[FE:ProposalGenerator] getProposals: returned 53 rows
[FE:ProposalGenerator] getProposals: returned 63 rows
[FE:ProposalGenerator] getProposals: returned 53 rows
[FE:ProposalGenerator] getProposals: returned 63 rows
[FE:ProposalGenerator] getProposals: returned 53 rows
[FE:ProposalGenerator] getProposals: returned 63 rows
[FE:ProposalGenerator] getProposals: returned 53 rows
[FE:ProposalGenerator] getProposals: returned 63 rows
[FE:ProposalGenerator] getProposals: returned 53 rows
[FE:ProposalGenerator] getProposals: returned 63 rows
[FE:ProposalGenerator] getProposals: returned 53 rows
[FE:ProposalGenerator] getProposals: returned 63 rows
[ad-insights] Serving from memory (4742 rows)
[ad-funnel] Serving from memory (1549 rows)
[ad-insights] Serving from memory (4742 rows)
[ad-funnel] Serving from memory (1549 rows)
[ad-insights] Serving from memory (4742 rows)
[ads-status] Serving from memory cache (500 ads)
[ad-funnel] Serving from memory (1549 rows)
[gc-ad-funnel] Serving from memory (615 rows)
[ads-status] Serving from memory cache (500 ads)
[ads-status] Serving from memory cache (500 ads)
[ad-insights] Serving from memory (440 rows)
[ad-funnel] Serving from memory (133 rows)
[ad-insights] Serving from memory (440 rows)
[ad-funnel] Serving from memory (133 rows)
[ad-insights] Serving from memory (440 rows)
[ad-funnel] Serving from memory (133 rows)
[gc-ad-funnel] Serving from memory (615 rows)
[FE:ProposalGenerator] getProposals: returned 53 rows
[FE:ProposalGenerator] getProposals: returned 63 rows
[FE:ProposalGenerator] getProposals: returned 53 rows
[FE:ProposalGenerator] getProposals: returned 63 rows
[GC Scheduler] Starting 6-hour cycle...
[gc/dataFetcher] === Step 1/4: Fetching Metabase adset data ===
[gc/dataFetcher] Fetching Metabase adset performance for last 90 days...
[GC Scheduler] Starting 12-hour recommendations refresh...
[gcRecommendations] Generating RSA briefs...
[TrendScanner] Scheduled scan starting...
[TrendScanner] Starting full scrape...
[TrendScanner] Scheduled concept regeneration...
[CompetitorScheduler] 2026-04-07T06:30:00.136Z — Pipeline started
[CompetitorScheduler] 2026-04-07T06:30:00.136Z — fetch — started
[competitor-meta-fetcher] 2026-04-07T06:30:00.136Z Fetching ads for competitor: Samco
[CompetitorScheduler] 2026-04-07T06:30:00.137Z — briefs — started
[FE:Scheduler] Starting job: knowledge-crawl-tier1
[FE:KnowledgeCrawler] Pending TAXONOMY_EXPANSION proposal already exists
[FE:KnowledgeCrawler] Total crawled: 0 new items
[FE:Scheduler] Completed job: knowledge-crawl-tier1 (1ms, 1 records)
[AT Scheduler] Starting optimizer-health...
[AT Optimizer] === Starting health check ===
[AT Optimizer] Fetching live ACTIVE Meta adsets...
[AT Scheduler] Starting enrich-meta...
[AT Metabase Enricher] Starting Meta enrichment...
[AT Scheduler] Starting enrich-google...
[AT Metabase Enricher] Starting Google enrichment...
[competitor-meta-fetcher] 2026-04-07T06:30:00.836Z FETCH ERROR: {"error":{"message":"Application does not have permission for this action","type":"OAuthException","code":10,"error_subcode":2332002,"is_transient":false,"error_user_title":"Authorisation and login needed","error_user_msg":"To access the API, you'll need to follow the steps at facebook.com/ads/library/api.","fbtrace_id":"AYSN2za8TpYeobC_iFznU8B"}}
[competitor-meta-fetcher] 2026-04-07T06:30:00.836Z Failed to fetch ads for Samco: {"error":{"message":"Application does not have permission for this action","type":"OAuthException","code":10,"error_subcode":2332002,"is_transient":false,"error_user_title":"Authorisation and login needed","error_user_msg":"To access the API, you'll need to follow the steps at facebook.com/ads/library/api.","fbtrace_id":"AYSN2za8TpYeobC_iFznU8B"}}
[AT Optimizer] Error fetching live Meta adsets: Meta API 400: {"error":{"message":"API calls from the server require an appsecret_proof argument","type":"GraphMethodException","code":100,"fbtrace_id":"ALySjfX5MS8tuXhhRjACiXJ"}}
[AT Optimizer] Fetching live ENABLED Google adgroups from local DB (last 7 days)...
[AT Optimizer] Found 17 enabled Google adgroups
[AT Optimizer] Health check complete: 1 flags generated
[AT Scheduler] optimizer-health completed
[competitor-meta-fetcher] 2026-04-07T06:30:01.337Z Fetching ads for competitor: StockGro
[competitor-meta-fetcher] 2026-04-07T06:30:01.683Z FETCH ERROR: {"error":{"message":"Application does not have permission for this action","type":"OAuthException","code":10,"error_subcode":2332002,"is_transient":false,"error_user_title":"Authorisation and login needed","error_user_msg":"To access the API, you'll need to follow the steps at facebook.com/ads/library/api.","fbtrace_id":"AZJ0OXf8kLUuIE5MhE4WRdP"}}
[competitor-meta-fetcher] 2026-04-07T06:30:01.683Z Failed to fetch ads for StockGro: {"error":{"message":"Application does not have permission for this action","type":"OAuthException","code":10,"error_subcode":2332002,"is_transient":false,"error_user_title":"Authorisation and login needed","error_user_msg":"To access the API, you'll need to follow the steps at facebook.com/ads/library/api.","fbtrace_id":"AZJ0OXf8kLUuIE5MhE4WRdP"}}
[competitor-meta-fetcher] 2026-04-07T06:30:02.184Z Fetching ads for competitor: Sensibull
[competitor-meta-fetcher] 2026-04-07T06:30:02.514Z FETCH ERROR: {"error":{"message":"Application does not have permission for this action","type":"OAuthException","code":10,"error_subcode":2332002,"is_transient":false,"error_user_title":"Authorisation and login needed","error_user_msg":"To access the API, you'll need to follow the steps at facebook.com/ads/library/api.","fbtrace_id":"AfjkffTjxtFAafW-hlfqcGO"}}
[competitor-meta-fetcher] 2026-04-07T06:30:02.514Z Failed to fetch ads for Sensibull: {"error":{"message":"Application does not have permission for this action","type":"OAuthException","code":10,"error_subcode":2332002,"is_transient":false,"error_user_title":"Authorisation and login needed","error_user_msg":"To access the API, you'll need to follow the steps at facebook.com/ads/library/api.","fbtrace_id":"AfjkffTjxtFAafW-hlfqcGO"}}
[competitor-meta-fetcher] 2026-04-07T06:30:03.023Z Fetching ads for competitor: Definedge
[competitor-meta-fetcher] 2026-04-07T06:30:03.329Z FETCH ERROR: {"error":{"message":"Application does not have permission for this action","type":"OAuthException","code":10,"error_subcode":2332002,"is_transient":false,"error_user_title":"Authorisation and login needed","error_user_msg":"To access the API, you'll need to follow the steps at facebook.com/ads/library/api.","fbtrace_id":"ArXZDYfRKtC3Q7eClCP7PJq"}}
[competitor-meta-fetcher] 2026-04-07T06:30:03.329Z Failed to fetch ads for Definedge: {"error":{"message":"Application does not have permission for this action","type":"OAuthException","code":10,"error_subcode":2332002,"is_transient":false,"error_user_title":"Authorisation and login needed","error_user_msg":"To access the API, you'll need to follow the steps at facebook.com/ads/library/api.","fbtrace_id":"ArXZDYfRKtC3Q7eClCP7PJq"}}
[competitor-meta-fetcher] 2026-04-07T06:30:03.830Z Fetching ads for competitor: Weekend Investing
[competitor-meta-fetcher] 2026-04-07T06:30:04.156Z FETCH ERROR: {"error":{"message":"Application does not have permission for this action","type":"OAuthException","code":10,"error_subcode":2332002,"is_transient":false,"error_user_title":"Authorisation and login needed","error_user_msg":"To access the API, you'll need to follow the steps at facebook.com/ads/library/api.","fbtrace_id":"AP98wnUZFkcq1JgNgtrXtRa"}}
[competitor-meta-fetcher] 2026-04-07T06:30:04.156Z Failed to fetch ads for Weekend Investing: {"error":{"message":"Application does not have permission for this action","type":"OAuthException","code":10,"error_subcode":2332002,"is_transient":false,"error_user_title":"Authorisation and login needed","error_user_msg":"To access the API, you'll need to follow the steps at facebook.com/ads/library/api.","fbtrace_id":"AP98wnUZFkcq1JgNgtrXtRa"}}
[competitor-meta-fetcher] 2026-04-07T06:30:04.658Z Fetching ads for competitor: Capitalmind
[competitor-meta-fetcher] 2026-04-07T06:30:04.944Z FETCH ERROR: {"error":{"message":"Application does not have permission for this action","type":"OAuthException","code":10,"error_subcode":2332002,"is_transient":false,"error_user_title":"Authorisation and login needed","error_user_msg":"To access the API, you'll need to follow the steps at facebook.com/ads/library/api.","fbtrace_id":"AoXqb-iZdbDYcWtCFE8Pl4l"}}
[competitor-meta-fetcher] 2026-04-07T06:30:04.944Z Failed to fetch ads for Capitalmind: {"error":{"message":"Application does not have permission for this action","type":"OAuthException","code":10,"error_subcode":2332002,"is_transient":false,"error_user_title":"Authorisation and login needed","error_user_msg":"To access the API, you'll need to follow the steps at facebook.com/ads/library/api.","fbtrace_id":"AoXqb-iZdbDYcWtCFE8Pl4l"}}
[competitor-meta-fetcher] 2026-04-07T06:30:05.444Z Fetching ads for competitor: Dhan
[competitor-meta-fetcher] 2026-04-07T06:30:05.824Z FETCH ERROR: {"error":{"message":"Application does not have permission for this action","type":"OAuthException","code":10,"error_subcode":2332002,"is_transient":false,"error_user_title":"Authorisation and login needed","error_user_msg":"To access the API, you'll need to follow the steps at facebook.com/ads/library/api.","fbtrace_id":"AlTcdS6HPOj7UZh_-InHN5T"}}
[competitor-meta-fetcher] 2026-04-07T06:30:05.824Z Failed to fetch ads for Dhan: {"error":{"message":"Application does not have permission for this action","type":"OAuthException","code":10,"error_subcode":2332002,"is_transient":false,"error_user_title":"Authorisation and login needed","error_user_msg":"To access the API, you'll need to follow the steps at facebook.com/ads/library/api.","fbtrace_id":"AlTcdS6HPOj7UZh_-InHN5T"}}
[competitor-meta-fetcher] 2026-04-07T06:30:06.336Z Fetching ads for competitor: Zerodha
[competitor-meta-fetcher] 2026-04-07T06:30:06.658Z FETCH ERROR: {"error":{"message":"Application does not have permission for this action","type":"OAuthException","code":10,"error_subcode":2332002,"is_transient":false,"error_user_title":"Authorisation and login needed","error_user_msg":"To access the API, you'll need to follow the steps at facebook.com/ads/library/api.","fbtrace_id":"AGZ3GGNiw8RXVNTATqEe_Fj"}}
[competitor-meta-fetcher] 2026-04-07T06:30:06.659Z Failed to fetch ads for Zerodha: {"error":{"message":"Application does not have permission for this action","type":"OAuthException","code":10,"error_subcode":2332002,"is_transient":false,"error_user_title":"Authorisation and login needed","error_user_msg":"To access the API, you'll need to follow the steps at facebook.com/ads/library/api.","fbtrace_id":"AGZ3GGNiw8RXVNTATqEe_Fj"}}
[competitor-meta-fetcher] 2026-04-07T06:30:07.162Z Fetching ads for competitor: Groww
[CompetitorScheduler] 2026-04-07T06:30:07.470Z — briefs — done in 7333ms, records: 0
[competitor-meta-fetcher] 2026-04-07T06:30:07.473Z FETCH ERROR: {"error":{"message":"Application does not have permission for this action","type":"OAuthException","code":10,"error_subcode":2332002,"is_transient":false,"error_user_title":"Authorisation and login needed","error_user_msg":"To access the API, you'll need to follow the steps at facebook.com/ads/library/api.","fbtrace_id":"APMhM-lvNNnN7dwKF_Mkv3I"}}
[competitor-meta-fetcher] 2026-04-07T06:30:07.473Z Failed to fetch ads for Groww: {"error":{"message":"Application does not have permission for this action","type":"OAuthException","code":10,"error_subcode":2332002,"is_transient":false,"error_user_title":"Authorisation and login needed","error_user_msg":"To access the API, you'll need to follow the steps at facebook.com/ads/library/api.","fbtrace_id":"APMhM-lvNNnN7dwKF_Mkv3I"}}
[competitor-meta-fetcher] 2026-04-07T06:30:07.986Z Fetching ads for competitor: Angel One
[competitor-meta-fetcher] 2026-04-07T06:30:08.314Z FETCH ERROR: {"error":{"message":"Application does not have permission for this action","type":"OAuthException","code":10,"error_subcode":2332002,"is_transient":false,"error_user_title":"Authorisation and login needed","error_user_msg":"To access the API, you'll need to follow the steps at facebook.com/ads/library/api.","fbtrace_id":"AMbq6tC082z9VCBRqPqVFbC"}}
[competitor-meta-fetcher] 2026-04-07T06:30:08.314Z Failed to fetch ads for Angel One: {"error":{"message":"Application does not have permission for this action","type":"OAuthException","code":10,"error_subcode":2332002,"is_transient":false,"error_user_title":"Authorisation and login needed","error_user_msg":"To access the API, you'll need to follow the steps at facebook.com/ads/library/api.","fbtrace_id":"AMbq6tC082z9VCBRqPqVFbC"}}
[competitor-meta-fetcher] 2026-04-07T06:30:08.829Z Fetching ads for competitor: Upstox
[competitor-meta-fetcher] 2026-04-07T06:30:09.159Z FETCH ERROR: {"error":{"message":"Application does not have permission for this action","type":"OAuthException","code":10,"error_subcode":2332002,"is_transient":false,"error_user_title":"Authorisation and login needed","error_user_msg":"To access the API, you'll need to follow the steps at facebook.com/ads/library/api.","fbtrace_id":"AxLKWe-olBSkTO1ovmAKy_I"}}
[competitor-meta-fetcher] 2026-04-07T06:30:09.160Z Failed to fetch ads for Upstox: {"error":{"message":"Application does not have permission for this action","type":"OAuthException","code":10,"error_subcode":2332002,"is_transient":false,"error_user_title":"Authorisation and login needed","error_user_msg":"To access the API, you'll need to follow the steps at facebook.com/ads/library/api.","fbtrace_id":"AxLKWe-olBSkTO1ovmAKy_I"}}
[competitor-meta-fetcher] 2026-04-07T06:30:09.673Z Fetching ads for competitor: 5paisa
[competitor-meta-fetcher] 2026-04-07T06:30:10.011Z FETCH ERROR: {"error":{"message":"Application does not have permission for this action","type":"OAuthException","code":10,"error_subcode":2332002,"is_transient":false,"error_user_title":"Authorisation and login needed","error_user_msg":"To access the API, you'll need to follow the steps at facebook.com/ads/library/api.","fbtrace_id":"AD8tttw76lvzc3sZOqBg7VA"}}
[competitor-meta-fetcher] 2026-04-07T06:30:10.011Z Failed to fetch ads for 5paisa: {"error":{"message":"Application does not have permission for this action","type":"OAuthException","code":10,"error_subcode":2332002,"is_transient":false,"error_user_title":"Authorisation and login needed","error_user_msg":"To access the API, you'll need to follow the steps at facebook.com/ads/library/api.","fbtrace_id":"AD8tttw76lvzc3sZOqBg7VA"}}
[competitor-meta-fetcher] 2026-04-07T06:30:10.512Z Fetching ads for competitor: Paytm Money
[competitor-meta-fetcher] 2026-04-07T06:30:10.831Z FETCH ERROR: {"error":{"message":"Application does not have permission for this action","type":"OAuthException","code":10,"error_subcode":2332002,"is_transient":false,"error_user_title":"Authorisation and login needed","error_user_msg":"To access the API, you'll need to follow the steps at facebook.com/ads/library/api.","fbtrace_id":"A0rvodfPDnIF411J8NVl72i"}}
[competitor-meta-fetcher] 2026-04-07T06:30:10.832Z Failed to fetch ads for Paytm Money: {"error":{"message":"Application does not have permission for this action","type":"OAuthException","code":10,"error_subcode":2332002,"is_transient":false,"error_user_title":"Authorisation and login needed","error_user_msg":"To access the API, you'll need to follow the steps at facebook.com/ads/library/api.","fbtrace_id":"A0rvodfPDnIF411J8NVl72i"}}
[competitor-meta-fetcher] 2026-04-07T06:30:11.337Z API returned no ads — seeding cache with demo data for pipeline to work
[competitor-meta-fetcher] 2026-04-07T06:30:11.340Z fetchAllCompetitorAds complete: 92 total ads from 13 competitors, 13 errors (DEMO DATA)
[competitor-meta-fetcher] 2026-04-07T06:30:11.340Z Univest cache still valid, skipping fetch
[CompetitorScheduler] 2026-04-07T06:30:11.342Z — fetch — done in 11206ms, records: 92
[CompetitorScheduler] 2026-04-07T06:30:11.342Z — classify — started
[CompetitorScheduler] 2026-04-07T06:30:11.342Z — classify — done in 0ms, records: 92
[CompetitorScheduler] 2026-04-07T06:30:11.342Z — trends — started
[competitor-trends] Computed trends: 92 ads, 13 competitors, 6 themes
[CompetitorScheduler] 2026-04-07T06:30:11.346Z — trends — done in 4ms, records: 0
[CompetitorScheduler] 2026-04-07T06:30:11.346Z — radar — started
[CompetitorScheduler] 2026-04-07T06:30:12.026Z — radar — done in 680ms, records: 0
[CompetitorScheduler] 2026-04-07T06:30:12.026Z — Pipeline finished in 11890ms
[gcRecommendations] Stored 3 RSA briefs
[gcRecommendations] Generating VIDEO briefs...
[FE:ProposalGenerator] getProposals: returned 53 rows
[FE:ProposalGenerator] getProposals: returned 63 rows
[TrendScanner] Synthesizing...
[gcRecommendations] Stored 2 VIDEO briefs
[gcRecommendations] Generating PMAX briefs...
[gcRecommendations] Stored 2 PMAX briefs
[GC Scheduler] Recommendations refresh complete.
[FE:ProposalGenerator] getProposals: returned 53 rows
[FE:ProposalGenerator] getProposals: returned 63 rows
[TrendScanner] Generating concepts...
[FE:ProposalGenerator] getProposals: returned 53 rows
[FE:ProposalGenerator] getProposals: returned 63 rows
[roas-tracker] Starting snapshot. Only test campaign ads with go-live >= 2026-03-10
[roas-tracker] Starting snapshot. Only test campaign ads with go-live >= 2026-03-10
[roas-tracker] Starting snapshot. Only test campaign ads with go-live >= 2026-03-10
[ad-insights] Fetching page 1...
[ad-funnel] Running Metabase query...
[ad-insights] Fetching page 1...
[ad-funnel] Running Metabase query...
[ad-insights] Fetching page 1...
[ad-funnel] Running Metabase query...
[ad-insights] Fetching page 2... (500 rows so far)
[ad-insights] Fetching page 2... (500 rows so far)
[ad-insights] Fetching page 2... (500 rows so far)
[FE:ProposalGenerator] getProposals: returned 53 rows
[FE:ProposalGenerator] getProposals: returned 63 rows
[ad-insights] Fetching page 3... (1000 rows so far)
[ad-insights] Fetching page 3... (1000 rows so far)
[ad-insights] Fetching page 3... (1000 rows so far)
[ad-insights] Fetching page 4... (1500 rows so far)
[ad-insights] Fetching page 4... (1500 rows so far)
[ad-insights] Fetching page 4... (1500 rows so far)
[ad-insights] Fetching page 5... (2000 rows so far)
[ad-insights] Fetching page 5... (2000 rows so far)
[ad-insights] Fetching page 5... (2000 rows so far)
[ad-insights] Fetching page 6... (2500 rows so far)
[ad-insights] Fetching page 6... (2500 rows so far)
[ad-insights] Fetching page 6... (2500 rows so far)
[ad-insights] Fetching page 7... (3000 rows so far)
[ad-insights] Fetching page 7... (3000 rows so far)
[ad-insights] Fetching page 7... (3000 rows so far)
[ad-funnel] Done. 3409 rows returned. Truncated: false
[ad-funnel] Done. 3409 rows returned. Truncated: false
[ad-funnel] Done. 3409 rows returned. Truncated: false
[ad-insights] Fetching page 8... (3500 rows so far)
[ad-insights] Fetching page 8... (3500 rows so far)
[FE:ProposalGenerator] getProposals: returned 53 rows
[FE:ProposalGenerator] getProposals: returned 63 rows
[ad-insights] Fetching page 9... (4000 rows so far)
[ad-insights] Fetching page 8... (3500 rows so far)
[ad-insights] Fetching page 9... (4000 rows so far)
[ad-insights] Fetching page 10... (4500 rows so far)
[ad-insights] Fetching page 9... (4000 rows so far)
[ad-insights] Fetching page 10... (4500 rows so far)
[ad-insights] Fetching page 11... (5000 rows so far)
[ad-insights] Fetching page 11... (5000 rows so far)
[ad-insights] Fetching page 10... (4500 rows so far)
[ad-insights] Fetching page 12... (5500 rows so far)
[ad-insights] Fetching page 12... (5500 rows so far)
[ad-insights] Fetching page 13... (6000 rows so far)
[ad-insights] Fetching page 11... (5000 rows so far)
[ad-insights] Fetching page 13... (6000 rows so far)
[ad-insights] Fetching page 12... (5500 rows so far)
[ad-insights] Fetching page 14... (6500 rows so far)
[ad-insights] Fetching page 14... (6500 rows so far)
[ad-insights] Fetching page 13... (6000 rows so far)
[FE:ProposalGenerator] getProposals: returned 53 rows
[FE:ProposalGenerator] getProposals: returned 63 rows
[ad-insights] Fetching page 15... (7000 rows so far)
[ad-insights] Fetching page 15... (7000 rows so far)
[ad-insights] Fetching page 14... (6500 rows so far)
[ad-insights] Fetching page 16... (7500 rows so far)
[ad-insights] Fetching page 16... (7500 rows so far)
[ad-insights] Fetching page 15... (7000 rows so far)
[ad-insights] Fetching page 17... (8000 rows so far)
[ad-insights] Fetching page 17... (8000 rows so far)
[ad-insights] Fetching page 16... (7500 rows so far)
[ad-insights] Fetching page 18... (8500 rows so far)
[ad-insights] Fetching page 18... (8500 rows so far)
[ad-insights] Fetching page 17... (8000 rows so far)
[ad-insights] Fetching page 19... (9000 rows so far)
[ad-insights] Fetching page 19... (9000 rows so far)
[ad-insights] Fetching page 18... (8500 rows so far)
[ad-insights] Fetching page 20... (9500 rows so far)
[ad-insights] Fetching page 20... (9500 rows so far)
[FE:ProposalGenerator] getProposals: returned 53 rows
[FE:ProposalGenerator] getProposals: returned 63 rows
[ad-insights] Fetching page 19... (9000 rows so far)
[ad-insights] Fetching page 21... (10000 rows so far)
[ad-insights] Fetching page 21... (10000 rows so far)
[ad-insights] Fetching page 20... (9500 rows so far)
[roas-tracker] Starting snapshot. Only test campaign ads with go-live >= 2026-03-10
[ad-insights] Serving from memory (11040 rows)
[ad-funnel] Serving from memory (3409 rows)
[roas-tracker] Fetched 8272 Meta rows, 3409 funnel rows.
[roas-tracker] 1724 test campaign rows → 145 ads with go-live >= 2026-03-10 (730 daily rows).
[ads-status] Serving from memory cache (500 ads)
[roas-tracker] 61 creatives since 2026-03-10 (28 with funnel data).
[roas-tracker] 149 ads since 2026-03-10.
[roas-tracker] Upserted: 0 new, 149 updated. 0 need predictions.
[roas-tracker] Done. {"snapshots":61,"tracked":149,"newAds":0,"updated":149,"predicted":0}
[ad-insights] Fetching page 22... (10500 rows so far)
[ad-insights] Fetching page 22... (10500 rows so far)
[ad-insights] Fetching page 21... (10000 rows so far)
[ad-insights] Fetching page 23... (11000 rows so far)
[ad-insights] Fetching page 23... (11000 rows so far)
[ad-insights] Done. 23 pages, 11043 total rows.
[ad-insights] Saved to disk: 11043 rows
[roas-tracker] Fetched 8275 Meta rows, 3409 funnel rows.
[roas-tracker] 1724 test campaign rows → 145 ads with go-live >= 2026-03-10 (730 daily rows).
[ads-status] Serving from memory cache (500 ads)
[roas-tracker] 61 creatives since 2026-03-10 (28 with funnel data).
[roas-tracker] 149 ads since 2026-03-10.
[roas-tracker] Upserted: 0 new, 149 updated. 0 need predictions.
[roas-tracker] Done. {"snapshots":61,"tracked":149,"newAds":0,"updated":149,"predicted":0}
[ad-insights] Fetching page 22... (10500 rows so far)
[ad-insights] Done. 23 pages, 11043 total rows.
[ad-insights] Saved to disk: 11043 rows
[roas-tracker] Fetched 8275 Meta rows, 3409 funnel rows.
[roas-tracker] 1724 test campaign rows → 145 ads with go-live >= 2026-03-10 (730 daily rows).
[ads-status] Serving from memory cache (500 ads)
[roas-tracker] 61 creatives since 2026-03-10 (28 with funnel data).
[roas-tracker] 149 ads since 2026-03-10.
[roas-tracker] Upserted: 0 new, 149 updated. 0 need predictions.
[roas-tracker] Done. {"snapshots":61,"tracked":149,"newAds":0,"updated":149,"predicted":0}
[ad-insights] Fetching page 23... (11000 rows so far)
[ad-insights] Done. 23 pages, 11043 total rows.
[ad-insights] Saved to disk: 11043 rows
[roas-tracker] Fetched 8275 Meta rows, 3409 funnel rows.
[roas-tracker] 1724 test campaign rows → 145 ads with go-live >= 2026-03-10 (730 daily rows).
[ads-status] Serving from memory cache (500 ads)
[roas-tracker] 61 creatives since 2026-03-10 (28 with funnel data).
[roas-tracker] 149 ads since 2026-03-10.
[roas-tracker] Upserted: 0 new, 149 updated. 0 need predictions.
[roas-tracker] Done. {"snapshots":61,"tracked":149,"newAds":0,"updated":149,"predicted":0}
[FE:ProposalGenerator] getProposals: returned 53 rows
[FE:ProposalGenerator] getProposals: returned 63 rows
[ad-insights] Serving from memory (4742 rows)
[ad-funnel] Serving from memory (1549 rows)
[ad-insights] Serving from memory (4742 rows)
[ad-funnel] Serving from memory (1549 rows)
[ad-insights] Serving from memory (4742 rows)
[ad-funnel] Serving from memory (1549 rows)
[ads-status] Serving from memory cache (500 ads)
[gc-ad-funnel] Serving from memory (615 rows)
[ads-status] Serving from memory cache (500 ads)
[ads-status] Serving from memory cache (500 ads)
[ad-insights] Serving from memory (440 rows)
[ad-funnel] Serving from memory (133 rows)
[ad-insights] Serving from memory (440 rows)
[ad-funnel] Serving from memory (133 rows)
[ad-insights] Serving from memory (440 rows)
[ad-funnel] Serving from memory (133 rows)
[gc-ad-funnel] Serving from memory (615 rows)
[FE:ProposalGenerator] getProposals: returned 53 rows
[FE:ProposalGenerator] getProposals: returned 63 rows
[FE:ProposalGenerator] getProposals: returned 53 rows
[FE:ProposalGenerator] getProposals: returned 63 rows
[FE:ProposalGenerator] getProposals: returned 53 rows
[FE:ProposalGenerator] getProposals: returned 63 rows
[FE:ProposalGenerator] getProposals: returned 53 rows
[FE:ProposalGenerator] getProposals: returned 63 rows
[FE:ProposalGenerator] getProposals: returned 53 rows
[FE:ProposalGenerator] getProposals: returned 63 rows
[FE:ProposalGenerator] getProposals: returned 53 rows
[FE:ProposalGenerator] getProposals: returned 63 rows
[FE:ProposalGenerator] getProposals: returned 53 rows
[FE:ProposalGenerator] getProposals: returned 63 rows
[FE:ProposalGenerator] getProposals: returned 53 rows
[FE:ProposalGenerator] getProposals: returned 63 rows
[FE:ProposalGenerator] getProposals: returned 53 rows
[FE:ProposalGenerator] getProposals: returned 63 rows
[FE:ProposalGenerator] getProposals: returned 53 rows
[FE:ProposalGenerator] getProposals: returned 63 rows
[FE:ProposalGenerator] getProposals: returned 53 rows
[FE:ProposalGenerator] getProposals: returned 63 rows
