
> performance-marketing-auto@1.0.0 start
> npm --prefix uploader start


> meta-ad-uploader@1.0.0 start
> node server.js

[dotenv@17.3.1] injecting env (17) from .env -- tip: 🛡️ auth for agents: https://vestauth.com
[Alert Cron] Scheduled daily at 9:00 AM IST
[Scanner] Inventory scanner routes mounted
[ci/engine] Scheduler started. Interval: 24h. Next run: 2026-04-03T09:29:46.429Z
[CampaignSync] Ghost columns and sync_log table ensured
[CampaignSync] Scheduler starting (every 24h)
[CampaignSync] Ghost columns and sync_log table ensured
[roas-tracker] Scheduler starting (every 1h)
[Integrity] Scheduler armed — runs on start + every 6 hours
[CI2] Creative Intelligence v2 routes mounted at /api/ci2
[GC Scheduler] Initializing...
[GC Scheduler] Cron jobs registered (6h fetch/classify/score, 12h recommendations, daily 6AM forecast+signals)
[GC] Google Creative Intelligence routes mounted at /api/gc
[MetaWrite] Meta write routes mounted at /api/meta-write
[TrendScanner] Scheduler started — scans every 2h, concepts every 6h
[TrendScanner] Trend scanner routes mounted at /api/trends
[CompetitorScheduler] 2026-04-02T09:29:55.262Z — Starting scheduler
[CompetitorScheduler] 2026-04-02T09:29:55.265Z — Cron jobs registered — pipeline every 6h, briefs every 12h
[CompetitorIntel] All modules initialized, scheduler started
[CompetitorIntel] Competitor intelligence routes mounted at /api/competitor
[FeedbackEngine] Database initialized at C:\Users\Dell\Desktop\creative-portal\feedback-engine\feedback-engine.db
[FE:Scheduler] Initializing scheduler with 11 jobs...
[FE:Scheduler]   Registered: watcher-refresh (0 * * * *) — feWatcher incremental refresh
[FE:Scheduler]   Registered: anomaly-check (0 */3 * * *) — feAnomalyDetector runAllChecks
[FE:Scheduler]   Registered: data-quality-check (15 * * * *) — feDataQualityMonitor runAudit
[FE:Scheduler]   Registered: proposal-generate (0 */6 * * *) — feProposalGenerator generateProposals
[FE:Scheduler]   Registered: knowledge-crawl-tier1 (30 */6 * * *) — feKnowledgeCrawler crawlAll (Tier 1)
[FE:Scheduler]   Registered: knowledge-crawl-all (0 */12 * * *) — feKnowledgeCrawler crawlAll (all tiers)
[FE:Scheduler]   Registered: hypothesis-generate (0 0 * * *) — feSelfTester generateHypotheses
[FE:Scheduler]   Registered: memory-consolidate (30 20 * * *) — feMemory nightly consolidation
[FE:Scheduler]   Registered: accuracy-audit (0 3 * * 0) — feAccuracyAuditor runAudit
[FE:Scheduler]   Registered: proposal-expiry (0 4 1 * *) — Expire old pending proposals (>30 days)
[FE:Scheduler]   Registered: verify-applied-changes (0 5 * * 0) — feApprovalEngine verifyAppliedChanges
[FE:Scheduler] Scheduler started. Initial checks will run in 30 seconds.
[FeedbackEngine] Self-learning routes mounted at /api/fe
[AudienceTesting] Routes mounted at /api/at, scheduler started
Meta Ad Upload Server running on http://localhost:3000
Ad Account: act_725019929189148
API Version: v21.0

============================================================
[Integrity] Running 5 data integrity tests...
============================================================
  [PASS] Campaign ID extraction (429ms) — All 10 rows have non-empty campaign ID extraction
[Cache] Pre-warming insights cache (2026-03-03 to 2026-04-02)...
[ad-insights] Serving from disk (12883 rows, 69min old)
[ad-funnel] Serving from disk (3867 rows, 75min old)
[Cache] Insights pre-warmed: 12883 rows
[Cache] Funnel pre-warmed: 3867 rows
  [PASS] Campaign ID <-> Meta API match rate (6896ms) — Campaign match rate 100.0% (3/3)
  [PASS] ROAS sanity check (6ms) — 89 ads checked — ROAS values within expected ranges (avg D6: 30.6%)
  [PASS] Revenue window alignment (2ms) — 43 ads checked — all revenue windows correctly ordered (D6 <= D15 <= D30 <= D60 <= Overall)
[CompetitorScheduler] 2026-04-02T09:30:05.270Z — Running initial pipeline + briefs
[CompetitorScheduler] 2026-04-02T09:30:05.272Z — Pipeline started
[CompetitorScheduler] 2026-04-02T09:30:05.273Z — fetch — started
[competitor-meta-fetcher] 2026-04-02T09:30:05.275Z Fetching ads for competitor: Samco
[competitor-meta-fetcher] 2026-04-02T09:30:05.805Z FETCH ERROR: {"error":{"message":"Application does not have permission for this action","type":"OAuthException","code":10,"error_subcode":2332002,"is_transient":false,"error_user_title":"Authorisation and login needed","error_user_msg":"To access the API, you'll need to follow the steps at facebook.com/ads/library/api.","fbtrace_id":"AvF6salgBRVUmW8umKvc759"}}
[competitor-meta-fetcher] 2026-04-02T09:30:05.814Z Failed to fetch ads for Samco: {"error":{"message":"Application does not have permission for this action","type":"OAuthException","code":10,"error_subcode":2332002,"is_transient":false,"error_user_title":"Authorisation and login needed","error_user_msg":"To access the API, you'll need to follow the steps at facebook.com/ads/library/api.","fbtrace_id":"AvF6salgBRVUmW8umKvc759"}}
[competitor-meta-fetcher] 2026-04-02T09:30:06.321Z Fetching ads for competitor: StockGro
[competitor-meta-fetcher] 2026-04-02T09:30:06.692Z FETCH ERROR: {"error":{"message":"Application does not have permission for this action","type":"OAuthException","code":10,"error_subcode":2332002,"is_transient":false,"error_user_title":"Authorisation and login needed","error_user_msg":"To access the API, you'll need to follow the steps at facebook.com/ads/library/api.","fbtrace_id":"AyadL4S5aWC0ngwW_TzBLRd"}}
[competitor-meta-fetcher] 2026-04-02T09:30:06.693Z Failed to fetch ads for StockGro: {"error":{"message":"Application does not have permission for this action","type":"OAuthException","code":10,"error_subcode":2332002,"is_transient":false,"error_user_title":"Authorisation and login needed","error_user_msg":"To access the API, you'll need to follow the steps at facebook.com/ads/library/api.","fbtrace_id":"AyadL4S5aWC0ngwW_TzBLRd"}}
[competitor-meta-fetcher] 2026-04-02T09:30:07.202Z Fetching ads for competitor: Sensibull
[competitor-meta-fetcher] 2026-04-02T09:30:07.718Z FETCH ERROR: {"error":{"message":"Application does not have permission for this action","type":"OAuthException","code":10,"error_subcode":2332002,"is_transient":false,"error_user_title":"Authorisation and login needed","error_user_msg":"To access the API, you'll need to follow the steps at facebook.com/ads/library/api.","fbtrace_id":"AfDTPOsiHyFWeQGjUUK3j89"}}
[competitor-meta-fetcher] 2026-04-02T09:30:07.731Z Failed to fetch ads for Sensibull: {"error":{"message":"Application does not have permission for this action","type":"OAuthException","code":10,"error_subcode":2332002,"is_transient":false,"error_user_title":"Authorisation and login needed","error_user_msg":"To access the API, you'll need to follow the steps at facebook.com/ads/library/api.","fbtrace_id":"AfDTPOsiHyFWeQGjUUK3j89"}}
[competitor-meta-fetcher] 2026-04-02T09:30:08.237Z Fetching ads for competitor: Definedge
[competitor-meta-fetcher] 2026-04-02T09:30:08.618Z FETCH ERROR: {"error":{"message":"Application does not have permission for this action","type":"OAuthException","code":10,"error_subcode":2332002,"is_transient":false,"error_user_title":"Authorisation and login needed","error_user_msg":"To access the API, you'll need to follow the steps at facebook.com/ads/library/api.","fbtrace_id":"AxxrsyyK9TQlWYy5uUmeMn5"}}
[competitor-meta-fetcher] 2026-04-02T09:30:08.627Z Failed to fetch ads for Definedge: {"error":{"message":"Application does not have permission for this action","type":"OAuthException","code":10,"error_subcode":2332002,"is_transient":false,"error_user_title":"Authorisation and login needed","error_user_msg":"To access the API, you'll need to follow the steps at facebook.com/ads/library/api.","fbtrace_id":"AxxrsyyK9TQlWYy5uUmeMn5"}}
[competitor-meta-fetcher] 2026-04-02T09:30:09.134Z Fetching ads for competitor: Weekend Investing
[competitor-meta-fetcher] 2026-04-02T09:30:09.456Z FETCH ERROR: {"error":{"message":"Application does not have permission for this action","type":"OAuthException","code":10,"error_subcode":2332002,"is_transient":false,"error_user_title":"Authorisation and login needed","error_user_msg":"To access the API, you'll need to follow the steps at facebook.com/ads/library/api.","fbtrace_id":"A7IeiTB3Zgf_GU3YZ5_lK3L"}}
[competitor-meta-fetcher] 2026-04-02T09:30:09.457Z Failed to fetch ads for Weekend Investing: {"error":{"message":"Application does not have permission for this action","type":"OAuthException","code":10,"error_subcode":2332002,"is_transient":false,"error_user_title":"Authorisation and login needed","error_user_msg":"To access the API, you'll need to follow the steps at facebook.com/ads/library/api.","fbtrace_id":"A7IeiTB3Zgf_GU3YZ5_lK3L"}}
[competitor-meta-fetcher] 2026-04-02T09:30:09.962Z Fetching ads for competitor: Capitalmind
[competitor-meta-fetcher] 2026-04-02T09:30:10.379Z FETCH ERROR: {"error":{"message":"Application does not have permission for this action","type":"OAuthException","code":10,"error_subcode":2332002,"is_transient":false,"error_user_title":"Authorisation and login needed","error_user_msg":"To access the API, you'll need to follow the steps at facebook.com/ads/library/api.","fbtrace_id":"AsmZCxCzBYW-SFbrPquCL9l"}}
[competitor-meta-fetcher] 2026-04-02T09:30:10.388Z Failed to fetch ads for Capitalmind: {"error":{"message":"Application does not have permission for this action","type":"OAuthException","code":10,"error_subcode":2332002,"is_transient":false,"error_user_title":"Authorisation and login needed","error_user_msg":"To access the API, you'll need to follow the steps at facebook.com/ads/library/api.","fbtrace_id":"AsmZCxCzBYW-SFbrPquCL9l"}}
[competitor-meta-fetcher] 2026-04-02T09:30:10.896Z Fetching ads for competitor: Dhan
[competitor-meta-fetcher] 2026-04-02T09:30:11.311Z FETCH ERROR: {"error":{"message":"Application does not have permission for this action","type":"OAuthException","code":10,"error_subcode":2332002,"is_transient":false,"error_user_title":"Authorisation and login needed","error_user_msg":"To access the API, you'll need to follow the steps at facebook.com/ads/library/api.","fbtrace_id":"AC78TpzstlWoHh9noFd7QGU"}}
[competitor-meta-fetcher] 2026-04-02T09:30:11.321Z Failed to fetch ads for Dhan: {"error":{"message":"Application does not have permission for this action","type":"OAuthException","code":10,"error_subcode":2332002,"is_transient":false,"error_user_title":"Authorisation and login needed","error_user_msg":"To access the API, you'll need to follow the steps at facebook.com/ads/library/api.","fbtrace_id":"AC78TpzstlWoHh9noFd7QGU"}}
[competitor-meta-fetcher] 2026-04-02T09:30:11.836Z Fetching ads for competitor: Zerodha
[competitor-meta-fetcher] 2026-04-02T09:30:12.165Z FETCH ERROR: {"error":{"message":"Application does not have permission for this action","type":"OAuthException","code":10,"error_subcode":2332002,"is_transient":false,"error_user_title":"Authorisation and login needed","error_user_msg":"To access the API, you'll need to follow the steps at facebook.com/ads/library/api.","fbtrace_id":"AFwDJtKedvKLwn-iAZoCXhh"}}
[competitor-meta-fetcher] 2026-04-02T09:30:12.167Z Failed to fetch ads for Zerodha: {"error":{"message":"Application does not have permission for this action","type":"OAuthException","code":10,"error_subcode":2332002,"is_transient":false,"error_user_title":"Authorisation and login needed","error_user_msg":"To access the API, you'll need to follow the steps at facebook.com/ads/library/api.","fbtrace_id":"AFwDJtKedvKLwn-iAZoCXhh"}}
[competitor-meta-fetcher] 2026-04-02T09:30:12.671Z Fetching ads for competitor: Groww
  [PASS] Adset name normalization (8249ms) — Adset name match rate 100.0% (20/20)
============================================================
[Integrity] Done in 15606ms — OK (5 pass, 0 fail, 0 warn, 0 skip)
============================================================

[competitor-meta-fetcher] 2026-04-02T09:30:13.063Z FETCH ERROR: {"error":{"message":"Application does not have permission for this action","type":"OAuthException","code":10,"error_subcode":2332002,"is_transient":false,"error_user_title":"Authorisation and login needed","error_user_msg":"To access the API, you'll need to follow the steps at facebook.com/ads/library/api.","fbtrace_id":"AhG_CD5yRtvVrAFsc1QRMVL"}}
[competitor-meta-fetcher] 2026-04-02T09:30:13.072Z Failed to fetch ads for Groww: {"error":{"message":"Application does not have permission for this action","type":"OAuthException","code":10,"error_subcode":2332002,"is_transient":false,"error_user_title":"Authorisation and login needed","error_user_msg":"To access the API, you'll need to follow the steps at facebook.com/ads/library/api.","fbtrace_id":"AhG_CD5yRtvVrAFsc1QRMVL"}}
[competitor-meta-fetcher] 2026-04-02T09:30:13.586Z Fetching ads for competitor: Angel One
[competitor-meta-fetcher] 2026-04-02T09:30:14.075Z FETCH ERROR: {"error":{"message":"Application does not have permission for this action","type":"OAuthException","code":10,"error_subcode":2332002,"is_transient":false,"error_user_title":"Authorisation and login needed","error_user_msg":"To access the API, you'll need to follow the steps at facebook.com/ads/library/api.","fbtrace_id":"AnfgBjnxXLFH3YO9TH4Nnc7"}}
[competitor-meta-fetcher] 2026-04-02T09:30:14.076Z Failed to fetch ads for Angel One: {"error":{"message":"Application does not have permission for this action","type":"OAuthException","code":10,"error_subcode":2332002,"is_transient":false,"error_user_title":"Authorisation and login needed","error_user_msg":"To access the API, you'll need to follow the steps at facebook.com/ads/library/api.","fbtrace_id":"AnfgBjnxXLFH3YO9TH4Nnc7"}}
[competitor-meta-fetcher] 2026-04-02T09:30:14.587Z Fetching ads for competitor: Upstox
[competitor-meta-fetcher] 2026-04-02T09:30:14.928Z FETCH ERROR: {"error":{"message":"Application does not have permission for this action","type":"OAuthException","code":10,"error_subcode":2332002,"is_transient":false,"error_user_title":"Authorisation and login needed","error_user_msg":"To access the API, you'll need to follow the steps at facebook.com/ads/library/api.","fbtrace_id":"AyAwhiVEFmi3FadJfF05NZ-"}}
[competitor-meta-fetcher] 2026-04-02T09:30:14.929Z Failed to fetch ads for Upstox: {"error":{"message":"Application does not have permission for this action","type":"OAuthException","code":10,"error_subcode":2332002,"is_transient":false,"error_user_title":"Authorisation and login needed","error_user_msg":"To access the API, you'll need to follow the steps at facebook.com/ads/library/api.","fbtrace_id":"AyAwhiVEFmi3FadJfF05NZ-"}}
[competitor-meta-fetcher] 2026-04-02T09:30:15.436Z Fetching ads for competitor: 5paisa
[competitor-meta-fetcher] 2026-04-02T09:30:15.806Z FETCH ERROR: {"error":{"message":"Application does not have permission for this action","type":"OAuthException","code":10,"error_subcode":2332002,"is_transient":false,"error_user_title":"Authorisation and login needed","error_user_msg":"To access the API, you'll need to follow the steps at facebook.com/ads/library/api.","fbtrace_id":"Af6w2wrxt7hOVAgHpUQ-8gh"}}
[competitor-meta-fetcher] 2026-04-02T09:30:15.813Z Failed to fetch ads for 5paisa: {"error":{"message":"Application does not have permission for this action","type":"OAuthException","code":10,"error_subcode":2332002,"is_transient":false,"error_user_title":"Authorisation and login needed","error_user_msg":"To access the API, you'll need to follow the steps at facebook.com/ads/library/api.","fbtrace_id":"Af6w2wrxt7hOVAgHpUQ-8gh"}}
[competitor-meta-fetcher] 2026-04-02T09:30:16.323Z Fetching ads for competitor: Paytm Money
[CampaignSync] Running scheduled sync validation...
[CampaignSync] Starting ghost campaign deduplication...
[competitor-meta-fetcher] 2026-04-02T09:30:16.778Z FETCH ERROR: {"error":{"message":"Application does not have permission for this action","type":"OAuthException","code":10,"error_subcode":2332002,"is_transient":false,"error_user_title":"Authorisation and login needed","error_user_msg":"To access the API, you'll need to follow the steps at facebook.com/ads/library/api.","fbtrace_id":"AN5NA48uhySjOH8TkjOqe4y"}}
[competitor-meta-fetcher] 2026-04-02T09:30:16.804Z Failed to fetch ads for Paytm Money: {"error":{"message":"Application does not have permission for this action","type":"OAuthException","code":10,"error_subcode":2332002,"is_transient":false,"error_user_title":"Authorisation and login needed","error_user_msg":"To access the API, you'll need to follow the steps at facebook.com/ads/library/api.","fbtrace_id":"AN5NA48uhySjOH8TkjOqe4y"}}
[competitor-meta-fetcher] 2026-04-02T09:30:17.310Z API returned no ads — seeding cache with demo data for pipeline to work
[competitor-meta-fetcher] 2026-04-02T09:30:17.323Z fetchAllCompetitorAds complete: 92 total ads from 13 competitors, 13 errors (DEMO DATA)
[competitor-meta-fetcher] 2026-04-02T09:30:17.324Z Univest cache still valid, skipping fetch
[CompetitorScheduler] 2026-04-02T09:30:17.330Z — fetch — done in 12057ms, records: 92
[CompetitorScheduler] 2026-04-02T09:30:17.330Z — classify — started
[GC Scheduler] Running initial data fetch...
[gc/dataFetcher] === Step 1/4: Fetching Metabase adset data ===
[gc/dataFetcher] Fetching Metabase adset performance for last 90 days...
[FE:Scheduler] Running initial startup checks...
[FE:Scheduler] Starting job: watcher-refresh
[FE:Watcher] Refreshing Meta prediction accuracy...
[FE:Watcher] Meta predictions: 0 processed, 299 skipped
[FE:Watcher] Refreshing Google prediction accuracy...
[FE:Watcher] Google predictions: 0 processed, 0 skipped
[FE:Watcher] Refreshing recommendation tracking...
[FE:Watcher] ci_recommendations not found: no such table: ci_recommendations
[FE:Watcher] Recommendation tracking: 0 processed
[FE:Watcher] Refreshing competitor signal accuracy...
[FE:Watcher] Competitor signals: 0 processed
[FE:Watcher] Full refresh complete: 0 records processed
[FE:Scheduler] Completed job: watcher-refresh (179ms, 1 records)
[FE:Scheduler] Starting job: anomaly-check
[FE:AnomalyDetector] Running all anomaly detection checks...
[FE:AnomalyDetector] No competitor signal data available. Skipping competitor checks.
[FE:AnomalyDetector] All checks complete. 0 new anomalies detected.
[FE:Scheduler] Completed job: anomaly-check (42ms, 0 records)
[FE:Scheduler] Starting job: data-quality-check
[FE:DataQuality] Running audit (2026-03-03 -> 2026-04-02, forceFresh=false)
[ad-insights] Serving from memory (12883 rows)
[ad-funnel] Serving from memory (3867 rows)
[gc-ad-funnel] Serving from disk (602 rows, 15min old)
[AT Scheduler] Bootstrap: 364 meta adsets, 17 google adgroups in DB
[AT Scheduler] Running initial optimizer health check...
[AT Scheduler] Starting optimizer-health...
[AT Optimizer] === Starting health check ===
[AT Optimizer] Fetching live ACTIVE Meta adsets...
[FE:ProposalGenerator] getProposals: returned 23 rows
[FE:ProposalGenerator] getProposals: returned 32 rows
[AT Optimizer] Error fetching live Meta adsets: Meta API 400: {"error":{"message":"API calls from the server require an appsecret_proof argument","type":"GraphMethodException","code":100,"fbtrace_id":"ADruAthlHS0YrVHkIa4YnvG"}}
[AT Optimizer] Fetching live ENABLED Google adgroups from local DB (last 7 days)...
[AT Optimizer] Found 17 enabled Google adgroups
[AT Optimizer] Health check complete: 1 flags generated
[AT Scheduler] optimizer-health completed
[CampaignSync] Fetched 5243 ad IDs from Meta API (11 pages)
[ads-status] Done. 11 pages, 5243 ads.
[Cache] Ads-status pre-warmed: 5243 ads
[classifier] Classified 92 new ads (0 already cached)
[CompetitorScheduler] 2026-04-02T09:31:21.004Z — classify — done in 63674ms, records: 92
[CompetitorScheduler] 2026-04-02T09:31:21.005Z — trends — started
[competitor-trends] Computed trends: 92 ads, 13 competitors, 6 themes
[CompetitorScheduler] 2026-04-02T09:31:21.014Z — trends — done in 9ms, records: 0
[CompetitorScheduler] 2026-04-02T09:31:21.014Z — radar — started
[ads-status] Serving from memory cache (5243 ads)
[CompetitorScheduler] 2026-04-02T09:31:21.779Z — radar — done in 765ms, records: 0
[CompetitorScheduler] 2026-04-02T09:31:21.779Z — Pipeline finished in 76507ms
[CompetitorScheduler] 2026-04-02T09:31:21.780Z — briefs — started
[CompetitorScheduler] 2026-04-02T09:31:27.445Z — briefs — done in 5665ms, records: 0
[ads-status] Done. 11 pages, 5243 ads.
[FE:DataQuality] Audit complete. status=OK findings=14
[FE:Scheduler] Completed job: data-quality-check (73893ms, 14 records)
[FE:Scheduler] Initial startup checks complete.
[FE:ProposalGenerator] getProposals: returned 23 rows
[FE:ProposalGenerator] getProposals: returned 32 rows
[roas-tracker] Starting snapshot. Only test campaign ads with go-live >= 2026-03-10
[ad-insights] Serving from disk (9761 rows, 15min old)
[ad-funnel] Serving from disk (2977 rows, 17min old)
[roas-tracker] Fetched 7228 Meta rows, 2977 funnel rows.
[roas-tracker] 1695 test campaign rows → 139 ads with go-live >= 2026-03-10 (708 daily rows).
[ads-status] Serving from memory cache (5243 ads)
[roas-tracker] 143 creatives since 2026-03-10 (38 with funnel data).
[roas-tracker] 143 ads since 2026-03-10.
[roas-tracker] Upserted: 0 new, 143 updated. 0 need predictions.
[roas-tracker] Done. {"snapshots":143,"tracked":143,"newAds":0,"updated":143,"predicted":0}
[FE:ProposalGenerator] getProposals: returned 23 rows
[FE:ProposalGenerator] getProposals: returned 32 rows
[FE:ProposalGenerator] getProposals: returned 23 rows
[FE:ProposalGenerator] getProposals: returned 32 rows
[ad-insights] Serving from disk (5981 rows, 87min old)
[ad-funnel] Serving from disk (1797 rows, 89min old)
[gc-ad-funnel] Serving from memory (602 rows)
[ads-status] Serving from memory cache (5243 ads)
[FE:ProposalGenerator] getProposals: returned 23 rows
[FE:ProposalGenerator] getProposals: returned 32 rows
[ad-insights] Serving from disk (586 rows, 87min old)
[ad-funnel] Serving from disk (181 rows, 87min old)
[FE:ProposalGenerator] getProposals: returned 23 rows
[FE:ProposalGenerator] getProposals: returned 32 rows
[roas-tracker] Starting snapshot. Only test campaign ads with go-live >= 2026-03-10
[ad-insights] Fetching page 1...
[ad-insights] Serving from disk (5981 rows, 122min old)
[ad-funnel] Running Metabase query...
[gc-ad-funnel] Serving from disk (602 rows, 54min old)
[ad-funnel] Running Metabase query...
[ads-status] Serving from memory cache (5243 ads)
[FE:ProposalGenerator] getProposals: returned 23 rows
[FE:ProposalGenerator] getProposals: returned 32 rows
[ad-insights] Serving from disk (586 rows, 122min old)
[ad-funnel] Running Metabase query...
[ads-status] Serving from memory cache (5243 ads)
[FE:ProposalGenerator] getProposals: returned 23 rows
[FE:ProposalGenerator] getProposals: returned 32 rows
[ad-insights] Fetching page 2... (500 rows so far)
[ad-funnel] Done. 1797 rows returned. Truncated: false
[ad-insights] Serving from memory (586 rows)
[ad-funnel] Running Metabase query...
[ad-funnel] Done. 188 rows returned. Truncated: false
[ads-status] Serving from memory cache (5243 ads)
[ad-insights] Serving from disk (12883 rows, 109min old)
[ad-funnel] Serving from disk (3867 rows, 115min old)
[ad-funnel] Serving from memory (3867 rows)
[ad-insights] Serving from memory (12883 rows)
[ads-status] Serving from memory cache (5243 ads)
[ad-insights] Fetching page 3... (1000 rows so far)
[ad-funnel] Done. 2979 rows returned. Truncated: false
[ad-insights] Fetching page 4... (1500 rows so far)
[ad-funnel] Done. 188 rows returned. Truncated: false
[ad-insights] Fetching page 5... (2000 rows so far)
[ad-insights] Fetching page 6... (2500 rows so far)
[FE:ProposalGenerator] getProposals: returned 23 rows
[FE:ProposalGenerator] getProposals: returned 32 rows
[ad-insights] Fetching page 7... (3000 rows so far)
[ad-insights] Fetching page 8... (3500 rows so far)
[ad-insights] Fetching page 9... (4000 rows so far)
[ad-insights] Fetching page 10... (4500 rows so far)
[ads-status] Serving from memory cache (5243 ads)
[FE:ProposalGenerator] getProposals: returned 23 rows
[FE:ProposalGenerator] getProposals: returned 32 rows
[ad-insights] Fetching page 11... (5000 rows so far)
[ad-insights] Fetching page 12... (5500 rows so far)
[ad-insights] Fetching page 13... (6000 rows so far)
[ad-insights] Fetching page 14... (6500 rows so far)
[ad-insights] Fetching page 15... (7000 rows so far)
[FE:ProposalGenerator] getProposals: returned 23 rows
[FE:ProposalGenerator] getProposals: returned 32 rows
[ad-insights] Fetching page 16... (7500 rows so far)
[ad-insights] Fetching page 17... (8000 rows so far)
[FE:ProposalGenerator] getProposals: returned 23 rows
[FE:ProposalGenerator] getProposals: returned 32 rows
[ad-insights] Fetching page 18... (8500 rows so far)
[ad-insights] Fetching page 19... (9000 rows so far)
[FE:ProposalGenerator] getProposals: returned 23 rows
[FE:ProposalGenerator] getProposals: returned 32 rows
[ad-insights] Fetching page 20... (9500 rows so far)
[ad-insights] Done. 20 pages, 9764 total rows.
[ad-insights] Saved to disk: 9764 rows
[roas-tracker] Fetched 7229 Meta rows, 2979 funnel rows.
[roas-tracker] 1696 test campaign rows → 139 ads with go-live >= 2026-03-10 (709 daily rows).
[ads-status] Serving from memory cache (5243 ads)
[roas-tracker] 143 creatives since 2026-03-10 (38 with funnel data).
[roas-tracker] 143 ads since 2026-03-10.
[roas-tracker] Upserted: 0 new, 143 updated. 0 need predictions.
[roas-tracker] Done. {"snapshots":143,"tracked":143,"newAds":0,"updated":143,"predicted":0}
[FE:ProposalGenerator] getProposals: returned 23 rows
[FE:ProposalGenerator] getProposals: returned 32 rows
[ad-insights] Serving from memory (5981 rows)
[ad-funnel] Serving from memory (1797 rows)
[gc-ad-funnel] Serving from memory (602 rows)
[ads-status] Serving from memory cache (5243 ads)
[FE:ProposalGenerator] getProposals: returned 23 rows
[FE:ProposalGenerator] getProposals: returned 32 rows
[ad-insights] Serving from memory (586 rows)
[ad-funnel] Serving from memory (188 rows)
[gc-ad-funnel] Serving from memory (602 rows)
[ad-insights] Serving from memory (5981 rows)
[ad-funnel] Serving from memory (1797 rows)
[roas-tracker] Starting snapshot. Only test campaign ads with go-live >= 2026-03-10
[ads-status] Serving from memory cache (5243 ads)
[ad-insights] Fetching page 1...
[ad-funnel] Running Metabase query...
[FE:ProposalGenerator] getProposals: returned 23 rows
[FE:ProposalGenerator] getProposals: returned 32 rows
[FE:ProposalGenerator] getProposals: returned 23 rows
[FE:ProposalGenerator] getProposals: returned 32 rows
[FE:Scheduler] Starting job: data-quality-check
[FE:DataQuality] Running audit (2026-03-03 -> 2026-04-02, forceFresh=false)
[ad-insights] Serving from memory (12883 rows)
[ad-funnel] Serving from memory (3867 rows)
[gc-ad-funnel] Serving from memory (602 rows)
[ads-status] Serving from memory cache (5243 ads)
[ad-insights] Serving from memory (586 rows)
[ad-funnel] Serving from memory (188 rows)
[FE:DataQuality] Audit complete. status=OK findings=14
[FE:Scheduler] Completed job: data-quality-check (2452ms, 14 records)
[ad-insights] Fetching page 2... (500 rows so far)
[ad-insights] Fetching page 3... (1000 rows so far)
[FE:ProposalGenerator] getProposals: returned 23 rows
[FE:ProposalGenerator] getProposals: returned 32 rows
[ad-insights] Fetching page 4... (1500 rows so far)
[ad-insights] Fetching page 5... (2000 rows so far)
[ad-funnel] Done. 2979 rows returned. Truncated: false
[ad-insights] Fetching page 6... (2500 rows so far)
[ads-status] Serving from memory cache (5243 ads)
[ad-insights] Fetching page 1...
[ad-funnel] Running Metabase query...
[ad-insights] Fetching page 1...
[ad-funnel] Running Metabase query...
[ads-status] Serving from memory cache (5243 ads)
[FE:ProposalGenerator] getProposals: returned 23 rows
[FE:ProposalGenerator] getProposals: returned 32 rows
[ad-insights] Fetching page 7... (3000 rows so far)
[ad-insights] Fetching page 8... (3500 rows so far)
[ad-insights] Fetching page 2... (500 rows so far)
[ad-insights] Fetching page 2... (500 rows so far)
[ad-insights] Fetching page 9... (4000 rows so far)
[ad-insights] Fetching page 3... (1000 rows so far)
[ad-insights] Fetching page 3... (1000 rows so far)
[ad-insights] Fetching page 10... (4500 rows so far)
[FE:ProposalGenerator] getProposals: returned 23 rows
[FE:ProposalGenerator] getProposals: returned 32 rows
[ad-funnel] Done. 12152 rows returned. Truncated: false
[ad-funnel] Done. 12152 rows returned. Truncated: false
[ad-insights] Fetching page 11... (5000 rows so far)
[ad-insights] Fetching page 4... (1500 rows so far)
[ad-insights] Fetching page 12... (5500 rows so far)
[ad-insights] Fetching page 4... (1500 rows so far)
[ad-insights] Fetching page 5... (2000 rows so far)
[ad-insights] Fetching page 13... (6000 rows so far)
[ad-insights] Fetching page 1...
[ads-status] Serving from memory cache (5243 ads)
[ad-funnel] Serving from memory (12152 rows)
[FE:ProposalGenerator] getProposals: returned 23 rows
[FE:ProposalGenerator] getProposals: returned 32 rows
[ad-insights] Fetching page 14... (6500 rows so far)
[ad-insights] Fetching page 6... (2500 rows so far)
[ad-insights] Fetching page 5... (2000 rows so far)
[ad-insights] Fetching page 15... (7000 rows so far)
[ad-insights] Fetching page 2... (500 rows so far)
[ad-insights] Fetching page 7... (3000 rows so far)
[ad-insights] Fetching page 6... (2500 rows so far)
[ad-insights] Fetching page 16... (7500 rows so far)
[ad-insights] Fetching page 8... (3500 rows so far)
[FE:ProposalGenerator] getProposals: returned 23 rows
[FE:ProposalGenerator] getProposals: returned 32 rows
[ad-insights] Fetching page 3... (1000 rows so far)
[ad-insights] Fetching page 17... (8000 rows so far)
[ad-insights] Fetching page 7... (3000 rows so far)
[ad-insights] Fetching page 18... (8500 rows so far)
[ad-insights] Fetching page 4... (1500 rows so far)
[ad-insights] Fetching page 8... (3500 rows so far)
[ad-insights] Fetching page 19... (9000 rows so far)
[ad-insights] Fetching page 1...
[ad-funnel] Serving from memory (12152 rows)
[ads-status] Serving from memory cache (5243 ads)
[FE:ProposalGenerator] getProposals: returned 23 rows
[FE:ProposalGenerator] getProposals: returned 32 rows
[ad-insights] Fetching page 20... (9500 rows so far)
[ad-insights] Fetching page 5... (2000 rows so far)
[ad-insights] Fetching page 9... (4000 rows so far)
[ad-insights] Fetching page 2... (500 rows so far)
[ad-insights] Done. 20 pages, 9764 total rows.
[ad-insights] Saved to disk: 9764 rows
[roas-tracker] Fetched 7229 Meta rows, 2979 funnel rows.
[roas-tracker] 1696 test campaign rows → 139 ads with go-live >= 2026-03-10 (709 daily rows).
[ads-status] Serving from memory cache (5243 ads)
[roas-tracker] 143 creatives since 2026-03-10 (38 with funnel data).
[roas-tracker] 143 ads since 2026-03-10.
[roas-tracker] Upserted: 0 new, 143 updated. 0 need predictions.
[roas-tracker] Done. {"snapshots":143,"tracked":143,"newAds":0,"updated":143,"predicted":0}
[ad-insights] Fetching page 10... (4500 rows so far)
[ad-insights] Fetching page 6... (2500 rows so far)
[ad-insights] Fetching page 3... (1000 rows so far)
[ad-insights] Fetching page 11... (5000 rows so far)
[ad-insights] Fetching page 7... (3000 rows so far)
[ad-insights] Fetching page 12... (5500 rows so far)
[ad-insights] Fetching page 4... (1500 rows so far)
[FE:ProposalGenerator] getProposals: returned 23 rows
[FE:ProposalGenerator] getProposals: returned 32 rows
[ad-insights] Fetching page 8... (3500 rows so far)
[ad-insights] Fetching page 13... (6000 rows so far)
[ad-insights] Fetching page 5... (2000 rows so far)
[ad-insights] Fetching page 14... (6500 rows so far)
[ad-insights] Fetching page 9... (4000 rows so far)
[ad-insights] Fetching page 6... (2500 rows so far)
[ad-insights] Fetching page 15... (7000 rows so far)
[ad-insights] Fetching page 10... (4500 rows so far)
[ad-insights] Fetching page 7... (3000 rows so far)
[ad-insights] Fetching page 16... (7500 rows so far)
[ad-insights] Fetching page 11... (5000 rows so far)
[FE:ProposalGenerator] getProposals: returned 23 rows
[FE:ProposalGenerator] getProposals: returned 32 rows
[ad-insights] Fetching page 8... (3500 rows so far)
[ad-insights] Fetching page 17... (8000 rows so far)
[ad-insights] Fetching page 12... (5500 rows so far)
[ad-insights] Fetching page 9... (4000 rows so far)
[ad-insights] Fetching page 18... (8500 rows so far)
[ad-insights] Done. 12 pages, 5500 total rows. WARNING: pagination broke — data may be truncated!
[ad-insights] Skipping disk write — pagination broke, data is truncated (5500 rows).
[ad-insights] Fetching page 10... (4500 rows so far)
[ad-insights] Fetching page 19... (9000 rows so far)
[ad-insights] Fetching page 11... (5000 rows so far)
[FE:ProposalGenerator] getProposals: returned 23 rows
[FE:ProposalGenerator] getProposals: returned 32 rows
[ad-insights] Fetching page 12... (5500 rows so far)
[ad-insights] Fetching page 20... (9500 rows so far)
[ad-insights] Fetching page 13... (6000 rows so far)
[ad-insights] Fetching page 14... (6500 rows so far)
[ad-insights] Fetching page 21... (10000 rows so far)
[ad-insights] Fetching page 15... (7000 rows so far)
[ad-insights] Fetching page 22... (10500 rows so far)
[FE:ProposalGenerator] getProposals: returned 23 rows
[FE:ProposalGenerator] getProposals: returned 32 rows
[ad-insights] Fetching page 16... (7500 rows so far)
[ad-insights] Fetching page 23... (11000 rows so far)
[ad-insights] Fetching page 17... (8000 rows so far)
[ad-insights] Fetching page 24... (11500 rows so far)
[ad-insights] Fetching page 18... (8500 rows so far)
[ad-insights] Fetching page 25... (12000 rows so far)
[ad-insights] Fetching page 19... (9000 rows so far)
[ad-insights] Fetching page 26... (12500 rows so far)
[FE:ProposalGenerator] getProposals: returned 23 rows
[FE:ProposalGenerator] getProposals: returned 32 rows
[ad-insights] Fetching page 20... (9500 rows so far)
[ad-insights] Fetching page 27... (13000 rows so far)
[ad-insights] Fetching page 21... (10000 rows so far)
[ad-insights] Fetching page 28... (13500 rows so far)
[ad-insights] Fetching page 29... (14000 rows so far)
[ad-insights] Fetching page 22... (10500 rows so far)
[ad-insights] Fetching page 30... (14500 rows so far)
[ad-insights] Fetching page 23... (11000 rows so far)
[FE:ProposalGenerator] getProposals: returned 23 rows
[FE:ProposalGenerator] getProposals: returned 32 rows
[ad-insights] Fetching page 24... (11500 rows so far)
[ad-insights] Fetching page 31... (15000 rows so far)
[ad-insights] Fetching page 25... (12000 rows so far)
[ad-insights] Fetching page 32... (15500 rows so far)
[ad-insights] Fetching page 26... (12500 rows so far)
[ad-insights] Fetching page 33... (16000 rows so far)
[ad-insights] Fetching page 27... (13000 rows so far)
[ad-insights] Fetching page 34... (16500 rows so far)
[ad-insights] Fetching page 28... (13500 rows so far)
[FE:ProposalGenerator] getProposals: returned 23 rows
[FE:ProposalGenerator] getProposals: returned 32 rows
[ad-insights] Fetching page 29... (14000 rows so far)
[ad-insights] Fetching page 35... (17000 rows so far)
[ad-insights] Serving from memory (5981 rows)
[ad-funnel] Serving from memory (1797 rows)
[ads-status] Serving from memory cache (5243 ads)
[gc-ad-funnel] Serving from memory (602 rows)
[ad-insights] Serving from memory (586 rows)
[ad-funnel] Serving from memory (188 rows)
[ad-insights] Fetching page 30... (14500 rows so far)
[ad-insights] Fetching page 36... (17500 rows so far)
[ad-insights] Fetching page 31... (15000 rows so far)
[ad-insights] Fetching page 37... (18000 rows so far)
[ad-insights] Fetching page 32... (15500 rows so far)
[ad-insights] Fetching page 38... (18500 rows so far)
[ad-insights] Fetching page 33... (16000 rows so far)
[ad-insights] Fetching page 39... (19000 rows so far)
[FE:ProposalGenerator] getProposals: returned 23 rows
[FE:ProposalGenerator] getProposals: returned 32 rows
[ad-insights] Fetching page 34... (16500 rows so far)
[ad-insights] Fetching page 40... (19500 rows so far)
[ad-insights] Fetching page 35... (17000 rows so far)
[ad-insights] Fetching page 36... (17500 rows so far)
[ad-insights] Fetching page 41... (20000 rows so far)
[ad-insights] Fetching page 37... (18000 rows so far)
[ad-insights] Fetching page 42... (20500 rows so far)
[ad-insights] Fetching page 38... (18500 rows so far)
[ad-insights] Fetching page 43... (21000 rows so far)
[ad-insights] Fetching page 39... (19000 rows so far)
[ad-insights] Fetching page 44... (21500 rows so far)
[FE:ProposalGenerator] getProposals: returned 23 rows
[FE:ProposalGenerator] getProposals: returned 32 rows
[ad-insights] Fetching page 40... (19500 rows so far)
[ad-insights] Fetching page 45... (22000 rows so far)
[ad-insights] Fetching page 41... (20000 rows so far)
[ad-insights] Fetching page 42... (20500 rows so far)
[ad-insights] Fetching page 46... (22500 rows so far)
[ad-insights] Fetching page 43... (21000 rows so far)
[ad-insights] Fetching page 47... (23000 rows so far)
[ad-insights] Fetching page 44... (21500 rows so far)
[ad-insights] Fetching page 48... (23500 rows so far)
[ad-insights] Fetching page 45... (22000 rows so far)
[FE:ProposalGenerator] getProposals: returned 23 rows
[FE:ProposalGenerator] getProposals: returned 32 rows
[ad-insights] Fetching page 49... (24000 rows so far)
[ad-insights] Fetching page 46... (22500 rows so far)
[ad-insights] Fetching page 50... (24500 rows so far)
[ad-insights] Fetching page 47... (23000 rows so far)
[ad-insights] Fetching page 51... (25000 rows so far)
[ad-insights] Fetching page 48... (23500 rows so far)
[ad-insights] Fetching page 52... (25500 rows so far)
[ad-insights] Fetching page 49... (24000 rows so far)
[ad-insights] Fetching page 50... (24500 rows so far)
[ad-insights] Fetching page 53... (26000 rows so far)
[FE:ProposalGenerator] getProposals: returned 23 rows
[FE:ProposalGenerator] getProposals: returned 32 rows
[ad-insights] Fetching page 51... (25000 rows so far)
[ad-insights] Fetching page 54... (26500 rows so far)
[ad-insights] Fetching page 52... (25500 rows so far)
[ad-insights] Fetching page 55... (27000 rows so far)
[ad-insights] Fetching page 53... (26000 rows so far)
[ad-insights] Fetching page 56... (27500 rows so far)
[ad-insights] Fetching page 54... (26500 rows so far)
[ad-insights] Fetching page 57... (28000 rows so far)
[ad-insights] Fetching page 55... (27000 rows so far)
[roas-tracker] Starting snapshot. Only test campaign ads with go-live >= 2026-03-10
[ad-funnel] Serving from memory (2979 rows)
[ad-insights] Serving from memory (9764 rows)
[roas-tracker] Fetched 7229 Meta rows, 2979 funnel rows.
[roas-tracker] 1696 test campaign rows → 139 ads with go-live >= 2026-03-10 (709 daily rows).
[ads-status] Serving from memory cache (5243 ads)
[roas-tracker] 143 creatives since 2026-03-10 (38 with funnel data).
[roas-tracker] 143 ads since 2026-03-10.
[roas-tracker] Upserted: 0 new, 143 updated. 0 need predictions.
[roas-tracker] Done. {"snapshots":143,"tracked":143,"newAds":0,"updated":143,"predicted":0}
[FE:ProposalGenerator] getProposals: returned 23 rows
[FE:ProposalGenerator] getProposals: returned 32 rows
[ad-insights] Fetching page 56... (27500 rows so far)
[ad-insights] Fetching page 58... (28500 rows so far)
[roas-tracker] Starting snapshot. Only test campaign ads with go-live >= 2026-03-10
[TrendScanner] Scheduled scan starting...
[TrendScanner] Starting full scrape...
[ad-funnel] Running Metabase query...
[ad-insights] Fetching page 1...
[ad-insights] Fetching page 57... (28000 rows so far)
[ad-insights] Fetching page 59... (29000 rows so far)
[ad-insights] Fetching page 2... (500 rows so far)
[ad-insights] Fetching page 58... (28500 rows so far)
[ad-insights] Fetching page 60... (29500 rows so far)
[ad-insights] Fetching page 3... (1000 rows so far)
[TrendScanner] Synthesizing...
[ad-funnel] Done. 2980 rows returned. Truncated: false
[ad-insights] Fetching page 59... (29000 rows so far)
[ad-insights] Fetching page 4... (1500 rows so far)
[ad-insights] Fetching page 61... (30000 rows so far)
[ad-insights] Fetching page 60... (29500 rows so far)
[ad-insights] Fetching page 5... (2000 rows so far)
[FE:ProposalGenerator] getProposals: returned 23 rows
[FE:ProposalGenerator] getProposals: returned 32 rows
[ad-insights] Fetching page 62... (30500 rows so far)
[ad-insights] Fetching page 61... (30000 rows so far)
[ad-insights] Fetching page 6... (2500 rows so far)
[ad-insights] Fetching page 63... (31000 rows so far)
[ad-insights] Fetching page 7... (3000 rows so far)
[ad-insights] Fetching page 62... (30500 rows so far)
[ad-insights] Fetching page 8... (3500 rows so far)
[ad-insights] Fetching page 64... (31500 rows so far)
[ad-insights] Fetching page 63... (31000 rows so far)
[ad-insights] Fetching page 9... (4000 rows so far)
[ad-insights] Fetching page 65... (32000 rows so far)
[ad-insights] Fetching page 64... (31500 rows so far)
[ad-insights] Fetching page 10... (4500 rows so far)
[FE:ProposalGenerator] getProposals: returned 23 rows
[FE:ProposalGenerator] getProposals: returned 32 rows
[ad-insights] Fetching page 66... (32500 rows so far)
[ad-insights] Fetching page 65... (32000 rows so far)
[ad-insights] Fetching page 11... (5000 rows so far)
[TrendScanner] Generating concepts...
[ad-insights] Fetching page 12... (5500 rows so far)
[ad-insights] Fetching page 66... (32500 rows so far)
[ad-insights] Fetching page 67... (33000 rows so far)
[ad-insights] Fetching page 13... (6000 rows so far)
[ad-insights] Fetching page 67... (33000 rows so far)
[ad-insights] Fetching page 14... (6500 rows so far)
[ad-insights] Fetching page 68... (33500 rows so far)
[ad-insights] Fetching page 15... (7000 rows so far)
[ad-insights] Fetching page 68... (33500 rows so far)
[ad-insights] Fetching page 69... (34000 rows so far)
[ad-insights] Fetching page 16... (7500 rows so far)
[FE:ProposalGenerator] getProposals: returned 23 rows
[ad-insights] Serving from memory (5500 rows)
[FE:ProposalGenerator] getProposals: returned 32 rows
[ads-status] Serving from disk cache (5243 ads, 61min old)
[ad-funnel] Serving from memory (12152 rows)
[ad-insights] Fetching page 69... (34000 rows so far)
[ad-insights] Fetching page 17... (8000 rows so far)
[ad-insights] Done. 69 pages, 34000 total rows. WARNING: pagination broke — data may be truncated!
[ad-insights] Skipping disk write — pagination broke, data is truncated (34000 rows).
[ad-insights] Fetching page 70... (34500 rows so far)
[ad-insights] Fetching page 18... (8500 rows so far)
[ad-insights] Fetching page 71... (35000 rows so far)
[ad-insights] Fetching page 19... (9000 rows so far)
[ad-insights] Fetching page 20... (9500 rows so far)
[ad-insights] Fetching page 72... (35500 rows so far)
[ad-insights] Done. 20 pages, 9764 total rows.
[ad-insights] Saved to disk: 9764 rows
[roas-tracker] Fetched 7229 Meta rows, 2980 funnel rows.
[roas-tracker] 1696 test campaign rows → 139 ads with go-live >= 2026-03-10 (709 daily rows).
[ads-status] Serving from memory cache (5243 ads)
[roas-tracker] 143 creatives since 2026-03-10 (38 with funnel data).
[roas-tracker] 143 ads since 2026-03-10.
[roas-tracker] Upserted: 0 new, 143 updated. 0 need predictions.
[roas-tracker] Done. {"snapshots":143,"tracked":143,"newAds":0,"updated":143,"predicted":0}
[ad-insights] Fetching page 73... (36000 rows so far)
[FE:ProposalGenerator] getProposals: returned 23 rows
[FE:ProposalGenerator] getProposals: returned 32 rows
[ad-insights] Fetching page 74... (36500 rows so far)
[ad-insights] Fetching page 75... (37000 rows so far)
[ad-insights] Fetching page 76... (37500 rows so far)
[ad-insights] Fetching page 77... (38000 rows so far)
[FE:ProposalGenerator] getProposals: returned 23 rows
[FE:ProposalGenerator] getProposals: returned 32 rows
[ad-insights] Fetching page 78... (38500 rows so far)
[ad-insights] Serving from memory (5981 rows)
[ad-funnel] Serving from memory (1797 rows)
[ads-status] Serving from memory cache (5243 ads)
[gc-ad-funnel] Serving from memory (602 rows)
[ad-insights] Serving from memory (586 rows)
[ad-funnel] Serving from memory (188 rows)
[ad-insights] Fetching page 79... (39000 rows so far)
[ad-insights] Fetching page 80... (39500 rows so far)
[ad-insights] Fetching page 81... (40000 rows so far)
[FE:ProposalGenerator] getProposals: returned 23 rows
[FE:ProposalGenerator] getProposals: returned 32 rows
[ad-insights] Fetching page 82... (40500 rows so far)
[ad-insights] Fetching page 83... (41000 rows so far)
[ad-insights] Fetching page 84... (41500 rows so far)
[ad-insights] Done. 84 pages, 41902 total rows.
[ad-insights] Saved to disk: 41902 rows
[FE:ProposalGenerator] getProposals: returned 23 rows
[FE:ProposalGenerator] getProposals: returned 32 rows
[FE:ProposalGenerator] getProposals: returned 23 rows
[FE:ProposalGenerator] getProposals: returned 32 rows
[ad-insights] Serving from memory (5981 rows)
[ad-funnel] Serving from memory (1797 rows)
[gc-ad-funnel] Serving from memory (602 rows)
[ads-status] Serving from memory cache (5243 ads)
[roas-tracker] Starting snapshot. Only test campaign ads with go-live >= 2026-03-10
[FE:ProposalGenerator] getProposals: returned 23 rows
[ad-insights] Fetching page 1...
[ad-funnel] Running Metabase query...
[FE:ProposalGenerator] getProposals: returned 32 rows
[FE:ProposalGenerator] getProposals: returned 23 rows
[FE:ProposalGenerator] getProposals: returned 32 rows
[ad-insights] Serving from memory (586 rows)
[ad-funnel] Serving from memory (188 rows)
[ad-insights] Serving from disk (12368 rows, 122min old)
[ad-funnel] Running Metabase query...
[ads-status] Serving from memory cache (5243 ads)
[ad-insights] Fetching page 2... (500 rows so far)
[ad-insights] Fetching page 3... (1000 rows so far)
[ad-funnel] Done. 2980 rows returned. Truncated: false
[FE:ProposalGenerator] getProposals: returned 23 rows
[FE:ProposalGenerator] getProposals: returned 32 rows
[ad-funnel] Done. 3729 rows returned. Truncated: false
[ad-insights] Fetching page 4... (1500 rows so far)
[ai/analyze] Running AI analysis (prompt length: 113119 chars)...
[ad-insights] Fetching page 5... (2000 rows so far)
[ad-insights] Fetching page 6... (2500 rows so far)
[FE:ProposalGenerator] getProposals: returned 23 rows
[FE:ProposalGenerator] getProposals: returned 32 rows
[ad-insights] Fetching page 7... (3000 rows so far)
[ad-insights] Fetching page 8... (3500 rows so far)
[ad-insights] Fetching page 9... (4000 rows so far)
[FE:ProposalGenerator] getProposals: returned 23 rows
[FE:ProposalGenerator] getProposals: returned 32 rows
[ad-insights] Fetching page 10... (4500 rows so far)
[ad-insights] Fetching page 11... (5000 rows so far)
[ad-insights] Fetching page 12... (5500 rows so far)
[FE:ProposalGenerator] getProposals: returned 23 rows
[FE:ProposalGenerator] getProposals: returned 32 rows
[ai/analyze] Done. Response length: 33368 chars
[ad-insights] Fetching page 13... (6000 rows so far)
[ad-insights] Fetching page 14... (6500 rows so far)
[ad-insights] Fetching page 15... (7000 rows so far)
[FE:ProposalGenerator] getProposals: returned 23 rows
[FE:ProposalGenerator] getProposals: returned 32 rows
[ad-insights] Fetching page 16... (7500 rows so far)
[ad-insights] Fetching page 17... (8000 rows so far)
[FE:ProposalGenerator] getProposals: returned 23 rows
[FE:ProposalGenerator] getProposals: returned 32 rows
[ad-insights] Fetching page 18... (8500 rows so far)
[ad-insights] Fetching page 19... (9000 rows so far)
[ad-insights] Fetching page 20... (9500 rows so far)
[ad-insights] Done. 20 pages, 9764 total rows.
[ad-insights] Saved to disk: 9764 rows
[roas-tracker] Fetched 7229 Meta rows, 2980 funnel rows.
[roas-tracker] 1696 test campaign rows → 139 ads with go-live >= 2026-03-10 (709 daily rows).
[ads-status] Serving from memory cache (5243 ads)
[roas-tracker] 143 creatives since 2026-03-10 (38 with funnel data).
[roas-tracker] 143 ads since 2026-03-10.
[roas-tracker] Upserted: 0 new, 143 updated. 0 need predictions.
[roas-tracker] Done. {"snapshots":143,"tracked":143,"newAds":0,"updated":143,"predicted":0}
[FE:ProposalGenerator] getProposals: returned 23 rows
[FE:ProposalGenerator] getProposals: returned 32 rows
[FE:ProposalGenerator] getProposals: returned 23 rows
[FE:ProposalGenerator] getProposals: returned 32 rows
[FE:ProposalGenerator] getProposals: returned 23 rows
[FE:ProposalGenerator] getProposals: returned 32 rows
[FE:ProposalGenerator] getProposals: returned 23 rows
[FE:ProposalGenerator] getProposals: returned 32 rows
[FE:ProposalGenerator] getProposals: returned 23 rows
[FE:ProposalGenerator] getProposals: returned 32 rows
[ad-funnel] Serving from memory (12152 rows)
[ads-status] Serving from memory cache (5243 ads)
[ad-insights] Serving from memory (41902 rows)
[FE:ProposalGenerator] getProposals: returned 23 rows
[FE:ProposalGenerator] getProposals: returned 32 rows
[FE:ProposalGenerator] getProposals: returned 23 rows
[FE:ProposalGenerator] getProposals: returned 32 rows
[FE:ProposalGenerator] getProposals: returned 23 rows
[FE:ProposalGenerator] getProposals: returned 32 rows
[FE:ProposalGenerator] getProposals: returned 23 rows
[FE:ProposalGenerator] getProposals: returned 32 rows
[ad-insights] Serving from disk (5981 rows, 160min old)
[ad-funnel] Serving from disk (1797 rows, 38min old)
[ads-status] Serving from memory cache (5243 ads)
[gc-ad-funnel] Serving from disk (602 rows, 92min old)
[ad-insights] Serving from disk (586 rows, 160min old)
[ad-funnel] Serving from disk (188 rows, 37min old)
[FE:ProposalGenerator] getProposals: returned 23 rows
[FE:ProposalGenerator] getProposals: returned 32 rows
[FE:ProposalGenerator] getProposals: returned 23 rows
[FE:ProposalGenerator] getProposals: returned 32 rows
[FE:ProposalGenerator] getProposals: returned 23 rows
[FE:ProposalGenerator] getProposals: returned 32 rows
[FE:ProposalGenerator] getProposals: returned 23 rows
[FE:ProposalGenerator] getProposals: returned 32 rows
[FE:ProposalGenerator] getProposals: returned 23 rows
[FE:ProposalGenerator] getProposals: returned 32 rows
[roas-tracker] Starting snapshot. Only test campaign ads with go-live >= 2026-03-10
[ad-insights] Fetching page 1...
[ad-funnel] Running Metabase query...
[ad-insights] Fetching page 2... (500 rows so far)
[FE:ProposalGenerator] getProposals: returned 23 rows
[FE:ProposalGenerator] getProposals: returned 32 rows
[ad-insights] Fetching page 3... (1000 rows so far)
[ad-funnel] Done. 2981 rows returned. Truncated: false
[ad-insights] Fetching page 4... (1500 rows so far)
[ad-insights] Fetching page 5... (2000 rows so far)
[ad-insights] Fetching page 6... (2500 rows so far)
[ad-insights] Fetching page 7... (3000 rows so far)
[FE:ProposalGenerator] getProposals: returned 23 rows
[FE:ProposalGenerator] getProposals: returned 32 rows
[ad-insights] Fetching page 8... (3500 rows so far)
[ad-insights] Fetching page 9... (4000 rows so far)
[ad-insights] Fetching page 10... (4500 rows so far)
[ad-insights] Fetching page 11... (5000 rows so far)
[ad-insights] Fetching page 12... (5500 rows so far)
[ad-insights] Fetching page 13... (6000 rows so far)
[ad-insights] Fetching page 14... (6500 rows so far)
[FE:ProposalGenerator] getProposals: returned 23 rows
[ad-insights] Serving from memory (41902 rows)
[ad-funnel] Serving from disk (12152 rows, 38min old)
[ads-status] Serving from memory cache (5243 ads)
[FE:ProposalGenerator] getProposals: returned 32 rows
[ad-insights] Fetching page 15... (7000 rows so far)
[ad-insights] Fetching page 16... (7500 rows so far)
[ad-insights] Fetching page 17... (8000 rows so far)
[ad-insights] Fetching page 18... (8500 rows so far)
[ad-insights] Fetching page 19... (9000 rows so far)
[FE:ProposalGenerator] getProposals: returned 23 rows
[FE:ProposalGenerator] getProposals: returned 32 rows
[ad-insights] Fetching page 20... (9500 rows so far)
[ad-insights] Done. 20 pages, 9764 total rows.
[ad-insights] Saved to disk: 9764 rows
[roas-tracker] Fetched 7229 Meta rows, 2981 funnel rows.
[roas-tracker] 1696 test campaign rows → 139 ads with go-live >= 2026-03-10 (709 daily rows).
[ads-status] Serving from memory cache (5243 ads)
[roas-tracker] 143 creatives since 2026-03-10 (38 with funnel data).
[roas-tracker] 143 ads since 2026-03-10.
[roas-tracker] Upserted: 0 new, 143 updated. 0 need predictions.
[roas-tracker] Done. {"snapshots":143,"tracked":143,"newAds":0,"updated":143,"predicted":0}
[FE:ProposalGenerator] getProposals: returned 23 rows
[FE:ProposalGenerator] getProposals: returned 32 rows
[ad-insights] Serving from memory (5981 rows)
[ad-funnel] Serving from memory (1797 rows)
[ads-status] Serving from memory cache (5243 ads)
[ad-insights] Serving from memory (586 rows)
[ad-funnel] Serving from memory (188 rows)
[FE:Scheduler] Starting job: watcher-refresh
[FE:Watcher] Refreshing Meta prediction accuracy...
[FE:Watcher] Meta predictions: 0 processed, 299 skipped
[FE:Watcher] Refreshing Google prediction accuracy...
[FE:Watcher] Google predictions: 0 processed, 0 skipped
[FE:Watcher] Refreshing recommendation tracking...
[FE:Watcher] ci_recommendations not found: no such table: ci_recommendations
[FE:Watcher] Recommendation tracking: 0 processed
[FE:Watcher] Refreshing competitor signal accuracy...
[FE:Watcher] Competitor signals: 0 processed
[FE:Watcher] Full refresh complete: 0 records processed
[FE:Scheduler] Completed job: watcher-refresh (109ms, 1 records)
[FE:ProposalGenerator] getProposals: returned 23 rows
[FE:ProposalGenerator] getProposals: returned 32 rows
[gc-ad-funnel] Serving from memory (602 rows)
[FE:ProposalGenerator] getProposals: returned 23 rows
[FE:ProposalGenerator] getProposals: returned 32 rows
[FE:ProposalGenerator] getProposals: returned 23 rows
[FE:ProposalGenerator] getProposals: returned 32 rows
[FE:ProposalGenerator] getProposals: returned 23 rows
[FE:ProposalGenerator] getProposals: returned 32 rows
[FE:ProposalGenerator] getProposals: returned 23 rows
[FE:ProposalGenerator] getProposals: returned 32 rows
[FE:ProposalGenerator] getProposals: returned 23 rows
[ad-insights] Serving from memory (41902 rows)
[ad-funnel] Serving from memory (12152 rows)
[ads-status] Serving from memory cache (5243 ads)
[FE:ProposalGenerator] getProposals: returned 32 rows
[FE:ProposalGenerator] getProposals: returned 23 rows
[FE:ProposalGenerator] getProposals: returned 32 rows
[roas-tracker] Starting snapshot. Only test campaign ads with go-live >= 2026-03-10
[ad-insights] Serving from memory (5981 rows)
[ad-funnel] Serving from memory (1797 rows)
[ads-status] Serving from memory cache (5243 ads)
[ad-insights] Fetching page 1...
[ad-funnel] Running Metabase query...
[gc-ad-funnel] Serving from memory (602 rows)
[ad-insights] Serving from memory (586 rows)
[ad-funnel] Serving from memory (188 rows)
[ad-insights] Fetching page 2... (500 rows so far)
[FE:ProposalGenerator] getProposals: returned 23 rows
[FE:ProposalGenerator] getProposals: returned 32 rows
[ad-insights] Fetching page 3... (1000 rows so far)
[ad-funnel] Done. 2982 rows returned. Truncated: false
[ad-insights] Fetching page 4... (1500 rows so far)
[ad-insights] Fetching page 5... (2000 rows so far)
[ad-insights] Fetching page 6... (2500 rows so far)
[ad-insights] Fetching page 7... (3000 rows so far)
[FE:ProposalGenerator] getProposals: returned 23 rows
[FE:ProposalGenerator] getProposals: returned 32 rows
[ad-insights] Fetching page 8... (3500 rows so far)
[ad-insights] Fetching page 9... (4000 rows so far)
[ad-insights] Fetching page 10... (4500 rows so far)
[ad-insights] Fetching page 11... (5000 rows so far)
[ad-insights] Fetching page 12... (5500 rows so far)
[ad-insights] Fetching page 13... (6000 rows so far)
[ad-insights] Fetching page 14... (6500 rows so far)
[FE:ProposalGenerator] getProposals: returned 23 rows
[FE:ProposalGenerator] getProposals: returned 32 rows
[ad-insights] Fetching page 15... (7000 rows so far)
[ad-insights] Fetching page 16... (7500 rows so far)
[ad-insights] Fetching page 17... (8000 rows so far)
[ad-insights] Fetching page 18... (8500 rows so far)
[ad-insights] Fetching page 19... (9000 rows so far)
[FE:ProposalGenerator] getProposals: returned 23 rows
[FE:ProposalGenerator] getProposals: returned 32 rows
[ad-insights] Fetching page 20... (9500 rows so far)
[ad-insights] Done. 20 pages, 9767 total rows.
[ad-insights] Saved to disk: 9767 rows
[roas-tracker] Fetched 7230 Meta rows, 2982 funnel rows.
[roas-tracker] 1696 test campaign rows → 139 ads with go-live >= 2026-03-10 (709 daily rows).
[ads-status] Serving from memory cache (5243 ads)
[roas-tracker] 143 creatives since 2026-03-10 (38 with funnel data).
[roas-tracker] 143 ads since 2026-03-10.
[roas-tracker] Upserted: 0 new, 143 updated. 0 need predictions.
[roas-tracker] Done. {"snapshots":143,"tracked":143,"newAds":0,"updated":143,"predicted":0}
[FE:ProposalGenerator] getProposals: returned 23 rows
[FE:ProposalGenerator] getProposals: returned 32 rows
[FE:ProposalGenerator] getProposals: returned 23 rows
[FE:ProposalGenerator] getProposals: returned 32 rows
[FE:ProposalGenerator] getProposals: returned 23 rows
[FE:ProposalGenerator] getProposals: returned 32 rows
[FE:ProposalGenerator] getProposals: returned 23 rows
[FE:ProposalGenerator] getProposals: returned 32 rows
[FE:Scheduler] Starting job: data-quality-check
[FE:DataQuality] Running audit (2026-03-03 -> 2026-04-02, forceFresh=false)
[ad-insights] Serving from disk (12883 rows, 174min old)
[ad-funnel] Running Metabase query...
[gc-ad-funnel] Serving from memory (602 rows)
[ads-status] Serving from memory cache (5243 ads)
[ad-funnel] Done. 3877 rows returned. Truncated: false
[FE:DataQuality] Audit complete. status=OK findings=14
[FE:Scheduler] Completed job: data-quality-check (27228ms, 14 records)
[FE:ProposalGenerator] getProposals: returned 23 rows
[FE:ProposalGenerator] getProposals: returned 32 rows
[FE:ProposalGenerator] getProposals: returned 23 rows
[ad-insights] Serving from disk (41902 rows, 40min old)
[ad-funnel] Serving from memory (12152 rows)
[ads-status] Serving from memory cache (5243 ads)
[FE:ProposalGenerator] getProposals: returned 32 rows
[ad-insights] Serving from memory (5981 rows)
[ad-funnel] Serving from memory (1797 rows)
[ads-status] Serving from memory cache (5243 ads)
[gc-ad-funnel] Serving from memory (602 rows)
[ad-insights] Serving from memory (586 rows)
[ad-funnel] Serving from memory (188 rows)
[FE:ProposalGenerator] getProposals: returned 23 rows
[FE:ProposalGenerator] getProposals: returned 32 rows
[FE:ProposalGenerator] getProposals: returned 23 rows
[FE:ProposalGenerator] getProposals: returned 32 rows
[FE:ProposalGenerator] getProposals: returned 23 rows
[FE:ProposalGenerator] getProposals: returned 32 rows
[FE:ProposalGenerator] getProposals: returned 23 rows
[FE:ProposalGenerator] getProposals: returned 32 rows
[FE:ProposalGenerator] getProposals: returned 23 rows
[FE:ProposalGenerator] getProposals: returned 32 rows
[roas-tracker] Starting snapshot. Only test campaign ads with go-live >= 2026-03-10
[ad-insights] Fetching page 1...
[ad-funnel] Running Metabase query...
[FE:ProposalGenerator] getProposals: returned 23 rows
[FE:ProposalGenerator] getProposals: returned 32 rows
[ad-insights] Fetching page 2... (500 rows so far)
[ad-insights] Fetching page 3... (1000 rows so far)
[ad-insights] Fetching page 4... (1500 rows so far)
[FE:ProposalGenerator] getProposals: returned 23 rows
[FE:ProposalGenerator] getProposals: returned 32 rows
[ad-insights] Fetching page 5... (2000 rows so far)
[ad-funnel] Done. 2983 rows returned. Truncated: false
[ad-insights] Fetching page 6... (2500 rows so far)
[ad-insights] Fetching page 7... (3000 rows so far)
[ad-insights] Fetching page 8... (3500 rows so far)
[FE:ProposalGenerator] getProposals: returned 23 rows
[FE:ProposalGenerator] getProposals: returned 32 rows
[ad-insights] Fetching page 9... (4000 rows so far)
[ad-insights] Fetching page 10... (4500 rows so far)
[ad-insights] Fetching page 11... (5000 rows so far)
[ad-insights] Fetching page 12... (5500 rows so far)
[ad-insights] Fetching page 13... (6000 rows so far)
[FE:ProposalGenerator] getProposals: returned 23 rows
[FE:ProposalGenerator] getProposals: returned 32 rows
[ad-insights] Fetching page 14... (6500 rows so far)
[ad-insights] Fetching page 15... (7000 rows so far)
[ad-insights] Fetching page 16... (7500 rows so far)
[ad-insights] Fetching page 17... (8000 rows so far)
[FE:ProposalGenerator] getProposals: returned 23 rows
[FE:ProposalGenerator] getProposals: returned 32 rows
[ad-insights] Fetching page 18... (8500 rows so far)
[ad-insights] Fetching page 19... (9000 rows so far)
[ad-insights] Fetching page 20... (9500 rows so far)
[ad-insights] Done. 20 pages, 9770 total rows.
[ad-insights] Saved to disk: 9770 rows
[roas-tracker] Fetched 7233 Meta rows, 2983 funnel rows.
[roas-tracker] 1696 test campaign rows → 139 ads with go-live >= 2026-03-10 (709 daily rows).
[ads-status] Serving from memory cache (5243 ads)
[roas-tracker] 143 creatives since 2026-03-10 (38 with funnel data).
[roas-tracker] 143 ads since 2026-03-10.
[roas-tracker] Upserted: 0 new, 143 updated. 0 need predictions.
[roas-tracker] Done. {"snapshots":143,"tracked":143,"newAds":0,"updated":143,"predicted":0}
[ad-insights] Serving from disk (5981 rows, 200min old)
[ad-funnel] Serving from disk (1797 rows, 78min old)
[ads-status] Serving from memory cache (5243 ads)
[gc-ad-funnel] Running Metabase query...
[ad-insights] Serving from disk (586 rows, 200min old)
[ad-funnel] Serving from disk (188 rows, 77min old)
[ad-insights] Serving from memory (41902 rows)
[ad-funnel] Serving from disk (12152 rows, 71min old)
[FE:ProposalGenerator] getProposals: returned 23 rows
[ads-status] Serving from memory cache (5243 ads)
[FE:ProposalGenerator] getProposals: returned 32 rows
[gc-ad-funnel] Done. 602 rows returned. Truncated: false
[FE:ProposalGenerator] getProposals: returned 23 rows
[FE:ProposalGenerator] getProposals: returned 32 rows
[roas-tracker] Starting snapshot. Only test campaign ads with go-live >= 2026-03-10
[ad-insights] Serving from memory (9770 rows)
[ad-funnel] Serving from memory (2983 rows)
[roas-tracker] Fetched 7233 Meta rows, 2983 funnel rows.
[roas-tracker] 1696 test campaign rows → 139 ads with go-live >= 2026-03-10 (709 daily rows).
[ads-status] Serving from memory cache (5243 ads)
[roas-tracker] 143 creatives since 2026-03-10 (38 with funnel data).
[roas-tracker] 143 ads since 2026-03-10.
[roas-tracker] Upserted: 0 new, 143 updated. 0 need predictions.
[roas-tracker] Done. {"snapshots":143,"tracked":143,"newAds":0,"updated":143,"predicted":0}
[FE:ProposalGenerator] getProposals: returned 23 rows
[FE:ProposalGenerator] getProposals: returned 32 rows
[FE:ProposalGenerator] getProposals: returned 23 rows
[FE:ProposalGenerator] getProposals: returned 32 rows
[FE:ProposalGenerator] getProposals: returned 23 rows
[FE:ProposalGenerator] getProposals: returned 32 rows
[FE:ProposalGenerator] getProposals: returned 23 rows
[FE:ProposalGenerator] getProposals: returned 32 rows
[FE:ProposalGenerator] getProposals: returned 23 rows
[FE:ProposalGenerator] getProposals: returned 32 rows
[roas-tracker] Starting snapshot. Only test campaign ads with go-live >= 2026-03-10
[ad-insights] Fetching page 1...
[ad-funnel] Running Metabase query...
[ad-insights] Serving from disk (41902 rows, 72min old)
[ad-funnel] Serving from memory (12152 rows)
[ads-status] Serving from disk cache (5243 ads, 137min old)
[ad-insights] Serving from memory (5981 rows)
[ad-funnel] Serving from memory (1797 rows)
[gc-ad-funnel] Serving from memory (602 rows)
[ads-status] Serving from memory cache (5243 ads)
[FE:ProposalGenerator] getProposals: returned 23 rows
[FE:ProposalGenerator] getProposals: returned 32 rows
[ad-insights] Serving from memory (586 rows)
[ad-funnel] Serving from memory (188 rows)
[ad-insights] Fetching page 2... (500 rows so far)
[ad-insights] Fetching page 3... (1000 rows so far)
[FE:ProposalGenerator] getProposals: returned 23 rows
[FE:ProposalGenerator] getProposals: returned 32 rows
[ad-insights] Fetching page 4... (1500 rows so far)
[ad-funnel] Done. 2984 rows returned. Truncated: false
[ad-insights] Fetching page 5... (2000 rows so far)
[ad-insights] Fetching page 6... (2500 rows so far)
[ad-insights] Fetching page 7... (3000 rows so far)
[roas-tracker] Fetched 0 Meta rows, 2984 funnel rows.
[FE:ProposalGenerator] getProposals: returned 23 rows
[FE:ProposalGenerator] getProposals: returned 32 rows
[FE:ProposalGenerator] getProposals: returned 23 rows
[FE:ProposalGenerator] getProposals: returned 32 rows
[FE:ProposalGenerator] getProposals: returned 23 rows
[FE:ProposalGenerator] getProposals: returned 32 rows
[FE:ProposalGenerator] getProposals: returned 23 rows
[FE:ProposalGenerator] getProposals: returned 32 rows
[FE:ProposalGenerator] getProposals: returned 23 rows
[FE:ProposalGenerator] getProposals: returned 32 rows
[FE:ProposalGenerator] getProposals: returned 23 rows
[FE:ProposalGenerator] getProposals: returned 32 rows
[FE:ProposalGenerator] getProposals: returned 23 rows
[FE:ProposalGenerator] getProposals: returned 32 rows
[FE:ProposalGenerator] getProposals: returned 23 rows
[FE:ProposalGenerator] getProposals: returned 32 rows
[ad-insights] Serving from disk (5981 rows, 230min old)
[ad-funnel] Serving from disk (1797 rows, 108min old)
[ads-status] Serving from memory cache (5243 ads)
[gc-ad-funnel] Serving from memory (602 rows)
[FE:ProposalGenerator] getProposals: returned 23 rows
[FE:ProposalGenerator] getProposals: returned 32 rows
[ad-insights] Serving from disk (586 rows, 230min old)
[ad-funnel] Serving from disk (188 rows, 108min old)
[FE:ProposalGenerator] getProposals: returned 23 rows
[FE:ProposalGenerator] getProposals: returned 32 rows
[ad-insights] Serving from memory (41902 rows)
[ad-funnel] Serving from disk (12152 rows, 102min old)
[ads-status] Serving from memory cache (5243 ads)
[FE:ProposalGenerator] getProposals: returned 23 rows
[FE:ProposalGenerator] getProposals: returned 32 rows
[FE:Scheduler] Starting job: watcher-refresh
[FE:Watcher] Refreshing Meta prediction accuracy...
[FE:Watcher] Meta predictions: 0 processed, 299 skipped
[FE:Watcher] Refreshing Google prediction accuracy...
[FE:Watcher] Google predictions: 0 processed, 0 skipped
[FE:Watcher] Refreshing recommendation tracking...
[FE:Watcher] ci_recommendations not found: no such table: ci_recommendations
[FE:Watcher] Recommendation tracking: 0 processed
[FE:Watcher] Refreshing competitor signal accuracy...
[FE:Watcher] Competitor signals: 0 processed
[FE:Watcher] Full refresh complete: 0 records processed
[FE:Scheduler] Completed job: watcher-refresh (49ms, 1 records)
[FE:Scheduler] Starting job: anomaly-check
[FE:AnomalyDetector] Running all anomaly detection checks...
[FE:AnomalyDetector] No competitor signal data available. Skipping competitor checks.
[FE:AnomalyDetector] All checks complete. 0 new anomalies detected.
[FE:Scheduler] Completed job: anomaly-check (4ms, 0 records)
[FE:Scheduler] Starting job: proposal-generate
[FE:ProposalGenerator] Generating improvement proposals...
[FE:Scheduler] Starting job: knowledge-crawl-all
[FE:KnowledgeCrawler] Crawling Tier 1 (Ad Library data)...
[FE:KnowledgeCrawler] Tier1 CI db scan skipped: no such table: ci_competitor_ads
[FE:KnowledgeCrawler] Tier1 GC db scan skipped: no such table: gc_competitor_ads
[FE:KnowledgeCrawler] Tier 1: 0 new items
[FE:KnowledgeCrawler] Crawling Tier 2 (Financial RSS)...
[FE:KnowledgeCrawler] Crawling RSS: MoneyControl Technicals (https://www.moneycontrol.com/rss/technicals.xml)
[FE:KnowledgeCrawler] MoneyControl Technicals: 0 new, 4 skipped
[FE:KnowledgeCrawler] Crawling RSS: ET Markets (https://economictimes.indiatimes.com/markets/rssfeeds/1977021501.cms)
[FE:ProposalGenerator] Proposal #33: [SCORING_FORMULA_UPDATE] Add prediction confidence cap for cold-start Meta ads
[FE:ProposalGenerator] Proposal #34: [NEW_SIGNAL] Introduce cold-start uncertainty features for Meta creative 
[FE:ProposalGenerator] Proposal #35: [WEIGHT_RECALIBRATION] Downweight sparse high-ROAS neighbors in Meta prediction ens
[FE:ProposalGenerator] Proposal #36: [KNOWLEDGE_PURGE] Deduplicate repeated ad prediction records before training a
[FE:ProposalGenerator] Generated 4 proposals (expire 2026-04-16T12:00:26.943Z)
[FE:Scheduler] Completed job: proposal-generate (26770ms, 1 records)
[FE:ProposalGenerator] getProposals: returned 27 rows
[FE:ProposalGenerator] getProposals: returned 36 rows
[FE:ProposalGenerator] getProposals: returned 27 rows
[FE:ProposalGenerator] getProposals: returned 36 rows
[FE:KnowledgeCrawler] ET Markets: 50 new, 0 skipped
[FE:KnowledgeCrawler] Tier 2: 50 new items
[FE:KnowledgeCrawler] Crawling Tier 3 (Social/Reviews)...
[FE:KnowledgeCrawler] Tier 3: 0 new items
[FE:KnowledgeCrawler] Pending TAXONOMY_EXPANSION proposal already exists
[FE:KnowledgeCrawler] Total crawled: 50 new items
[FE:Scheduler] Completed job: knowledge-crawl-all (148271ms, 1 records)
[FE:ProposalGenerator] getProposals: returned 27 rows
[FE:ProposalGenerator] getProposals: returned 36 rows
[ads-status] Serving from memory cache (5243 ads)
[ad-insights] Serving from disk (12883 rows, 223min old)
[ad-funnel] Serving from disk (3877 rows, 48min old)
[FE:ProposalGenerator] getProposals: returned 27 rows
[FE:ProposalGenerator] getProposals: returned 36 rows
[ad-insights] Serving from memory (41902 rows)
[ads-status] Serving from memory cache (5243 ads)
[ad-funnel] Serving from memory (12152 rows)
[FE:ProposalGenerator] getProposals: returned 27 rows
[FE:ProposalGenerator] getProposals: returned 36 rows
[FE:ProposalGenerator] getProposals: returned 27 rows
[FE:ProposalGenerator] getProposals: returned 36 rows
[ads-status] Serving from memory cache (5243 ads)
[ad-insights] Serving from memory (12883 rows)
[ad-funnel] Serving from memory (3877 rows)
[ad-insights] Serving from memory (5981 rows)
[ad-funnel] Serving from memory (1797 rows)
[ads-status] Serving from memory cache (5243 ads)
[gc-ad-funnel] Serving from disk (602 rows, 37min old)
[FE:ProposalGenerator] getProposals: returned 27 rows
[FE:ProposalGenerator] getProposals: returned 36 rows
[roas-tracker] Starting snapshot. Only test campaign ads with go-live >= 2026-03-10
[ad-insights] Fetching page 1...
[ad-funnel] Running Metabase query...
[FE:ProposalGenerator] getProposals: returned 27 rows
[FE:ProposalGenerator] getProposals: returned 36 rows
[ad-insights] Serving from memory (586 rows)
[ad-funnel] Serving from memory (188 rows)
[ad-insights] Serving from disk (12368 rows, 210min old)
[ad-funnel] Serving from disk (3729 rows, 87min old)
[ads-status] Serving from memory cache (5243 ads)
[ai/analyze] Running AI analysis (prompt length: 113119 chars)...
[ad-insights] Fetching page 2... (500 rows so far)
[ad-insights] Fetching page 3... (1000 rows so far)
[FE:ProposalGenerator] getProposals: returned 27 rows
[FE:ProposalGenerator] getProposals: returned 36 rows
[ad-funnel] Done. 2987 rows returned. Truncated: false
[ad-insights] Fetching page 4... (1500 rows so far)
[ad-insights] Fetching page 5... (2000 rows so far)
[FE:ProposalGenerator] getProposals: returned 27 rows
[FE:ProposalGenerator] getProposals: returned 36 rows
[ad-insights] Fetching page 6... (2500 rows so far)
[ad-insights] Fetching page 7... (3000 rows so far)
[FE:ProposalGenerator] getProposals: returned 27 rows
[FE:ProposalGenerator] getProposals: returned 36 rows
[ai/analyze] Done. Response length: 23072 chars
[ad-insights] Fetching page 8... (3500 rows so far)
[ad-insights] Fetching page 9... (4000 rows so far)
[FE:ProposalGenerator] getProposals: returned 27 rows
[FE:ProposalGenerator] getProposals: returned 36 rows
[ad-insights] Fetching page 10... (4500 rows so far)
[ad-insights] Fetching page 11... (5000 rows so far)
[FE:ProposalGenerator] getProposals: returned 27 rows
[FE:ProposalGenerator] getProposals: returned 36 rows
[ad-insights] Fetching page 12... (5500 rows so far)
[ad-insights] Fetching page 13... (6000 rows so far)
[ad-insights] Fetching page 14... (6500 rows so far)
[FE:ProposalGenerator] getProposals: returned 27 rows
[FE:ProposalGenerator] getProposals: returned 36 rows
[ad-insights] Fetching page 15... (7000 rows so far)
[ad-insights] Fetching page 16... (7500 rows so far)
[ad-insights] Fetching page 17... (8000 rows so far)
[ad-insights] Fetching page 18... (8500 rows so far)
[ad-insights] Fetching page 19... (9000 rows so far)
[ad-insights] Fetching page 20... (9500 rows so far)
[FE:ProposalGenerator] getProposals: returned 27 rows
[FE:ProposalGenerator] getProposals: returned 36 rows
[ad-insights] Done. 20 pages, 9774 total rows.
[ad-insights] Saved to disk: 9774 rows
[roas-tracker] Fetched 7237 Meta rows, 2987 funnel rows.
[roas-tracker] 1696 test campaign rows → 139 ads with go-live >= 2026-03-10 (709 daily rows).
[ads-status] Serving from memory cache (5243 ads)
[roas-tracker] 143 creatives since 2026-03-10 (38 with funnel data).
[roas-tracker] 143 ads since 2026-03-10.
[roas-tracker] Upserted: 0 new, 143 updated. 0 need predictions.
[roas-tracker] Done. {"snapshots":143,"tracked":143,"newAds":0,"updated":143,"predicted":0}
[FE:ProposalGenerator] getProposals: returned 27 rows
[FE:ProposalGenerator] getProposals: returned 36 rows
[FE:ProposalGenerator] getProposals: returned 27 rows
[FE:ProposalGenerator] getProposals: returned 36 rows
[FE:ProposalGenerator] getProposals: returned 27 rows
[FE:ProposalGenerator] getProposals: returned 36 rows
[FE:ProposalGenerator] getProposals: returned 27 rows
[FE:ProposalGenerator] getProposals: returned 36 rows
[FE:ProposalGenerator] getProposals: returned 27 rows
[FE:ProposalGenerator] getProposals: returned 36 rows
[FE:ProposalGenerator] getProposals: returned 27 rows
[FE:ProposalGenerator] getProposals: returned 36 rows
[FE:ProposalGenerator] getProposals: returned 27 rows
[FE:ProposalGenerator] getProposals: returned 36 rows
[FE:ProposalGenerator] getProposals: returned 27 rows
[FE:ProposalGenerator] getProposals: returned 36 rows
[FE:ProposalGenerator] getProposals: returned 27 rows
[FE:ProposalGenerator] getProposals: returned 36 rows
[FE:ProposalGenerator] getProposals: returned 27 rows
[FE:ProposalGenerator] getProposals: returned 36 rows
[FE:Scheduler] Starting job: data-quality-check
[FE:DataQuality] Running audit (2026-03-03 -> 2026-04-02, forceFresh=false)
[ad-insights] Serving from memory (12883 rows)
[ad-funnel] Serving from memory (3877 rows)
[gc-ad-funnel] Serving from memory (602 rows)
[ads-status] Serving from memory cache (5243 ads)
[FE:DataQuality] Audit complete. status=OK findings=14
[FE:Scheduler] Completed job: data-quality-check (1977ms, 14 records)
[FE:ProposalGenerator] getProposals: returned 27 rows
[FE:ProposalGenerator] getProposals: returned 36 rows
[ad-insights] Serving from memory (5981 rows)
[ad-funnel] Serving from memory (1797 rows)
[ads-status] Serving from memory cache (5243 ads)
[gc-ad-funnel] Serving from memory (602 rows)
[ad-insights] Serving from memory (586 rows)
[ad-funnel] Serving from memory (188 rows)
[FE:ProposalGenerator] getProposals: returned 27 rows
[FE:ProposalGenerator] getProposals: returned 36 rows
[FE:ProposalGenerator] getProposals: returned 27 rows
[FE:ProposalGenerator] getProposals: returned 36 rows
[FE:ProposalGenerator] getProposals: returned 27 rows
[FE:ProposalGenerator] getProposals: returned 36 rows
[FE:ProposalGenerator] getProposals: returned 27 rows
[FE:ProposalGenerator] getProposals: returned 36 rows
[FE:ProposalGenerator] getProposals: returned 27 rows
[FE:ProposalGenerator] getProposals: returned 36 rows
[FE:ProposalGenerator] getProposals: returned 27 rows
[FE:ProposalGenerator] getProposals: returned 36 rows
[FE:ProposalGenerator] getProposals: returned 27 rows
[FE:ProposalGenerator] getProposals: returned 36 rows
[FE:ProposalGenerator] getProposals: returned 27 rows
[FE:ProposalGenerator] getProposals: returned 36 rows
[FE:ProposalGenerator] getProposals: returned 27 rows
[FE:ProposalGenerator] getProposals: returned 36 rows
[roas-tracker] Starting snapshot. Only test campaign ads with go-live >= 2026-03-10
[ad-insights] Fetching page 1...
[ad-funnel] Running Metabase query...
[FE:ProposalGenerator] getProposals: returned 27 rows
[FE:ProposalGenerator] getProposals: returned 36 rows
[ad-insights] Fetching page 2... (500 rows so far)
[ad-funnel] Done. 2987 rows returned. Truncated: false
[ai/analyze] Running AI analysis (prompt length: 954 chars)...
[ad-insights] Fetching page 3... (1000 rows so far)
[FE:ProposalGenerator] getProposals: returned 27 rows
[FE:ProposalGenerator] getProposals: returned 36 rows
[ai/analyze] Done. Response length: 1165 chars
[ad-insights] Fetching page 4... (1500 rows so far)
[ad-insights] Fetching page 5... (2000 rows so far)
[FE:ProposalGenerator] getProposals: returned 27 rows
[FE:ProposalGenerator] getProposals: returned 36 rows
[ad-insights] Fetching page 6... (2500 rows so far)
[ai/analyze] Running AI analysis (prompt length: 972 chars)...
[ai/analyze] Done. Response length: 1370 chars
[ad-insights] Fetching page 7... (3000 rows so far)
[FE:ProposalGenerator] getProposals: returned 27 rows
[FE:ProposalGenerator] getProposals: returned 36 rows
[ad-insights] Fetching page 8... (3500 rows so far)
[ad-insights] Serving from memory (5981 rows)
[ad-funnel] Serving from memory (1797 rows)
[ads-status] Serving from memory cache (5243 ads)
[ad-insights] Fetching page 9... (4000 rows so far)
[ad-insights] Serving from memory (586 rows)
[ad-funnel] Serving from memory (188 rows)
[Cache] All caches cleared
[ad-insights] Fetching page 1...
[ad-funnel] Running Metabase query...
[ads-status] Serving from disk cache (5243 ads, 171min old)
[FE:ProposalGenerator] getProposals: returned 27 rows
[FE:ProposalGenerator] getProposals: returned 36 rows
[ad-insights] Fetching page 10... (4500 rows so far)
[ad-insights] Fetching page 2... (500 rows so far)
[ad-insights] Fetching page 11... (5000 rows so far)
[ad-insights] Fetching page 3... (1000 rows so far)
[ad-funnel] Done. 1797 rows returned. Truncated: false
[ad-insights] Fetching page 12... (5500 rows so far)
[ad-insights] Fetching page 4... (1500 rows so far)
[ad-insights] Fetching page 5... (2000 rows so far)
[ad-insights] Fetching page 13... (6000 rows so far)
[FE:ProposalGenerator] getProposals: returned 27 rows
[FE:ProposalGenerator] getProposals: returned 36 rows
[ad-insights] Fetching page 6... (2500 rows so far)
[ad-insights] Fetching page 14... (6500 rows so far)
[ad-insights] Fetching page 7... (3000 rows so far)
[ad-insights] Fetching page 15... (7000 rows so far)
[ad-insights] Fetching page 8... (3500 rows so far)
[FE:ProposalGenerator] getProposals: returned 27 rows
[FE:ProposalGenerator] getProposals: returned 36 rows
[ad-insights] Fetching page 16... (7500 rows so far)
[ad-insights] Fetching page 9... (4000 rows so far)
[ad-insights] Done. 16 pages, 7500 total rows. WARNING: pagination broke — data may be truncated!
[ad-insights] Skipping disk write — pagination broke, data is truncated (7500 rows).
[roas-tracker] Fetched 5421 Meta rows, 2987 funnel rows. WARNING: Meta data is truncated!
[roas-tracker] 1496 test campaign rows → 125 ads with go-live >= 2026-03-10 (577 daily rows).
[ads-status] Serving from memory cache (5243 ads)
[roas-tracker] 143 creatives since 2026-03-10 (15 with funnel data).
[snapshots] Skipped 30 rows with lower spend (partial API data protection)
[roas-tracker] 143 ads since 2026-03-10.
[roas-tracker] Upserted: 0 new, 143 updated. 0 need predictions.
[roas-tracker] Done. {"snapshots":143,"tracked":143,"newAds":0,"updated":143,"predicted":0}
[ad-insights] Fetching page 10... (4500 rows so far)
[FE:ProposalGenerator] getProposals: returned 27 rows
[FE:ProposalGenerator] getProposals: returned 36 rows
[ad-insights] Fetching page 11... (5000 rows so far)
[ad-insights] Fetching page 12... (5500 rows so far)
[ad-insights] Done. 12 pages, 5981 total rows.
[ad-insights] Saved to disk: 5981 rows
[FE:ProposalGenerator] getProposals: returned 27 rows
[FE:ProposalGenerator] getProposals: returned 36 rows
[ad-insights] Fetching page 1...
[ad-funnel] Running Metabase query...
[ad-insights] Fetching page 2... (500 rows so far)
[ad-insights] Done. 2 pages, 607 total rows.
[ad-insights] Saved to disk: 607 rows
[ad-funnel] Done. 196 rows returned. Truncated: false
[FE:ProposalGenerator] getProposals: returned 27 rows
[FE:ProposalGenerator] getProposals: returned 36 rows
[FE:ProposalGenerator] getProposals: returned 27 rows
[FE:ProposalGenerator] getProposals: returned 36 rows
[ad-insights] Serving from memory (5981 rows)
[ad-funnel] Serving from memory (1797 rows)
[ads-status] Serving from memory cache (5243 ads)
[gc-ad-funnel] Serving from disk (602 rows, 57min old)
[ad-insights] Serving from memory (607 rows)
[ad-funnel] Serving from memory (196 rows)
[FE:ProposalGenerator] getProposals: returned 27 rows
[FE:ProposalGenerator] getProposals: returned 36 rows
[gc-ad-funnel] Serving from memory (602 rows)
[ad-insights] Serving from memory (5981 rows)
[ad-funnel] Serving from memory (1797 rows)
[ads-status] Serving from memory cache (5243 ads)
[roas-tracker] Starting snapshot. Only test campaign ads with go-live >= 2026-03-10
[FE:ProposalGenerator] getProposals: returned 27 rows
[ad-funnel] Running Metabase query...
[ad-insights] Fetching page 1...
[FE:ProposalGenerator] getProposals: returned 36 rows
[FE:ProposalGenerator] getProposals: returned 27 rows
[FE:ProposalGenerator] getProposals: returned 36 rows
[ad-insights] Serving from memory (607 rows)
[ad-funnel] Serving from memory (196 rows)
[ad-insights] Fetching page 2... (500 rows so far)
[ad-insights] Fetching page 1...
[ad-funnel] Running Metabase query...
[ads-status] Serving from memory cache (5243 ads)
[ad-funnel] Done. 2987 rows returned. Truncated: false
[ad-insights] Fetching page 3... (1000 rows so far)
[ad-insights] Fetching page 2... (500 rows so far)
[FE:ProposalGenerator] getProposals: returned 27 rows
[FE:ProposalGenerator] getProposals: returned 36 rows
[ad-insights] Fetching page 4... (1500 rows so far)
[ad-insights] Fetching page 3... (1000 rows so far)
[ad-funnel] Done. 3736 rows returned. Truncated: false
[ad-insights] Fetching page 4... (1500 rows so far)
[ad-insights] Fetching page 5... (2000 rows so far)
[ad-insights] Fetching page 5... (2000 rows so far)
[FE:ProposalGenerator] getProposals: returned 27 rows
[FE:ProposalGenerator] getProposals: returned 36 rows
[ad-insights] Fetching page 6... (2500 rows so far)
[ad-insights] Fetching page 6... (2500 rows so far)
[ad-insights] Fetching page 7... (3000 rows so far)
[ad-insights] Fetching page 7... (3000 rows so far)
[ad-insights] Fetching page 8... (3500 rows so far)
[FE:ProposalGenerator] getProposals: returned 27 rows
[FE:ProposalGenerator] getProposals: returned 36 rows
[ad-insights] Fetching page 8... (3500 rows so far)
[ad-insights] Fetching page 9... (4000 rows so far)
[ad-insights] Fetching page 9... (4000 rows so far)
[ad-insights] Fetching page 10... (4500 rows so far)
[ad-insights] Fetching page 10... (4500 rows so far)
[FE:ProposalGenerator] getProposals: returned 27 rows
[FE:ProposalGenerator] getProposals: returned 36 rows
[ad-insights] Fetching page 11... (5000 rows so far)
[ad-insights] Fetching page 11... (5000 rows so far)
[ad-insights] Fetching page 12... (5500 rows so far)
[ad-insights] Fetching page 12... (5500 rows so far)
[ad-insights] Fetching page 13... (6000 rows so far)
[ad-insights] Fetching page 13... (6000 rows so far)
[FE:ProposalGenerator] getProposals: returned 27 rows
[FE:ProposalGenerator] getProposals: returned 36 rows
[ad-insights] Fetching page 14... (6500 rows so far)
[ad-insights] Fetching page 14... (6500 rows so far)
[ad-insights] Fetching page 15... (7000 rows so far)
[ad-insights] Fetching page 15... (7000 rows so far)
[ad-insights] Fetching page 16... (7500 rows so far)
[FE:ProposalGenerator] getProposals: returned 27 rows
[FE:ProposalGenerator] getProposals: returned 36 rows
[ad-insights] Fetching page 16... (7500 rows so far)
[ad-insights] Fetching page 17... (8000 rows so far)
[ad-insights] Fetching page 17... (8000 rows so far)
[ad-insights] Fetching page 18... (8500 rows so far)
[ad-insights] Fetching page 18... (8500 rows so far)
[ad-insights] Fetching page 19... (9000 rows so far)
[ad-insights] Fetching page 20... (9500 rows so far)
[roas-tracker] Starting snapshot. Only test campaign ads with go-live >= 2026-03-10
[ad-funnel] Serving from memory (2987 rows)
[ad-insights] Serving from memory (7500 rows)
[roas-tracker] Fetched 5421 Meta rows, 2987 funnel rows.
[roas-tracker] 1496 test campaign rows → 125 ads with go-live >= 2026-03-10 (577 daily rows).
[ads-status] Serving from memory cache (5243 ads)
[roas-tracker] 143 creatives since 2026-03-10 (15 with funnel data).
[snapshots] Skipped 30 rows with lower spend (partial API data protection)
[roas-tracker] 143 ads since 2026-03-10.
[roas-tracker] Upserted: 0 new, 143 updated. 0 need predictions.
[roas-tracker] Done. {"snapshots":143,"tracked":143,"newAds":0,"updated":143,"predicted":0}
[ad-insights] Fetching page 19... (9000 rows so far)
[FE:ProposalGenerator] getProposals: returned 27 rows
[FE:ProposalGenerator] getProposals: returned 36 rows
[ad-insights] Fetching page 21... (10000 rows so far)
[FE:Scheduler] Starting job: knowledge-crawl-tier1
[FE:KnowledgeCrawler] Pending TAXONOMY_EXPANSION proposal already exists
[FE:KnowledgeCrawler] Total crawled: 0 new items
[FE:Scheduler] Completed job: knowledge-crawl-tier1 (11ms, 1 records)
[AT Scheduler] Starting optimizer-health...
[AT Optimizer] === Starting health check ===
[AT Optimizer] Fetching live ACTIVE Meta adsets...
[AT Optimizer] Error fetching live Meta adsets: Meta API 400: {"error":{"message":"API calls from the server require an appsecret_proof argument","type":"GraphMethodException","code":100,"fbtrace_id":"AdLXqFtRYmMoP_XLZm_reHP"}}
[AT Optimizer] Fetching live ENABLED Google adgroups from local DB (last 7 days)...
[AT Optimizer] Found 17 enabled Google adgroups
[AT Optimizer] Health check complete: 1 flags generated
[AT Scheduler] optimizer-health completed
[GC Scheduler] Starting 6-hour cycle...
[gc/dataFetcher] === Step 1/4: Fetching Metabase adset data ===
[gc/dataFetcher] Fetching Metabase adset performance for last 90 days...
[TrendScanner] Scheduled scan starting...
[TrendScanner] Starting full scrape...
[TrendScanner] Scheduled concept regeneration...
[CompetitorScheduler] 2026-04-02T12:30:00.935Z — Pipeline started
[CompetitorScheduler] 2026-04-02T12:30:00.935Z — fetch — started
[competitor-meta-fetcher] 2026-04-02T12:30:00.935Z Cache still valid for Samco, skipping fetch
[competitor-meta-fetcher] 2026-04-02T12:30:00.937Z Cache still valid for StockGro, skipping fetch
[competitor-meta-fetcher] 2026-04-02T12:30:00.937Z Cache still valid for Sensibull, skipping fetch
[competitor-meta-fetcher] 2026-04-02T12:30:00.937Z Cache still valid for Definedge, skipping fetch
[competitor-meta-fetcher] 2026-04-02T12:30:00.938Z Cache still valid for Weekend Investing, skipping fetch
[competitor-meta-fetcher] 2026-04-02T12:30:00.938Z Cache still valid for Capitalmind, skipping fetch
[competitor-meta-fetcher] 2026-04-02T12:30:00.938Z Cache still valid for Dhan, skipping fetch
[competitor-meta-fetcher] 2026-04-02T12:30:00.938Z Cache still valid for Zerodha, skipping fetch
[competitor-meta-fetcher] 2026-04-02T12:30:00.939Z Cache still valid for Groww, skipping fetch
[competitor-meta-fetcher] 2026-04-02T12:30:00.939Z Cache still valid for Angel One, skipping fetch
[competitor-meta-fetcher] 2026-04-02T12:30:00.939Z Cache still valid for Upstox, skipping fetch
[competitor-meta-fetcher] 2026-04-02T12:30:00.939Z Cache still valid for 5paisa, skipping fetch
[competitor-meta-fetcher] 2026-04-02T12:30:00.940Z Cache still valid for Paytm Money, skipping fetch
[competitor-meta-fetcher] 2026-04-02T12:30:00.940Z fetchAllCompetitorAds complete: 92 total ads from 13 competitors, 0 errors
[competitor-meta-fetcher] 2026-04-02T12:30:00.940Z Univest cache still valid, skipping fetch
[CompetitorScheduler] 2026-04-02T12:30:00.942Z — fetch — done in 7ms, records: 92
[CompetitorScheduler] 2026-04-02T12:30:00.942Z — classify — started
[CompetitorScheduler] 2026-04-02T12:30:00.942Z — classify — done in 0ms, records: 92
[CompetitorScheduler] 2026-04-02T12:30:00.943Z — trends — started
[competitor-trends] Computed trends: 92 ads, 13 competitors, 6 themes
[CompetitorScheduler] 2026-04-02T12:30:00.950Z — trends — done in 7ms, records: 0
[CompetitorScheduler] 2026-04-02T12:30:00.950Z — radar — started
[CompetitorScheduler] 2026-04-02T12:30:02.472Z — radar — done in 1522ms, records: 0
[CompetitorScheduler] 2026-04-02T12:30:02.473Z — Pipeline finished in 1538ms
[ad-insights] Fetching page 20... (9500 rows so far)
[ad-insights] Fetching page 22... (10500 rows so far)
[ad-insights] Done. 20 pages, 9777 total rows.
[ad-insights] Saved to disk: 9777 rows
[roas-tracker] Fetched 7240 Meta rows, 2987 funnel rows.
[roas-tracker] 1696 test campaign rows → 139 ads with go-live >= 2026-03-10 (709 daily rows).
[ads-status] Serving from memory cache (5243 ads)
[roas-tracker] 143 creatives since 2026-03-10 (38 with funnel data).
[roas-tracker] 143 ads since 2026-03-10.
[roas-tracker] Upserted: 0 new, 143 updated. 0 need predictions.
[roas-tracker] Done. {"snapshots":143,"tracked":143,"newAds":0,"updated":143,"predicted":0}
[ad-insights] Fetching page 23... (11000 rows so far)
[TrendScanner] Synthesizing...
[ad-insights] Fetching page 24... (11500 rows so far)
[ad-insights] Fetching page 25... (12000 rows so far)
[FE:ProposalGenerator] getProposals: returned 27 rows
[FE:ProposalGenerator] getProposals: returned 36 rows
[ad-insights] Done. 25 pages, 12388 total rows.
[ad-insights] Saved to disk: 12388 rows
[FE:ProposalGenerator] getProposals: returned 27 rows
[FE:ProposalGenerator] getProposals: returned 36 rows
[TrendScanner] Generating concepts...
[FE:ProposalGenerator] getProposals: returned 27 rows
[FE:ProposalGenerator] getProposals: returned 36 rows
[FE:ProposalGenerator] getProposals: returned 27 rows
[FE:ProposalGenerator] getProposals: returned 36 rows
[ai/analyze] Running AI analysis (prompt length: 112645 chars)...
[FE:ProposalGenerator] getProposals: returned 27 rows
[FE:ProposalGenerator] getProposals: returned 36 rows
[FE:ProposalGenerator] getProposals: returned 27 rows
[FE:ProposalGenerator] getProposals: returned 36 rows
[FE:ProposalGenerator] getProposals: returned 27 rows
[FE:ProposalGenerator] getProposals: returned 36 rows
[ai/analyze] Done. Response length: 32254 chars
[FE:ProposalGenerator] getProposals: returned 27 rows
[FE:ProposalGenerator] getProposals: returned 36 rows
[FE:ProposalGenerator] getProposals: returned 27 rows
[FE:ProposalGenerator] getProposals: returned 36 rows
[FE:ProposalGenerator] getProposals: returned 27 rows
[FE:ProposalGenerator] getProposals: returned 36 rows
[ad-insights] Serving from memory (5981 rows)
[ad-funnel] Serving from memory (1797 rows)
[ads-status] Serving from memory cache (5243 ads)
[gc-ad-funnel] Serving from memory (602 rows)
[ad-insights] Serving from memory (607 rows)
[ad-funnel] Serving from memory (196 rows)
[FE:ProposalGenerator] getProposals: returned 27 rows
[FE:ProposalGenerator] getProposals: returned 36 rows
[FE:ProposalGenerator] getProposals: returned 27 rows
[FE:ProposalGenerator] getProposals: returned 36 rows
[FE:ProposalGenerator] getProposals: returned 27 rows
[FE:ProposalGenerator] getProposals: returned 36 rows
[FE:ProposalGenerator] getProposals: returned 27 rows
[FE:ProposalGenerator] getProposals: returned 36 rows
[FE:ProposalGenerator] getProposals: returned 27 rows
[FE:ProposalGenerator] getProposals: returned 36 rows
[FE:ProposalGenerator] getProposals: returned 27 rows
[FE:ProposalGenerator] getProposals: returned 36 rows
[FE:ProposalGenerator] getProposals: returned 27 rows
[FE:ProposalGenerator] getProposals: returned 36 rows
[FE:ProposalGenerator] getProposals: returned 27 rows
[FE:ProposalGenerator] getProposals: returned 36 rows
[roas-tracker] Starting snapshot. Only test campaign ads with go-live >= 2026-03-10
[ad-insights] Fetching page 1...
[ad-funnel] Running Metabase query...
[ad-insights] Fetching page 2... (500 rows so far)
[ad-insights] Fetching page 3... (1000 rows so far)
[ad-funnel] Done. 2988 rows returned. Truncated: false
[ad-insights] Fetching page 4... (1500 rows so far)
[FE:ProposalGenerator] getProposals: returned 27 rows
[FE:ProposalGenerator] getProposals: returned 36 rows
[ad-insights] Fetching page 5... (2000 rows so far)
[ad-insights] Fetching page 6... (2500 rows so far)
[ad-insights] Fetching page 7... (3000 rows so far)
[ad-insights] Fetching page 8... (3500 rows so far)
[ad-insights] Fetching page 9... (4000 rows so far)
[ad-insights] Fetching page 10... (4500 rows so far)
[FE:ProposalGenerator] getProposals: returned 27 rows
[FE:ProposalGenerator] getProposals: returned 36 rows
[ad-insights] Fetching page 11... (5000 rows so far)
[ad-insights] Fetching page 12... (5500 rows so far)
[ad-insights] Fetching page 13... (6000 rows so far)
[FE:ProposalGenerator] getProposals: returned 27 rows
[FE:ProposalGenerator] getProposals: returned 36 rows
[ad-insights] Fetching page 14... (6500 rows so far)
[ad-insights] Fetching page 15... (7000 rows so far)
[ad-insights] Fetching page 16... (7500 rows so far)
[ad-insights] Fetching page 17... (8000 rows so far)
[ad-insights] Fetching page 18... (8500 rows so far)
[FE:ProposalGenerator] getProposals: returned 27 rows
[FE:ProposalGenerator] getProposals: returned 36 rows
[ad-insights] Fetching page 19... (9000 rows so far)
[ad-insights] Fetching page 20... (9500 rows so far)
[ad-insights] Done. 20 pages, 9778 total rows.
[ad-insights] Saved to disk: 9778 rows
[roas-tracker] Fetched 7241 Meta rows, 2988 funnel rows.
[roas-tracker] 1696 test campaign rows → 139 ads with go-live >= 2026-03-10 (709 daily rows).
[ads-status] Serving from memory cache (5243 ads)
[roas-tracker] 143 creatives since 2026-03-10 (38 with funnel data).
[roas-tracker] 143 ads since 2026-03-10.
[roas-tracker] Upserted: 0 new, 143 updated. 0 need predictions.
[roas-tracker] Done. {"snapshots":143,"tracked":143,"newAds":0,"updated":143,"predicted":0}
[FE:ProposalGenerator] getProposals: returned 27 rows
[FE:ProposalGenerator] getProposals: returned 36 rows
[ad-insights] Serving from memory (5981 rows)
[ad-funnel] Serving from memory (1797 rows)
[ads-status] Serving from memory cache (5243 ads)
[gc-ad-funnel] Serving from memory (602 rows)
[ad-insights] Serving from memory (607 rows)
[ad-funnel] Serving from memory (196 rows)
[FE:ProposalGenerator] getProposals: returned 27 rows
[FE:ProposalGenerator] getProposals: returned 36 rows
[FE:ProposalGenerator] getProposals: returned 27 rows
[FE:ProposalGenerator] getProposals: returned 36 rows
[FE:ProposalGenerator] getProposals: returned 27 rows
[FE:ProposalGenerator] getProposals: returned 36 rows
[FE:ProposalGenerator] getProposals: returned 27 rows
[FE:ProposalGenerator] getProposals: returned 36 rows
[FE:ProposalGenerator] getProposals: returned 27 rows
[FE:ProposalGenerator] getProposals: returned 36 rows
[FE:ProposalGenerator] getProposals: returned 27 rows
[FE:ProposalGenerator] getProposals: returned 36 rows
[FE:ProposalGenerator] getProposals: returned 27 rows
[FE:ProposalGenerator] getProposals: returned 36 rows
[FE:ProposalGenerator] getProposals: returned 27 rows
[FE:ProposalGenerator] getProposals: returned 36 rows
[FE:ProposalGenerator] getProposals: returned 27 rows
[FE:ProposalGenerator] getProposals: returned 36 rows
[FE:ProposalGenerator] getProposals: returned 27 rows
[FE:ProposalGenerator] getProposals: returned 36 rows
[ad-insights] Serving from disk (5981 rows, 32min old)
[ad-funnel] Serving from disk (1797 rows, 33min old)
[ads-status] Serving from memory cache (5243 ads)
[gc-ad-funnel] Serving from disk (602 rows, 88min old)
[ad-insights] Serving from disk (607 rows, 32min old)
[ad-funnel] Serving from disk (196 rows, 32min old)
[FE:ProposalGenerator] getProposals: returned 27 rows
[FE:ProposalGenerator] getProposals: returned 36 rows
[FE:ProposalGenerator] getProposals: returned 27 rows
[FE:ProposalGenerator] getProposals: returned 36 rows
[FE:ProposalGenerator] getProposals: returned 27 rows
[FE:ProposalGenerator] getProposals: returned 36 rows
[FE:ProposalGenerator] getProposals: returned 27 rows
[FE:ProposalGenerator] getProposals: returned 36 rows
[Cache] All caches cleared
[ad-insights] Fetching page 1...
[ad-funnel] Running Metabase query...
[ads-status] Serving from disk cache (5243 ads, 207min old)
[ad-insights] Fetching page 2... (500 rows so far)
[ad-insights] Fetching page 3... (1000 rows so far)
[FE:ProposalGenerator] getProposals: returned 27 rows
[FE:ProposalGenerator] getProposals: returned 36 rows
[ad-funnel] Done. 1797 rows returned. Truncated: false
[ad-insights] Fetching page 4... (1500 rows so far)
[ad-insights] Fetching page 5... (2000 rows so far)
[ad-insights] Fetching page 6... (2500 rows so far)
[FE:ProposalGenerator] getProposals: returned 27 rows
[FE:ProposalGenerator] getProposals: returned 36 rows
[ad-insights] Fetching page 7... (3000 rows so far)
[ad-insights] Fetching page 8... (3500 rows so far)
[FE:Scheduler] Starting job: watcher-refresh
[FE:Watcher] Refreshing Meta prediction accuracy...
[FE:Watcher] Meta predictions: 0 processed, 299 skipped
[FE:Watcher] Refreshing Google prediction accuracy...
[FE:Watcher] Google predictions: 0 processed, 0 skipped
[FE:Watcher] Refreshing recommendation tracking...
[FE:Watcher] ci_recommendations not found: no such table: ci_recommendations
[FE:Watcher] Recommendation tracking: 0 processed
[FE:Watcher] Refreshing competitor signal accuracy...
[FE:Watcher] Competitor signals: 0 processed
[FE:Watcher] Full refresh complete: 0 records processed
[FE:Scheduler] Completed job: watcher-refresh (107ms, 1 records)
[ad-insights] Fetching page 9... (4000 rows so far)
[ad-insights] Fetching page 10... (4500 rows so far)
[ad-insights] Fetching page 11... (5000 rows so far)
[ad-insights] Fetching page 12... (5500 rows so far)
[ad-insights] Done. 12 pages, 5981 total rows.
[ad-insights] Saved to disk: 5981 rows
[FE:ProposalGenerator] getProposals: returned 27 rows
[FE:ProposalGenerator] getProposals: returned 36 rows
[ad-insights] Fetching page 1...
[ad-funnel] Running Metabase query...
[ad-insights] Fetching page 2... (500 rows so far)
[ad-insights] Done. 2 pages, 608 total rows.
[ad-insights] Saved to disk: 608 rows
[ad-funnel] Done. 197 rows returned. Truncated: false
[roas-tracker] Starting snapshot. Only test campaign ads with go-live >= 2026-03-10
[ad-insights] Fetching page 1...
[ad-funnel] Running Metabase query...
[FE:ProposalGenerator] getProposals: returned 27 rows
[FE:ProposalGenerator] getProposals: returned 36 rows
[ad-insights] Fetching page 2... (500 rows so far)
[ad-insights] Fetching page 3... (1000 rows so far)
[ad-funnel] Done. 2988 rows returned. Truncated: false
[ad-insights] Fetching page 4... (1500 rows so far)
[ad-insights] Fetching page 5... (2000 rows so far)
[ad-insights] Fetching page 6... (2500 rows so far)
[FE:ProposalGenerator] getProposals: returned 27 rows
[FE:ProposalGenerator] getProposals: returned 36 rows
[ad-insights] Fetching page 7... (3000 rows so far)
[ad-insights] Fetching page 8... (3500 rows so far)
[ad-insights] Fetching page 9... (4000 rows so far)
[ad-insights] Fetching page 10... (4500 rows so far)
[ad-insights] Fetching page 11... (5000 rows so far)
[ad-insights] Fetching page 12... (5500 rows so far)
[ad-insights] Fetching page 13... (6000 rows so far)
[FE:ProposalGenerator] getProposals: returned 27 rows
[FE:ProposalGenerator] getProposals: returned 36 rows
[ad-insights] Fetching page 14... (6500 rows so far)
[ad-insights] Fetching page 15... (7000 rows so far)
[ad-insights] Fetching page 16... (7500 rows so far)
[ad-insights] Fetching page 17... (8000 rows so far)
[ad-insights] Fetching page 18... (8500 rows so far)
[FE:ProposalGenerator] getProposals: returned 27 rows
[FE:ProposalGenerator] getProposals: returned 36 rows
[ad-insights] Fetching page 19... (9000 rows so far)
[FE:ProposalGenerator] getProposals: returned 27 rows
[FE:ProposalGenerator] getProposals: returned 36 rows
[ad-insights] Fetching page 20... (9500 rows so far)
[ad-insights] Done. 20 pages, 9778 total rows.
[ad-insights] Saved to disk: 9778 rows
[roas-tracker] Fetched 7241 Meta rows, 2988 funnel rows.
[roas-tracker] 1696 test campaign rows → 139 ads with go-live >= 2026-03-10 (709 daily rows).
[ads-status] Serving from memory cache (5243 ads)
[roas-tracker] 143 creatives since 2026-03-10 (38 with funnel data).
[roas-tracker] 143 ads since 2026-03-10.
[roas-tracker] Upserted: 0 new, 143 updated. 0 need predictions.
[roas-tracker] Done. {"snapshots":143,"tracked":143,"newAds":0,"updated":143,"predicted":0}
[FE:ProposalGenerator] getProposals: returned 27 rows
[FE:ProposalGenerator] getProposals: returned 36 rows
[ad-insights] Serving from memory (5981 rows)
[ad-funnel] Serving from memory (1797 rows)
[ads-status] Serving from memory cache (5243 ads)
[FE:ProposalGenerator] getProposals: returned 27 rows
[FE:ProposalGenerator] getProposals: returned 36 rows
[gc-ad-funnel] Serving from disk (602 rows, 98min old)
[ad-insights] Serving from memory (608 rows)
[ad-funnel] Serving from memory (197 rows)
[FE:ProposalGenerator] getProposals: returned 27 rows
[FE:ProposalGenerator] getProposals: returned 36 rows
[FE:ProposalGenerator] getProposals: returned 27 rows
[FE:ProposalGenerator] getProposals: returned 36 rows
[FE:ProposalGenerator] getProposals: returned 27 rows
[FE:ProposalGenerator] getProposals: returned 36 rows
[FE:ProposalGenerator] getProposals: returned 27 rows
[FE:ProposalGenerator] getProposals: returned 36 rows
[FE:ProposalGenerator] getProposals: returned 27 rows
[FE:ProposalGenerator] getProposals: returned 36 rows
[FE:ProposalGenerator] getProposals: returned 27 rows
[FE:ProposalGenerator] getProposals: returned 36 rows
[FE:ProposalGenerator] getProposals: returned 27 rows
[FE:ProposalGenerator] getProposals: returned 36 rows
[FE:ProposalGenerator] getProposals: returned 27 rows
[FE:ProposalGenerator] getProposals: returned 36 rows
[FE:ProposalGenerator] getProposals: returned 27 rows
[FE:ProposalGenerator] getProposals: returned 36 rows
[FE:ProposalGenerator] getProposals: returned 27 rows
[FE:ProposalGenerator] getProposals: returned 36 rows
[FE:ProposalGenerator] getProposals: returned 27 rows
[FE:ProposalGenerator] getProposals: returned 36 rows
[FE:Scheduler] Starting job: data-quality-check
[FE:DataQuality] Running audit (2026-03-03 -> 2026-04-02, forceFresh=false)
[ad-insights] Fetching page 1...
[ad-funnel] Running Metabase query...
[gc-ad-funnel] Serving from memory (602 rows)
[ads-status] Serving from memory cache (5243 ads)
[ad-insights] Fetching page 2... (500 rows so far)
[ad-funnel] Done. 3882 rows returned. Truncated: false
[ad-insights] Fetching page 3... (1000 rows so far)
[ad-insights] Fetching page 4... (1500 rows so far)
[FE:ProposalGenerator] getProposals: returned 27 rows
[FE:ProposalGenerator] getProposals: returned 36 rows
[ad-insights] Fetching page 5... (2000 rows so far)
[ad-insights] Fetching page 6... (2500 rows so far)
[ad-insights] Serving from memory (5981 rows)
[ad-funnel] Serving from memory (1797 rows)
[ads-status] Serving from memory cache (5243 ads)
[gc-ad-funnel] Serving from memory (602 rows)
[ad-insights] Serving from memory (608 rows)
[ad-funnel] Serving from memory (197 rows)
[ad-insights] Fetching page 7... (3000 rows so far)
[ad-insights] Fetching page 8... (3500 rows so far)
[ad-insights] Fetching page 9... (4000 rows so far)
[FE:ProposalGenerator] getProposals: returned 27 rows
[FE:ProposalGenerator] getProposals: returned 36 rows
[ad-insights] Fetching page 10... (4500 rows so far)
[ad-insights] Fetching page 11... (5000 rows so far)
[ad-insights] Fetching page 12... (5500 rows so far)
[ad-insights] Fetching page 13... (6000 rows so far)
[ad-insights] Fetching page 14... (6500 rows so far)
[FE:ProposalGenerator] getProposals: returned 27 rows
[FE:ProposalGenerator] getProposals: returned 36 rows
[ad-insights] Fetching page 15... (7000 rows so far)
[ad-insights] Fetching page 16... (7500 rows so far)
[ad-insights] Fetching page 17... (8000 rows so far)
[ad-insights] Fetching page 18... (8500 rows so far)
[ad-insights] Fetching page 19... (9000 rows so far)
[FE:ProposalGenerator] getProposals: returned 27 rows
[FE:ProposalGenerator] getProposals: returned 36 rows
[ad-insights] Fetching page 20... (9500 rows so far)
[ad-insights] Fetching page 21... (10000 rows so far)
[ad-insights] Fetching page 22... (10500 rows so far)
[ad-insights] Fetching page 23... (11000 rows so far)
[ad-insights] Fetching page 24... (11500 rows so far)
[FE:ProposalGenerator] getProposals: returned 27 rows
[FE:ProposalGenerator] getProposals: returned 36 rows
[ad-insights] Fetching page 25... (12000 rows so far)
[FE:Scheduler] Completed job: data-quality-check (304142ms, 1 records)
[ad-insights] Fetching page 26... (12500 rows so far)
[ad-insights] Done. 26 pages, 12904 total rows.
[ad-insights] Saved to disk: 12904 rows
[FE:ProposalGenerator] getProposals: returned 27 rows
[FE:ProposalGenerator] getProposals: returned 36 rows
[roas-tracker] Starting snapshot. Only test campaign ads with go-live >= 2026-03-10
[ad-funnel] Running Metabase query...
[ad-insights] Fetching page 1...
[FE:ProposalGenerator] getProposals: returned 27 rows
[FE:ProposalGenerator] getProposals: returned 36 rows
[ad-funnel] Done. 2989 rows returned. Truncated: false
[roas-tracker] Fetched 0 Meta rows, 2989 funnel rows.
[FE:ProposalGenerator] getProposals: returned 27 rows
[FE:ProposalGenerator] getProposals: returned 36 rows
[FE:ProposalGenerator] getProposals: returned 27 rows
[FE:ProposalGenerator] getProposals: returned 36 rows
[FE:ProposalGenerator] getProposals: returned 27 rows
[FE:ProposalGenerator] getProposals: returned 36 rows
[FE:ProposalGenerator] getProposals: returned 27 rows
[FE:ProposalGenerator] getProposals: returned 36 rows
[ad-insights] Serving from memory (5981 rows)
[ad-funnel] Serving from memory (1797 rows)
[ads-status] Serving from memory cache (5243 ads)
[ad-insights] Serving from memory (608 rows)
[ad-funnel] Serving from memory (197 rows)
[gc-ad-funnel] Serving from memory (602 rows)
[FE:ProposalGenerator] getProposals: returned 27 rows
[FE:ProposalGenerator] getProposals: returned 36 rows
[FE:ProposalGenerator] getProposals: returned 27 rows
[FE:ProposalGenerator] getProposals: returned 36 rows
[FE:ProposalGenerator] getProposals: returned 27 rows
[FE:ProposalGenerator] getProposals: returned 36 rows
[roas-tracker] Starting snapshot. Only test campaign ads with go-live >= 2026-03-10
[ad-funnel] Serving from memory (2989 rows)
[ad-insights] Serving from memory (9778 rows)
[roas-tracker] Fetched 7241 Meta rows, 2989 funnel rows.
[roas-tracker] 1696 test campaign rows → 139 ads with go-live >= 2026-03-10 (709 daily rows).
[ads-status] Serving from memory cache (5243 ads)
[roas-tracker] 143 creatives since 2026-03-10 (38 with funnel data).
[roas-tracker] 143 ads since 2026-03-10.
[roas-tracker] Upserted: 0 new, 143 updated. 0 need predictions.
[roas-tracker] Done. {"snapshots":143,"tracked":143,"newAds":0,"updated":143,"predicted":0}
[FE:ProposalGenerator] getProposals: returned 27 rows
[FE:ProposalGenerator] getProposals: returned 36 rows
[FE:ProposalGenerator] getProposals: returned 27 rows
[FE:ProposalGenerator] getProposals: returned 36 rows
[FE:ProposalGenerator] getProposals: returned 27 rows
[FE:ProposalGenerator] getProposals: returned 36 rows
[FE:ProposalGenerator] getProposals: returned 27 rows
[FE:ProposalGenerator] getProposals: returned 36 rows
[roas-tracker] Starting snapshot. Only test campaign ads with go-live >= 2026-03-10
[ad-insights] Serving from disk (5981 rows, 36min old)
[gc-ad-funnel] Running Metabase query...
[ad-funnel] Serving from disk (1797 rows, 38min old)
[ads-status] Serving from memory cache (5243 ads)
[ad-insights] Fetching page 1...
[ad-funnel] Running Metabase query...
[FE:ProposalGenerator] getProposals: returned 27 rows
[FE:ProposalGenerator] getProposals: returned 36 rows
[ad-insights] Serving from disk (608 rows, 35min old)
[ad-funnel] Serving from disk (197 rows, 35min old)
[ad-insights] Fetching page 2... (500 rows so far)
[ad-funnel] Done. 2990 rows returned. Truncated: false
[ad-insights] Fetching page 3... (1000 rows so far)
[gc-ad-funnel] Done. 602 rows returned. Truncated: false
[ad-insights] Fetching page 4... (1500 rows so far)
[ad-insights] Fetching page 5... (2000 rows so far)
[ad-insights] Fetching page 6... (2500 rows so far)
[FE:ProposalGenerator] getProposals: returned 27 rows
[FE:ProposalGenerator] getProposals: returned 36 rows
[ad-insights] Fetching page 7... (3000 rows so far)
[ad-insights] Fetching page 8... (3500 rows so far)
[ad-insights] Fetching page 9... (4000 rows so far)
[ad-insights] Fetching page 10... (4500 rows so far)
[ad-insights] Fetching page 11... (5000 rows so far)
[ad-insights] Fetching page 12... (5500 rows so far)
[FE:ProposalGenerator] getProposals: returned 27 rows
[FE:ProposalGenerator] getProposals: returned 36 rows
[ad-insights] Fetching page 13... (6000 rows so far)
[ad-insights] Fetching page 14... (6500 rows so far)
[ad-insights] Fetching page 15... (7000 rows so far)
[ad-insights] Fetching page 16... (7500 rows so far)
[ad-insights] Fetching page 17... (8000 rows so far)
[FE:ProposalGenerator] getProposals: returned 27 rows
[FE:ProposalGenerator] getProposals: returned 36 rows
[ad-insights] Fetching page 18... (8500 rows so far)
[ad-insights] Fetching page 19... (9000 rows so far)
[ad-insights] Fetching page 20... (9500 rows so far)
[ad-insights] Done. 20 pages, 9780 total rows.
[ad-insights] Saved to disk: 9780 rows
[roas-tracker] Fetched 7242 Meta rows, 2990 funnel rows.
[roas-tracker] 1696 test campaign rows → 139 ads with go-live >= 2026-03-10 (709 daily rows).
[ads-status] Serving from memory cache (5243 ads)
[roas-tracker] 143 creatives since 2026-03-10 (38 with funnel data).
[roas-tracker] 143 ads since 2026-03-10.
[roas-tracker] Upserted: 0 new, 143 updated. 0 need predictions.
[roas-tracker] Done. {"snapshots":143,"tracked":143,"newAds":0,"updated":143,"predicted":0}
[FE:ProposalGenerator] getProposals: returned 27 rows
[FE:ProposalGenerator] getProposals: returned 36 rows
[FE:ProposalGenerator] getProposals: returned 27 rows
[FE:ProposalGenerator] getProposals: returned 36 rows
[FE:ProposalGenerator] getProposals: returned 27 rows
[FE:ProposalGenerator] getProposals: returned 36 rows
[ai/analyze] Running AI analysis (prompt length: 1022 chars)...
[ai/analyze] Done. Response length: 1700 chars
[ai/analyze] Running AI analysis (prompt length: 1013 chars)...
[FE:ProposalGenerator] getProposals: returned 27 rows
[FE:ProposalGenerator] getProposals: returned 36 rows
[ai/analyze] Done. Response length: 615 chars
[ai/analyze] Running AI analysis (prompt length: 1024 chars)...
[ai/analyze] Done. Response length: 1844 chars
[FE:ProposalGenerator] getProposals: returned 27 rows
[FE:ProposalGenerator] getProposals: returned 36 rows
[FE:ProposalGenerator] getProposals: returned 27 rows
[FE:ProposalGenerator] getProposals: returned 36 rows
[FE:ProposalGenerator] getProposals: returned 27 rows
[FE:ProposalGenerator] getProposals: returned 36 rows
[FE:ProposalGenerator] getProposals: returned 27 rows
[FE:ProposalGenerator] getProposals: returned 36 rows
[AT Learning] Retrieved 0 patterns for meta.
[ai/analyze] Running AI analysis (prompt length: 964 chars)...
[FE:ProposalGenerator] getProposals: returned 27 rows
[FE:ProposalGenerator] getProposals: returned 36 rows
[ai/analyze] Done. Response length: 1480 chars
[AT Meta Scanner] === Starting full Meta scan (cache-based) ===
[AT Meta Scanner] Loading insights: insights-cache-2026-03-03-2026-04-02.json
[AT Meta Scanner]   12904 insight rows loaded.
[AT Meta Scanner] Loading funnel: funnel-cache-2026-03-03-2026-04-02.json
[AT Meta Scanner]   3882 funnel rows loaded.
[AT Meta Scanner] Loading ads status: found
[AT Meta Scanner]   5243 ad status rows loaded.
[AT Meta Scanner] Aggregating campaigns from insights cache...
[AT Meta Scanner] Campaigns: 28 stored from cache.
[AT Meta Scanner] Aggregating adsets from insights cache...
[AT Meta Scanner] Adsets: 201 stored from cache.
[AT Meta Scanner] Joining funnel data to adsets...
[AT Meta Scanner]   Funnel map has 325 unique campaign+adset keys.
[AT Meta Scanner] Funnel join: 248 matched, 118 unmatched out of 366 adsets.
[AT Meta Scanner] Fetching adset targeting from uploader API...
[AT Meta Scanner]   Attempting targeting fetch for 200 adsets via uploader API...
[AT Meta Scanner]   Uploader not running at http://localhost:4000. Skipping targeting fetch.
[AT Meta Scanner] Targeting fetch: 0 succeeded, 1 errors.
[AT Meta Scanner] === Full scan complete in 0.4s === {"campaigns":28,"adsets":201,"funnelMatched":248,"funnelUnmatched":118,"targetingFetched":0,"insightsFile":"insights-cache-2026-03-03-2026-04-02.json","funnelFile":"funnel-cache-2026-03-03-2026-04-02.json","elapsedSeconds":0.4}
[FE:ProposalGenerator] getProposals: returned 27 rows
[FE:ProposalGenerator] getProposals: returned 27 rows
[AT Learning] Retrieved 0 patterns for meta.
[FE:ApprovalEngine] Batch approving 1 proposals
[FE:ApprovalEngine] Approving proposal #36: "Deduplicate repeated ad prediction records before training and evaluation" (risk: low)
[FE:ApprovalEngine] Applying proposal #36: [KNOWLEDGE_PURGE] Deduplicate repeated ad prediction records before training and evaluation
[FE:ApprovalEngine] Applied proposal #36: Knowledge purge: deactivated 0 sources matching "Deduplicate repeated ad prediction records before training and evaluation"
[FE:ApprovalEngine] Verification scheduled for 2026-04-09T13:45:12.418Z
[FE:ApprovalEngine] Batch complete: 1/1 approved
[FE:ProposalGenerator] getProposals: returned 26 rows
[FE:ProposalGenerator] getProposals: returned 26 rows
[FE:SelfTester] getHypotheses: returned 0 rows
[FE:ProposalGenerator] getProposals: returned 26 rows
[FE:ProposalGenerator] getProposals: returned 26 rows
[ad-insights] Serving from memory (5981 rows)
[ad-funnel] Serving from memory (1797 rows)
[ads-status] Serving from memory cache (5243 ads)
[gc-ad-funnel] Serving from memory (602 rows)
[ad-insights] Serving from memory (608 rows)
[ad-funnel] Serving from memory (197 rows)
[FE:ProposalGenerator] getProposals: returned 26 rows
[AT Learning] Retrieved 0 patterns for meta.
[ad-insights] Serving from memory (5981 rows)
[ad-funnel] Serving from memory (1797 rows)
[ads-status] Serving from memory cache (5243 ads)
[gc-ad-funnel] Serving from memory (602 rows)
[FE:ProposalGenerator] getProposals: returned 26 rows
[FE:ProposalGenerator] getProposals: returned 36 rows
[roas-tracker] Starting snapshot. Only test campaign ads with go-live >= 2026-03-10
[ad-insights] Fetching page 1...
[ad-funnel] Running Metabase query...
[FE:ProposalGenerator] getProposals: returned 26 rows
[FE:ProposalGenerator] getProposals: returned 36 rows
[ad-insights] Serving from memory (608 rows)
[ad-funnel] Serving from memory (197 rows)
[ad-insights] Fetching page 2... (500 rows so far)
[ad-insights] Fetching page 3... (1000 rows so far)
[FE:ProposalGenerator] getProposals: returned 26 rows
[FE:ProposalGenerator] getProposals: returned 36 rows
[ad-insights] Fetching page 4... (1500 rows so far)
[ad-funnel] Done. 2991 rows returned. Truncated: false
[ad-insights] Fetching page 5... (2000 rows so far)
[ad-insights] Fetching page 6... (2500 rows so far)
[FE:ProposalGenerator] getProposals: returned 26 rows
[FE:ProposalGenerator] getProposals: returned 36 rows
[ad-insights] Fetching page 7... (3000 rows so far)
[ad-insights] Fetching page 8... (3500 rows so far)
[FE:ProposalGenerator] getProposals: returned 26 rows
[FE:ProposalGenerator] getProposals: returned 36 rows
[ad-insights] Fetching page 9... (4000 rows so far)
[ad-insights] Fetching page 10... (4500 rows so far)
[ad-insights] Fetching page 11... (5000 rows so far)
[ad-insights] Fetching page 12... (5500 rows so far)
[FE:ProposalGenerator] getProposals: returned 26 rows
[FE:ProposalGenerator] getProposals: returned 36 rows
[ad-insights] Fetching page 13... (6000 rows so far)
[ad-insights] Fetching page 14... (6500 rows so far)
[ad-insights] Fetching page 15... (7000 rows so far)
[FE:ProposalGenerator] getProposals: returned 26 rows
[FE:ProposalGenerator] getProposals: returned 36 rows
[gc-ad-funnel] Serving from memory (602 rows)
[ad-insights] Serving from memory (5981 rows)
[ad-funnel] Serving from memory (1797 rows)
[roas-tracker] Starting snapshot. Only test campaign ads with go-live >= 2026-03-10
[ads-status] Serving from memory cache (5243 ads)
[ad-insights] Fetching page 1...
[ad-funnel] Running Metabase query...
[FE:ProposalGenerator] getProposals: returned 26 rows
[FE:ProposalGenerator] getProposals: returned 36 rows
[FE:ProposalGenerator] getProposals: returned 26 rows
[FE:ProposalGenerator] getProposals: returned 36 rows
[ad-insights] Serving from memory (608 rows)
[ad-funnel] Serving from memory (197 rows)
[ad-insights] Fetching page 16... (7500 rows so far)
[ad-insights] Fetching page 2... (500 rows so far)
[AT Learning] Retrieved 0 patterns for meta.
[AT Meta Scanner] === Starting full Meta scan (cache-based) ===
[AT Meta Scanner] Loading insights: insights-cache-2026-03-03-2026-04-02.json
[AT Meta Scanner]   12904 insight rows loaded.
[AT Meta Scanner] Loading funnel: funnel-cache-2026-03-03-2026-04-02.json
[AT Meta Scanner]   3882 funnel rows loaded.
[AT Meta Scanner] Loading ads status: found
[AT Meta Scanner]   5243 ad status rows loaded.
[AT Meta Scanner] Aggregating campaigns from insights cache...
[AT Meta Scanner] Campaigns: 28 stored from cache.
[AT Meta Scanner] Aggregating adsets from insights cache...
[AT Meta Scanner] Adsets: 201 stored from cache.
[AT Meta Scanner] Joining funnel data to adsets...
[AT Meta Scanner]   Funnel map has 325 unique campaign+adset keys.
[AT Meta Scanner] Funnel join: 248 matched, 118 unmatched out of 366 adsets.
[AT Meta Scanner] Fetching adset targeting from uploader API...
[AT Meta Scanner]   Attempting targeting fetch for 200 adsets via uploader API...
[AT Meta Scanner]   Uploader not running at http://localhost:4000. Skipping targeting fetch.
[AT Meta Scanner] Targeting fetch: 0 succeeded, 1 errors.
[AT Meta Scanner] === Full scan complete in 0.4s === {"campaigns":28,"adsets":201,"funnelMatched":248,"funnelUnmatched":118,"targetingFetched":0,"insightsFile":"insights-cache-2026-03-03-2026-04-02.json","funnelFile":"funnel-cache-2026-03-03-2026-04-02.json","elapsedSeconds":0.4}
[ad-funnel] Done. 2992 rows returned. Truncated: false
[ad-insights] Fetching page 17... (8000 rows so far)
[FE:ProposalGenerator] getProposals: returned 26 rows
[FE:ProposalGenerator] getProposals: returned 36 rows
[ad-insights] Fetching page 3... (1000 rows so far)
[ad-insights] Fetching page 18... (8500 rows so far)
[ad-insights] Fetching page 4... (1500 rows so far)
[ad-insights] Fetching page 1...
[ad-funnel] Running Metabase query...
[ad-insights] Fetching page 19... (9000 rows so far)
[AT Learning] Retrieved 0 patterns for meta.
[ad-insights] Done. 1 pages, 294 total rows.
[ad-insights] Saved to disk: 294 rows
[ad-insights] Fetching page 1...
[ad-funnel] Running Metabase query...
[ads-status] Serving from memory cache (5243 ads)
[ad-insights] Fetching page 5... (2000 rows so far)
[FE:ProposalGenerator] getProposals: returned 26 rows
[FE:ProposalGenerator] getProposals: returned 36 rows
[ad-funnel] Done. 84 rows returned. Truncated: false
[ad-insights] Fetching page 1...
[ad-funnel] Running Metabase query...
[ad-insights] Fetching page 20... (9500 rows so far)
[ad-insights] Fetching page 2... (500 rows so far)
[ad-insights] Done. 20 pages, 9780 total rows.
[ad-insights] Saved to disk: 9780 rows
[roas-tracker] Fetched 7242 Meta rows, 2991 funnel rows.
[roas-tracker] 1696 test campaign rows → 139 ads with go-live >= 2026-03-10 (709 daily rows).
[ads-status] Serving from memory cache (5243 ads)
[ad-insights] Fetching page 6... (2500 rows so far)
[roas-tracker] 143 creatives since 2026-03-10 (38 with funnel data).
[roas-tracker] 143 ads since 2026-03-10.
[roas-tracker] Upserted: 0 new, 143 updated. 0 need predictions.
[roas-tracker] Done. {"snapshots":143,"tracked":143,"newAds":0,"updated":143,"predicted":0}
[ad-insights] Fetching page 2... (500 rows so far)
[ad-funnel] Done. 834 rows returned. Truncated: false
[ad-funnel] Done. 3741 rows returned. Truncated: false
[ad-insights] Fetching page 7... (3000 rows so far)
[ad-insights] Fetching page 3... (1000 rows so far)
[ad-insights] Fetching page 3... (1000 rows so far)
[ad-insights] Fetching page 8... (3500 rows so far)
[FE:ProposalGenerator] getProposals: returned 26 rows
[FE:ProposalGenerator] getProposals: returned 36 rows
[ad-insights] Fetching page 4... (1500 rows so far)
[ad-insights] Fetching page 4... (1500 rows so far)
[ad-insights] Fetching page 9... (4000 rows so far)
[ad-insights] Fetching page 5... (2000 rows so far)
[ad-insights] Fetching page 10... (4500 rows so far)
[ad-insights] Fetching page 5... (2000 rows so far)
[ad-insights] Fetching page 11... (5000 rows so far)
[ad-insights] Done. 5 pages, 2461 total rows.
[ad-insights] Saved to disk: 2461 rows
[ad-insights] Fetching page 1...
[ad-funnel] Running Metabase query...
[FE:ProposalGenerator] getProposals: returned 26 rows
[FE:ProposalGenerator] getProposals: returned 36 rows
[ad-insights] Fetching page 6... (2500 rows so far)
[ad-insights] Fetching page 12... (5500 rows so far)
[ad-insights] Fetching page 2... (500 rows so far)
[ad-funnel] Done. 963 rows returned. Truncated: false
[ad-insights] Fetching page 7... (3000 rows so far)
[ad-insights] Fetching page 13... (6000 rows so far)
[ad-insights] Fetching page 3... (1000 rows so far)
[AT Learning] Retrieved 0 patterns for meta.
[ad-insights] Fetching page 8... (3500 rows so far)
[ad-insights] Fetching page 14... (6500 rows so far)
[ad-insights] Fetching page 4... (1500 rows so far)
[FE:ProposalGenerator] getProposals: returned 26 rows
[FE:ProposalGenerator] getProposals: returned 36 rows
[ad-insights] Fetching page 5... (2000 rows so far)
[ad-insights] Fetching page 15... (7000 rows so far)
[ad-insights] Fetching page 9... (4000 rows so far)
[ad-insights] Fetching page 6... (2500 rows so far)
[ad-insights] Fetching page 16... (7500 rows so far)
[ad-insights] Fetching page 10... (4500 rows so far)
[ad-insights] Fetching page 7... (3000 rows so far)
[ad-insights] Fetching page 17... (8000 rows so far)
[ad-insights] Fetching page 8... (3500 rows so far)
[FE:ProposalGenerator] getProposals: returned 26 rows
[FE:ProposalGenerator] getProposals: returned 36 rows
[ad-insights] Done. 8 pages, 3514 total rows.
[ad-insights] Saved to disk: 3514 rows
[ad-insights] Fetching page 1...
[ad-funnel] Running Metabase query...
[ad-insights] Fetching page 11... (5000 rows so far)
[ad-insights] Fetching page 18... (8500 rows so far)
[ad-insights] Fetching page 2... (500 rows so far)
[ad-insights] Fetching page 12... (5500 rows so far)
[ad-funnel] Done. 872 rows returned. Truncated: false
[ad-insights] Fetching page 19... (9000 rows so far)
[ad-insights] Fetching page 3... (1000 rows so far)
[ad-insights] Fetching page 13... (6000 rows so far)
[FE:ProposalGenerator] getProposals: returned 26 rows
[FE:ProposalGenerator] getProposals: returned 36 rows
[ad-insights] Fetching page 4... (1500 rows so far)
[ad-insights] Fetching page 20... (9500 rows so far)
[ad-insights] Done. 20 pages, 9780 total rows.
[ad-insights] Saved to disk: 9780 rows
[roas-tracker] Fetched 7242 Meta rows, 2992 funnel rows.
[roas-tracker] 1696 test campaign rows → 139 ads with go-live >= 2026-03-10 (709 daily rows).
[ads-status] Serving from memory cache (5243 ads)
[roas-tracker] 143 creatives since 2026-03-10 (38 with funnel data).
[roas-tracker] 143 ads since 2026-03-10.
[roas-tracker] Upserted: 0 new, 143 updated. 0 need predictions.
[roas-tracker] Done. {"snapshots":143,"tracked":143,"newAds":0,"updated":143,"predicted":0}
[ad-insights] Fetching page 14... (6500 rows so far)
[ad-insights] Fetching page 5... (2000 rows so far)
[ad-insights] Fetching page 6... (2500 rows so far)
[ad-insights] Fetching page 15... (7000 rows so far)
[ad-insights] Done. 6 pages, 2673 total rows.
[ad-insights] Saved to disk: 2673 rows
[ad-insights] Fetching page 1...
[ad-funnel] Running Metabase query...
[FE:ProposalGenerator] getProposals: returned 26 rows
[FE:ProposalGenerator] getProposals: returned 36 rows
[ad-insights] Fetching page 2... (500 rows so far)
[ad-insights] Fetching page 16... (7500 rows so far)
[ad-funnel] Done. 854 rows returned. Truncated: false
[ad-insights] Fetching page 3... (1000 rows so far)
[ad-insights] Fetching page 17... (8000 rows so far)
[ad-insights] Serving from memory (5981 rows)
[ad-funnel] Serving from memory (1797 rows)
[roas-tracker] Starting snapshot. Only test campaign ads with go-live >= 2026-03-10
[ads-status] Serving from memory cache (5243 ads)
[ad-funnel] Running Metabase query...
[ad-insights] Fetching page 1...
[gc-ad-funnel] Serving from memory (602 rows)
[ad-insights] Serving from memory (5981 rows)
[ad-funnel] Serving from memory (1797 rows)
[roas-tracker] Starting snapshot. Only test campaign ads with go-live >= 2026-03-10
[ads-status] Serving from memory cache (5243 ads)
[ad-funnel] Running Metabase query...
[ad-insights] Fetching page 1...
[FE:ProposalGenerator] getProposals: returned 26 rows
[FE:ProposalGenerator] getProposals: returned 36 rows
[gc-ad-funnel] Serving from memory (602 rows)
[FE:ProposalGenerator] getProposals: returned 26 rows
[FE:ProposalGenerator] getProposals: returned 36 rows
[ad-insights] Serving from memory (608 rows)
[ad-funnel] Serving from memory (197 rows)
[ad-insights] Fetching page 4... (1500 rows so far)
[ad-insights] Fetching page 1...
[ad-funnel] Serving from memory (3741 rows)
[ads-status] Serving from memory cache (5243 ads)
[ad-insights] Fetching page 18... (8500 rows so far)
[ad-insights] Fetching page 2... (500 rows so far)
[ad-insights] Fetching page 2... (500 rows so far)
[ad-insights] Fetching page 5... (2000 rows so far)
[ad-funnel] Done. 2993 rows returned. Truncated: false
[ad-insights] Fetching page 2... (500 rows so far)
[ad-insights] Fetching page 3... (1000 rows so far)
[ad-funnel] Done. 2993 rows returned. Truncated: false
[ad-insights] Fetching page 6... (2500 rows so far)
[ad-insights] Fetching page 19... (9000 rows so far)
[ad-insights] Fetching page 3... (1000 rows so far)
[ad-insights] Done. 6 pages, 2956 total rows.
[ad-insights] Saved to disk: 2956 rows
[ad-insights] Fetching page 4... (1500 rows so far)
[FE:ProposalGenerator] getProposals: returned 26 rows
[FE:ProposalGenerator] getProposals: returned 36 rows
[ad-insights] Fetching page 3... (1000 rows so far)
[ad-insights] Fetching page 20... (9500 rows so far)
[ad-insights] Fetching page 4... (1500 rows so far)
[ad-insights] Fetching page 5... (2000 rows so far)
[ad-insights] Fetching page 4... (1500 rows so far)
[ad-insights] Fetching page 21... (10000 rows so far)
[ad-insights] Fetching page 5... (2000 rows so far)
[ad-insights] Fetching page 6... (2500 rows so far)
[ad-insights] Fetching page 22... (10500 rows so far)
[ad-insights] Fetching page 5... (2000 rows so far)
[FE:ProposalGenerator] getProposals: returned 26 rows
[FE:ProposalGenerator] getProposals: returned 36 rows
[ad-insights] Fetching page 6... (2500 rows so far)
[ad-insights] Fetching page 7... (3000 rows so far)
[ad-insights] Fetching page 23... (11000 rows so far)
[ad-insights] Fetching page 6... (2500 rows so far)
[ad-insights] Fetching page 7... (3000 rows so far)
[ad-insights] Fetching page 8... (3500 rows so far)
[ad-insights] Fetching page 7... (3000 rows so far)
[ad-insights] Fetching page 24... (11500 rows so far)
[ad-insights] Fetching page 8... (3500 rows so far)
[FE:ProposalGenerator] getProposals: returned 26 rows
[FE:ProposalGenerator] getProposals: returned 36 rows
[ad-insights] Fetching page 9... (4000 rows so far)
[ad-insights] Fetching page 25... (12000 rows so far)
[ad-insights] Fetching page 9... (4000 rows so far)
[ad-insights] Fetching page 8... (3500 rows so far)
[ad-insights] Done. 25 pages, 12391 total rows.
[ad-insights] Saved to disk: 12391 rows
[ad-insights] Fetching page 10... (4500 rows so far)
[ad-insights] Fetching page 10... (4500 rows so far)
[ad-insights] Fetching page 9... (4000 rows so far)
[ad-insights] Fetching page 11... (5000 rows so far)
[ad-insights] Fetching page 11... (5000 rows so far)
[FE:ProposalGenerator] getProposals: returned 26 rows
[FE:ProposalGenerator] getProposals: returned 36 rows
[ad-insights] Fetching page 12... (5500 rows so far)
[ad-insights] Fetching page 10... (4500 rows so far)
[ad-insights] Fetching page 12... (5500 rows so far)
[ad-insights] Fetching page 13... (6000 rows so far)
[ad-insights] Fetching page 11... (5000 rows so far)
[ad-insights] Fetching page 13... (6000 rows so far)
[ad-insights] Fetching page 14... (6500 rows so far)
[ad-insights] Fetching page 12... (5500 rows so far)
[ad-insights] Fetching page 14... (6500 rows so far)
[FE:ProposalGenerator] getProposals: returned 26 rows
[FE:ProposalGenerator] getProposals: returned 36 rows
[ad-insights] Fetching page 15... (7000 rows so far)
[ad-insights] Fetching page 13... (6000 rows so far)
[ad-insights] Fetching page 15... (7000 rows so far)
[ad-insights] Fetching page 16... (7500 rows so far)
[ad-insights] Fetching page 14... (6500 rows so far)
[ad-insights] Fetching page 16... (7500 rows so far)
[ad-insights] Fetching page 17... (8000 rows so far)
[ad-insights] Fetching page 15... (7000 rows so far)
[FE:ProposalGenerator] getProposals: returned 26 rows
[FE:ProposalGenerator] getProposals: returned 36 rows
[ad-insights] Fetching page 18... (8500 rows so far)
[ad-insights] Fetching page 17... (8000 rows so far)
[ad-insights] Fetching page 16... (7500 rows so far)
[ad-insights] Fetching page 19... (9000 rows so far)
[ad-insights] Fetching page 17... (8000 rows so far)
[ad-insights] Fetching page 18... (8500 rows so far)
[ad-insights] Fetching page 20... (9500 rows so far)
[ad-insights] Fetching page 18... (8500 rows so far)
[FE:ProposalGenerator] getProposals: returned 26 rows
[FE:ProposalGenerator] getProposals: returned 36 rows
[ad-insights] Done. 20 pages, 9780 total rows.
[ad-insights] Saved to disk: 9780 rows
[roas-tracker] Fetched 7242 Meta rows, 2993 funnel rows.
[roas-tracker] 1696 test campaign rows → 139 ads with go-live >= 2026-03-10 (709 daily rows).
[ads-status] Serving from memory cache (5243 ads)
[roas-tracker] 143 creatives since 2026-03-10 (38 with funnel data).
[roas-tracker] 143 ads since 2026-03-10.
[roas-tracker] Upserted: 0 new, 143 updated. 0 need predictions.
[roas-tracker] Done. {"snapshots":143,"tracked":143,"newAds":0,"updated":143,"predicted":0}
[ad-insights] Fetching page 19... (9000 rows so far)
[ad-insights] Fetching page 19... (9000 rows so far)
[ad-insights] Fetching page 20... (9500 rows so far)
[ad-insights] Fetching page 20... (9500 rows so far)
[ad-insights] Done. 20 pages, 9780 total rows.
[ad-insights] Saved to disk: 9780 rows
[roas-tracker] Fetched 7242 Meta rows, 2993 funnel rows.
[roas-tracker] 1696 test campaign rows → 139 ads with go-live >= 2026-03-10 (709 daily rows).
[ads-status] Serving from memory cache (5243 ads)
[roas-tracker] 143 creatives since 2026-03-10 (38 with funnel data).
[roas-tracker] 143 ads since 2026-03-10.
[roas-tracker] Upserted: 0 new, 143 updated. 0 need predictions.
[roas-tracker] Done. {"snapshots":143,"tracked":143,"newAds":0,"updated":143,"predicted":0}
[FE:ProposalGenerator] getProposals: returned 26 rows
[FE:ProposalGenerator] getProposals: returned 36 rows
[ad-insights] Fetching page 21... (10000 rows so far)
[ad-insights] Fetching page 22... (10500 rows so far)
[ad-insights] Fetching page 23... (11000 rows so far)
[FE:ProposalGenerator] getProposals: returned 26 rows
[FE:ProposalGenerator] getProposals: returned 36 rows
[ad-insights] Serving from memory (5981 rows)
[ad-funnel] Serving from memory (1797 rows)
[roas-tracker] Starting snapshot. Only test campaign ads with go-live >= 2026-03-10
[ads-status] Serving from memory cache (5243 ads)
[ad-funnel] Running Metabase query...
[ad-insights] Fetching page 1...
[ad-insights] Serving from memory (5981 rows)
[ad-funnel] Serving from memory (1797 rows)
[roas-tracker] Starting snapshot. Only test campaign ads with go-live >= 2026-03-10
[ads-status] Serving from memory cache (5243 ads)
[ad-insights] Fetching page 1...
[ad-funnel] Running Metabase query...
[gc-ad-funnel] Serving from memory (602 rows)
[FE:ProposalGenerator] getProposals: returned 26 rows
[FE:ProposalGenerator] getProposals: returned 36 rows
[FE:ProposalGenerator] getProposals: returned 26 rows
[FE:ProposalGenerator] getProposals: returned 36 rows
[ad-insights] Serving from memory (608 rows)
[ad-funnel] Serving from memory (197 rows)
[ad-insights] Fetching page 24... (11500 rows so far)
[ad-insights] Fetching page 2... (500 rows so far)
[ad-insights] Fetching page 2... (500 rows so far)
[ad-funnel] Done. 2994 rows returned. Truncated: false
[ad-insights] Fetching page 3... (1000 rows so far)
[ad-insights] Fetching page 3... (1000 rows so far)
[ad-insights] Fetching page 25... (12000 rows so far)
[ad-funnel] Done. 2994 rows returned. Truncated: false
[FE:ProposalGenerator] getProposals: returned 26 rows
[FE:ProposalGenerator] getProposals: returned 36 rows
[ad-insights] Fetching page 4... (1500 rows so far)
[ad-insights] Fetching page 4... (1500 rows so far)
[ad-insights] Done. 25 pages, 12391 total rows.
[ad-insights] Saved to disk: 12391 rows
[ad-insights] Fetching page 5... (2000 rows so far)
[ad-insights] Fetching page 5... (2000 rows so far)
[ad-insights] Fetching page 6... (2500 rows so far)
[ad-insights] Fetching page 6... (2500 rows so far)
[FE:ProposalGenerator] getProposals: returned 26 rows
[FE:ProposalGenerator] getProposals: returned 36 rows
[ad-insights] Fetching page 7... (3000 rows so far)
[ad-insights] Fetching page 7... (3000 rows so far)
[ad-insights] Fetching page 8... (3500 rows so far)
[ad-insights] Fetching page 8... (3500 rows so far)
[ad-insights] Fetching page 9... (4000 rows so far)
[ad-insights] Fetching page 9... (4000 rows so far)
[FE:Scheduler] Starting job: watcher-refresh
[FE:Watcher] Refreshing Meta prediction accuracy...
[FE:Watcher] Meta predictions: 0 processed, 299 skipped
[FE:Watcher] Refreshing Google prediction accuracy...
[FE:Watcher] Google predictions: 0 processed, 0 skipped
[FE:Watcher] Refreshing recommendation tracking...
[FE:Watcher] ci_recommendations not found: no such table: ci_recommendations
[FE:Watcher] Recommendation tracking: 0 processed
[FE:Watcher] Refreshing competitor signal accuracy...
[FE:Watcher] Competitor signals: 0 processed
[FE:Watcher] Full refresh complete: 0 records processed
[FE:Scheduler] Completed job: watcher-refresh (97ms, 1 records)
[FE:ProposalGenerator] getProposals: returned 26 rows
[FE:ProposalGenerator] getProposals: returned 36 rows
[ad-insights] Fetching page 10... (4500 rows so far)
[ad-insights] Fetching page 10... (4500 rows so far)
[ad-insights] Fetching page 11... (5000 rows so far)
[ad-insights] Fetching page 11... (5000 rows so far)
[ad-insights] Fetching page 12... (5500 rows so far)
[ad-insights] Fetching page 12... (5500 rows so far)
[ad-insights] Fetching page 13... (6000 rows so far)
[FE:ProposalGenerator] getProposals: returned 26 rows
[FE:ProposalGenerator] getProposals: returned 36 rows
[ad-insights] Fetching page 13... (6000 rows so far)
[ad-insights] Fetching page 14... (6500 rows so far)
[ad-insights] Fetching page 14... (6500 rows so far)
[ad-insights] Fetching page 15... (7000 rows so far)
[ad-insights] Fetching page 15... (7000 rows so far)
[FE:ProposalGenerator] getProposals: returned 26 rows
[FE:ProposalGenerator] getProposals: returned 36 rows
[ad-insights] Fetching page 16... (7500 rows so far)
[ad-insights] Serving from memory (5981 rows)
[ad-funnel] Serving from memory (1797 rows)
[ad-insights] Fetching page 16... (7500 rows so far)
[ad-insights] Fetching page 17... (8000 rows so far)
[ad-insights] Fetching page 17... (8000 rows so far)
[FE:ProposalGenerator] getProposals: returned 26 rows
[FE:ProposalGenerator] getProposals: returned 36 rows
[ad-insights] Fetching page 18... (8500 rows so far)
[ads-status] Done. 9 pages, 4000 ads.
[ad-insights] Serving from memory (608 rows)
[ad-funnel] Serving from memory (197 rows)
[ad-insights] Fetching page 18... (8500 rows so far)
[ad-insights] Fetching page 19... (9000 rows so far)
[ad-insights] Fetching page 19... (9000 rows so far)
[ad-insights] Fetching page 20... (9500 rows so far)
[ad-insights] Fetching page 20... (9500 rows so far)
[FE:ProposalGenerator] getProposals: returned 26 rows
[FE:ProposalGenerator] getProposals: returned 36 rows
[ad-insights] Done. 20 pages, 9780 total rows.
[ad-insights] Saved to disk: 9780 rows
[roas-tracker] Fetched 7242 Meta rows, 2994 funnel rows.
[roas-tracker] 1696 test campaign rows → 139 ads with go-live >= 2026-03-10 (709 daily rows).
[ads-status] Serving from memory cache (4000 ads)
[roas-tracker] 143 creatives since 2026-03-10 (38 with funnel data).
[roas-tracker] 143 ads since 2026-03-10.
[roas-tracker] Upserted: 0 new, 143 updated. 0 need predictions.
[roas-tracker] Done. {"snapshots":143,"tracked":143,"newAds":0,"updated":143,"predicted":0}
[ad-insights] Done. 20 pages, 9780 total rows.
[ad-insights] Saved to disk: 9780 rows
[roas-tracker] Fetched 7242 Meta rows, 2994 funnel rows.
[roas-tracker] 1696 test campaign rows → 139 ads with go-live >= 2026-03-10 (709 daily rows).
[ads-status] Serving from memory cache (4000 ads)
[roas-tracker] 143 creatives since 2026-03-10 (38 with funnel data).
[roas-tracker] 143 ads since 2026-03-10.
[roas-tracker] Upserted: 0 new, 143 updated. 0 need predictions.
[roas-tracker] Done. {"snapshots":143,"tracked":143,"newAds":0,"updated":143,"predicted":0}
[AT Learning] Retrieved 0 patterns for meta.
[FE:ProposalGenerator] getProposals: returned 26 rows
[FE:ProposalGenerator] getProposals: returned 36 rows
[ad-insights] Serving from memory (5981 rows)
[ad-funnel] Serving from memory (1797 rows)
[roas-tracker] Starting snapshot. Only test campaign ads with go-live >= 2026-03-10
[ads-status] Serving from memory cache (4000 ads)
[ad-insights] Fetching page 1...
[ad-funnel] Running Metabase query...
[gc-ad-funnel] Serving from memory (602 rows)
[ad-insights] Serving from memory (5981 rows)
[ad-funnel] Serving from memory (1797 rows)
[roas-tracker] Starting snapshot. Only test campaign ads with go-live >= 2026-03-10
[ads-status] Serving from memory cache (4000 ads)
[ad-funnel] Running Metabase query...
[ad-insights] Fetching page 1...
[ad-insights] Serving from memory (5981 rows)
[ad-funnel] Serving from memory (1797 rows)
[roas-tracker] Starting snapshot. Only test campaign ads with go-live >= 2026-03-10
[ads-status] Serving from memory cache (4000 ads)
[ad-insights] Fetching page 1...
[ad-funnel] Running Metabase query...
[gc-ad-funnel] Serving from memory (602 rows)
[FE:ProposalGenerator] getProposals: returned 26 rows
[FE:ProposalGenerator] getProposals: returned 36 rows
[FE:ProposalGenerator] getProposals: returned 26 rows
[FE:ProposalGenerator] getProposals: returned 36 rows
[ad-insights] Serving from memory (608 rows)
[ad-funnel] Serving from memory (197 rows)
[ad-insights] Fetching page 2... (500 rows so far)
[ad-insights] Fetching page 2... (500 rows so far)
[ad-insights] Fetching page 2... (500 rows so far)
[ad-insights] Fetching page 3... (1000 rows so far)
[ad-insights] Fetching page 3... (1000 rows so far)
[ad-funnel] Done. 2996 rows returned. Truncated: false
[ad-funnel] Done. 2996 rows returned. Truncated: false
[ad-funnel] Done. 2996 rows returned. Truncated: false
[ad-insights] Fetching page 3... (1000 rows so far)
[FE:ProposalGenerator] getProposals: returned 26 rows
[FE:ProposalGenerator] getProposals: returned 36 rows
[ad-insights] Fetching page 4... (1500 rows so far)
[ad-insights] Fetching page 4... (1500 rows so far)
[ad-insights] Fetching page 5... (2000 rows so far)
[ad-insights] Fetching page 4... (1500 rows so far)
[ad-insights] Fetching page 5... (2000 rows so far)
[ad-insights] Fetching page 6... (2500 rows so far)
[ad-insights] Fetching page 6... (2500 rows so far)
[FE:ProposalGenerator] getProposals: returned 26 rows
[FE:ProposalGenerator] getProposals: returned 36 rows
[ad-insights] Fetching page 7... (3000 rows so far)
[ad-insights] Fetching page 5... (2000 rows so far)
[ad-insights] Fetching page 7... (3000 rows so far)
[ad-insights] Fetching page 8... (3500 rows so far)
[ad-insights] Fetching page 6... (2500 rows so far)
[ad-insights] Fetching page 8... (3500 rows so far)
[ad-insights] Fetching page 9... (4000 rows so far)
[ad-insights] Fetching page 9... (4000 rows so far)
[FE:ProposalGenerator] getProposals: returned 26 rows
[FE:ProposalGenerator] getProposals: returned 36 rows
[ad-insights] Fetching page 7... (3000 rows so far)
[ad-insights] Fetching page 10... (4500 rows so far)
[ad-insights] Fetching page 10... (4500 rows so far)
[ad-insights] Fetching page 11... (5000 rows so far)
[ad-insights] Fetching page 8... (3500 rows so far)
[ad-insights] Fetching page 11... (5000 rows so far)
[ad-insights] Fetching page 12... (5500 rows so far)
[ad-insights] Fetching page 9... (4000 rows so far)
[ad-insights] Fetching page 12... (5500 rows so far)
[FE:ProposalGenerator] getProposals: returned 26 rows
[FE:ProposalGenerator] getProposals: returned 36 rows
[ad-insights] Fetching page 13... (6000 rows so far)
[ad-insights] Fetching page 13... (6000 rows so far)
[ad-insights] Fetching page 10... (4500 rows so far)
[ad-insights] Fetching page 14... (6500 rows so far)
[ad-insights] Fetching page 14... (6500 rows so far)
[ad-insights] Fetching page 11... (5000 rows so far)
[ad-insights] Fetching page 15... (7000 rows so far)
[ad-insights] Fetching page 15... (7000 rows so far)
[FE:ProposalGenerator] getProposals: returned 26 rows
[FE:ProposalGenerator] getProposals: returned 36 rows
[ad-insights] Fetching page 16... (7500 rows so far)
[ad-insights] Fetching page 16... (7500 rows so far)
[ad-insights] Fetching page 12... (5500 rows so far)
[ad-insights] Fetching page 17... (8000 rows so far)
[ad-insights] Fetching page 17... (8000 rows so far)
[ad-insights] Fetching page 13... (6000 rows so far)
[ad-insights] Fetching page 18... (8500 rows so far)
[FE:ProposalGenerator] getProposals: returned 26 rows
[FE:ProposalGenerator] getProposals: returned 36 rows
[ad-insights] Fetching page 18... (8500 rows so far)
[ad-insights] Fetching page 14... (6500 rows so far)
[ad-insights] Fetching page 19... (9000 rows so far)
[ad-insights] Serving from memory (5981 rows)
[ad-funnel] Serving from memory (1797 rows)
[roas-tracker] Starting snapshot. Only test campaign ads with go-live >= 2026-03-10
[ads-status] Serving from memory cache (4000 ads)
[ad-insights] Fetching page 1...
[ad-funnel] Running Metabase query...
[gc-ad-funnel] Serving from memory (602 rows)
[FE:ProposalGenerator] getProposals: returned 26 rows
[FE:ProposalGenerator] getProposals: returned 36 rows
[FE:ProposalGenerator] getProposals: returned 26 rows
[FE:ProposalGenerator] getProposals: returned 36 rows
[ad-insights] Serving from memory (608 rows)
[ad-funnel] Serving from memory (197 rows)
[ad-insights] Fetching page 19... (9000 rows so far)
[ad-insights] Fetching page 20... (9500 rows so far)
[ad-insights] Fetching page 15... (7000 rows so far)
[ad-insights] Fetching page 2... (500 rows so far)
[ad-funnel] Done. 0 rows returned. Truncated: false
[ad-insights] Fetching page 20... (9500 rows so far)
[ad-insights] Done. 20 pages, 9780 total rows.
[ad-insights] Saved to disk: 9780 rows
[roas-tracker] Fetched 7242 Meta rows, 2996 funnel rows.
[roas-tracker] 1696 test campaign rows → 139 ads with go-live >= 2026-03-10 (709 daily rows).
[ads-status] Serving from memory cache (4000 ads)
[roas-tracker] 143 creatives since 2026-03-10 (38 with funnel data).
[roas-tracker] 143 ads since 2026-03-10.
[roas-tracker] Upserted: 0 new, 143 updated. 0 need predictions.
[roas-tracker] Done. {"snapshots":143,"tracked":143,"newAds":0,"updated":143,"predicted":0}
[ad-insights] Done. 20 pages, 9780 total rows.
[ad-insights] Saved to disk: 9780 rows
[roas-tracker] Fetched 7242 Meta rows, 2996 funnel rows.
[roas-tracker] 1696 test campaign rows → 139 ads with go-live >= 2026-03-10 (709 daily rows).
[ads-status] Serving from memory cache (4000 ads)
[roas-tracker] 143 creatives since 2026-03-10 (38 with funnel data).
[roas-tracker] 143 ads since 2026-03-10.
[roas-tracker] Upserted: 0 new, 143 updated. 0 need predictions.
[roas-tracker] Done. {"snapshots":143,"tracked":143,"newAds":0,"updated":143,"predicted":0}
[ad-insights] Fetching page 3... (1000 rows so far)
[ad-insights] Fetching page 16... (7500 rows so far)
[FE:ProposalGenerator] getProposals: returned 26 rows
[FE:ProposalGenerator] getProposals: returned 36 rows
[ad-insights] Fetching page 4... (1500 rows so far)
[ad-insights] Fetching page 17... (8000 rows so far)
[AT Learning] Retrieved 0 patterns for meta.
[ai/analyze] Running AI analysis (prompt length: 952 chars)...
[ad-insights] Fetching page 5... (2000 rows so far)
[ad-insights] Fetching page 18... (8500 rows so far)
[ai/analyze] Done. Response length: 1474 chars
[ad-insights] Fetching page 6... (2500 rows so far)
[FE:ProposalGenerator] getProposals: returned 26 rows
[FE:ProposalGenerator] getProposals: returned 36 rows
[ad-insights] Fetching page 19... (9000 rows so far)
[ad-insights] Fetching page 7... (3000 rows so far)
[ad-insights] Fetching page 20... (9500 rows so far)
[ad-insights] Fetching page 8... (3500 rows so far)
[ad-insights] Done. 20 pages, 9780 total rows.
[ad-insights] Saved to disk: 9780 rows
[roas-tracker] Fetched 7242 Meta rows, 2996 funnel rows.
[roas-tracker] 1696 test campaign rows → 139 ads with go-live >= 2026-03-10 (709 daily rows).
[ads-status] Serving from memory cache (4000 ads)
[roas-tracker] 143 creatives since 2026-03-10 (38 with funnel data).
[roas-tracker] 143 ads since 2026-03-10.
[roas-tracker] Upserted: 0 new, 143 updated. 0 need predictions.
[roas-tracker] Done. {"snapshots":143,"tracked":143,"newAds":0,"updated":143,"predicted":0}
[FE:ProposalGenerator] getProposals: returned 26 rows
[FE:ProposalGenerator] getProposals: returned 36 rows
[ad-insights] Fetching page 9... (4000 rows so far)
[ad-insights] Fetching page 10... (4500 rows so far)
[ad-insights] Fetching page 11... (5000 rows so far)
[FE:ProposalGenerator] getProposals: returned 26 rows
[FE:ProposalGenerator] getProposals: returned 36 rows
[ad-insights] Fetching page 12... (5500 rows so far)
[ad-insights] Fetching page 13... (6000 rows so far)
[ad-insights] Fetching page 14... (6500 rows so far)
[FE:ProposalGenerator] getProposals: returned 26 rows
[FE:ProposalGenerator] getProposals: returned 36 rows
[ad-insights] Fetching page 15... (7000 rows so far)
[ad-insights] Fetching page 16... (7500 rows so far)
[FE:ProposalGenerator] getProposals: returned 26 rows
[FE:ProposalGenerator] getProposals: returned 36 rows
[ad-insights] Fetching page 17... (8000 rows so far)
[ad-insights] Fetching page 18... (8500 rows so far)
[ad-insights] Fetching page 19... (9000 rows so far)
[FE:ProposalGenerator] getProposals: returned 26 rows
[FE:ProposalGenerator] getProposals: returned 36 rows
[ad-insights] Fetching page 20... (9500 rows so far)
[ad-insights] Done. 20 pages, 9780 total rows.
[ad-insights] Saved to disk: 9780 rows
[roas-tracker] Fetched 7242 Meta rows, 0 funnel rows.
[roas-tracker] 1696 test campaign rows → 139 ads with go-live >= 2026-03-10 (709 daily rows).
[ads-status] Serving from memory cache (4000 ads)
[roas-tracker] 143 creatives since 2026-03-10 (0 with funnel data).
[roas-tracker] 143 ads since 2026-03-10.
[roas-tracker] Upserted: 0 new, 143 updated. 0 need predictions.
[roas-tracker] Done. {"snapshots":143,"tracked":143,"newAds":0,"updated":143,"predicted":0}
[FE:ProposalGenerator] getProposals: returned 26 rows
[FE:ProposalGenerator] getProposals: returned 36 rows
[ad-insights] Serving from memory (12391 rows)
[ad-funnel] Serving from memory (3741 rows)
[ads-status] Serving from memory cache (4000 ads)
[ai/analyze] Running AI analysis (prompt length: 112630 chars)...
[FE:ProposalGenerator] getProposals: returned 26 rows
[FE:ProposalGenerator] getProposals: returned 36 rows
[FE:ProposalGenerator] getProposals: returned 26 rows
[FE:ProposalGenerator] getProposals: returned 36 rows
[FE:ProposalGenerator] getProposals: returned 26 rows
[FE:ProposalGenerator] getProposals: returned 36 rows
[FE:ProposalGenerator] getProposals: returned 26 rows
[FE:ProposalGenerator] getProposals: returned 36 rows
[FE:ProposalGenerator] getProposals: returned 26 rows
[FE:ProposalGenerator] getProposals: returned 36 rows
[FE:ProposalGenerator] getProposals: returned 26 rows
[FE:ProposalGenerator] getProposals: returned 36 rows
[FE:ProposalGenerator] getProposals: returned 26 rows
[FE:ProposalGenerator] getProposals: returned 36 rows
[ai/analyze] Done. Response length: 35296 chars
[FE:ProposalGenerator] getProposals: returned 26 rows
[FE:ProposalGenerator] getProposals: returned 36 rows
[FE:ProposalGenerator] getProposals: returned 26 rows
[FE:ProposalGenerator] getProposals: returned 36 rows
[FE:Scheduler] Starting job: data-quality-check
[FE:DataQuality] Running audit (2026-03-03 -> 2026-04-02, forceFresh=false)
[ad-insights] Serving from disk (12904 rows, 55min old)
[ad-funnel] Serving from disk (3882 rows, 60min old)
[gc-ad-funnel] Serving from disk (602 rows, 38min old)
[ads-status] Serving from memory cache (4000 ads)
[FE:DataQuality] Audit complete. status=OK findings=14
[FE:Scheduler] Completed job: data-quality-check (1683ms, 14 records)
[FE:ProposalGenerator] getProposals: returned 26 rows
[FE:ProposalGenerator] getProposals: returned 36 rows
[ad-insights] Serving from disk (5981 rows, 75min old)
[ad-funnel] Serving from disk (1797 rows, 77min old)
[ads-status] Serving from memory cache (4000 ads)
[FE:ProposalGenerator] getProposals: returned 26 rows
[FE:ProposalGenerator] getProposals: returned 36 rows
[gc-ad-funnel] Serving from memory (602 rows)
[ad-insights] Serving from disk (608 rows, 74min old)
[ad-funnel] Serving from disk (197 rows, 74min old)
[FE:ProposalGenerator] getProposals: returned 26 rows
[FE:ProposalGenerator] getProposals: returned 36 rows
[FE:ProposalGenerator] getProposals: returned 26 rows
[FE:ProposalGenerator] getProposals: returned 36 rows
[FE:ProposalGenerator] getProposals: returned 26 rows
[FE:ProposalGenerator] getProposals: returned 36 rows
[FE:ProposalGenerator] getProposals: returned 26 rows
[FE:ProposalGenerator] getProposals: returned 36 rows
[FE:ProposalGenerator] getProposals: returned 26 rows
[FE:ProposalGenerator] getProposals: returned 36 rows
[FE:ProposalGenerator] getProposals: returned 26 rows
[FE:ProposalGenerator] getProposals: returned 36 rows
[FE:ProposalGenerator] getProposals: returned 26 rows
[FE:ProposalGenerator] getProposals: returned 36 rows
[FE:ProposalGenerator] getProposals: returned 26 rows
[FE:ProposalGenerator] getProposals: returned 36 rows
[roas-tracker] Starting snapshot. Only test campaign ads with go-live >= 2026-03-10
[ad-insights] Fetching page 1...
[ad-funnel] Running Metabase query...
[FE:ProposalGenerator] getProposals: returned 26 rows
[FE:ProposalGenerator] getProposals: returned 36 rows
[ad-insights] Fetching page 2... (500 rows so far)
[FE:ProposalGenerator] getProposals: returned 26 rows
[FE:ProposalGenerator] getProposals: returned 36 rows
[ad-funnel] Done. 2997 rows returned. Truncated: false
[ad-insights] Fetching page 3... (1000 rows so far)
[ad-insights] Fetching page 4... (1500 rows so far)
[FE:ProposalGenerator] getProposals: returned 26 rows
[FE:ProposalGenerator] getProposals: returned 36 rows
[ad-insights] Fetching page 5... (2000 rows so far)
[ad-insights] Fetching page 6... (2500 rows so far)
[ad-insights] Fetching page 7... (3000 rows so far)
[ad-insights] Serving from memory (5981 rows)
[ad-funnel] Serving from memory (1797 rows)
[ads-status] Serving from memory cache (4000 ads)
[gc-ad-funnel] Serving from memory (602 rows)
[ad-insights] Serving from memory (608 rows)
[ad-funnel] Serving from memory (197 rows)
[ad-insights] Fetching page 8... (3500 rows so far)
[ad-insights] Fetching page 9... (4000 rows so far)
[ad-insights] Fetching page 10... (4500 rows so far)
[ad-insights] Fetching page 11... (5000 rows so far)
[ad-insights] Fetching page 12... (5500 rows so far)
[FE:ProposalGenerator] getProposals: returned 26 rows
[FE:ProposalGenerator] getProposals: returned 36 rows
[ad-insights] Fetching page 13... (6000 rows so far)
[ad-insights] Fetching page 14... (6500 rows so far)
[ad-insights] Fetching page 15... (7000 rows so far)
[ad-insights] Fetching page 16... (7500 rows so far)
[FE:ProposalGenerator] getProposals: returned 26 rows
[FE:ProposalGenerator] getProposals: returned 36 rows
[ad-insights] Fetching page 17... (8000 rows so far)
[FE:ProposalGenerator] getProposals: returned 26 rows
[FE:ProposalGenerator] getProposals: returned 36 rows
[ad-insights] Fetching page 18... (8500 rows so far)
[ad-insights] Fetching page 19... (9000 rows so far)
[ad-insights] Fetching page 20... (9500 rows so far)
[ad-insights] Done. 20 pages, 9781 total rows.
[ad-insights] Saved to disk: 9781 rows
[roas-tracker] Fetched 7243 Meta rows, 2997 funnel rows.
[roas-tracker] 1696 test campaign rows → 139 ads with go-live >= 2026-03-10 (709 daily rows).
[ads-status] Serving from memory cache (4000 ads)
[roas-tracker] 143 creatives since 2026-03-10 (38 with funnel data).
[roas-tracker] 143 ads since 2026-03-10.
[roas-tracker] Upserted: 0 new, 143 updated. 0 need predictions.
[roas-tracker] Done. {"snapshots":143,"tracked":143,"newAds":0,"updated":143,"predicted":0}
[FE:ProposalGenerator] getProposals: returned 26 rows
[FE:ProposalGenerator] getProposals: returned 36 rows
[FE:ProposalGenerator] getProposals: returned 26 rows
[FE:ProposalGenerator] getProposals: returned 36 rows
[FE:ProposalGenerator] getProposals: returned 26 rows
[FE:ProposalGenerator] getProposals: returned 36 rows
[FE:ProposalGenerator] getProposals: returned 26 rows
[FE:ProposalGenerator] getProposals: returned 36 rows
[TrendScanner] Scheduled scan starting...
[TrendScanner] Starting full scrape...
[TrendScanner] Synthesizing...
[FE:ProposalGenerator] getProposals: returned 26 rows
[FE:ProposalGenerator] getProposals: returned 36 rows
[FE:ProposalGenerator] getProposals: returned 26 rows
[FE:ProposalGenerator] getProposals: returned 36 rows
[FE:ProposalGenerator] getProposals: returned 26 rows
[FE:ProposalGenerator] getProposals: returned 36 rows
[FE:ProposalGenerator] getProposals: returned 26 rows
[FE:ProposalGenerator] getProposals: returned 36 rows
[TrendScanner] Generating concepts...
[FE:ProposalGenerator] getProposals: returned 26 rows
[FE:ProposalGenerator] getProposals: returned 36 rows
[FE:ProposalGenerator] getProposals: returned 26 rows
[FE:ProposalGenerator] getProposals: returned 36 rows
[roas-tracker] Starting snapshot. Only test campaign ads with go-live >= 2026-03-10
[ad-insights] Serving from memory (9781 rows)
[ad-funnel] Serving from memory (2997 rows)
[roas-tracker] Fetched 7243 Meta rows, 2997 funnel rows.
[roas-tracker] 1696 test campaign rows → 139 ads with go-live >= 2026-03-10 (709 daily rows).
[roas-tracker] Starting snapshot. Only test campaign ads with go-live >= 2026-03-10
[ad-insights] Serving from memory (5981 rows)
[ad-funnel] Serving from memory (1797 rows)
[ad-insights] Fetching page 1...
[ad-funnel] Running Metabase query...
[ads-status] Serving from memory cache (4000 ads)
[gc-ad-funnel] Serving from memory (602 rows)
[ads-status] Serving from memory cache (4000 ads)
[FE:ProposalGenerator] getProposals: returned 26 rows
[roas-tracker] Fetched 0 Meta rows, 0 funnel rows.
[roas-tracker] 143 creatives since 2026-03-10 (38 with funnel data).
[roas-tracker] 143 ads since 2026-03-10.
[roas-tracker] Upserted: 0 new, 143 updated. 0 need predictions.
[roas-tracker] Done. {"snapshots":143,"tracked":143,"newAds":0,"updated":143,"predicted":0}
[FE:ProposalGenerator] getProposals: returned 36 rows
[FE:ProposalGenerator] getProposals: returned 26 rows
[FE:ProposalGenerator] getProposals: returned 36 rows
[Integrity] Scheduled 6-hour run starting...

============================================================
[Integrity] Running 5 data integrity tests...
============================================================
[roas-tracker] Starting snapshot. Only test campaign ads with go-live >= 2026-03-10
  *** [FAIL] Campaign ID extraction (5ms) — Exception: fetch failed
  *** [FAIL] Campaign ID <-> Meta API match rate (3ms) — Exception: fetch failed
  [PASS] ROAS sanity check (2ms) — 89 ads checked — ROAS values within expected ranges (avg D6: 30.3%)
  [PASS] Revenue window alignment (0ms) — 43 ads checked — all revenue windows correctly ordered (D6 <= D15 <= D30 <= D60 <= Overall)
  *** [FAIL] Adset name normalization (6ms) — Exception: fetch failed
============================================================
[Integrity] Done in 17ms — FAIL (2 pass, 3 fail, 0 warn, 0 skip)
[Integrity] *** FAILURES DETECTED — review data_integrity_results.json ***
============================================================

[ad-insights] Serving from disk (9781 rows, 154min old)
[ad-funnel] Running Metabase query...
[roas-tracker] Fetched 7243 Meta rows, 0 funnel rows.
[roas-tracker] 1696 test campaign rows → 139 ads with go-live >= 2026-03-10 (709 daily rows).
[ads-status] Serving from disk cache (4000 ads, 181min old)
[roas-tracker] 143 creatives since 2026-03-10 (0 with funnel data).
[roas-tracker] 143 ads since 2026-03-10.
[roas-tracker] Upserted: 0 new, 143 updated. 0 need predictions.
[roas-tracker] Done. {"snapshots":143,"tracked":143,"newAds":0,"updated":143,"predicted":0}
[roas-tracker] Starting snapshot. Only test campaign ads with go-live >= 2026-03-10
[Integrity] Scheduled 6-hour run starting...

============================================================
[Integrity] Running 5 data integrity tests...
============================================================
[gc-ad-funnel] Running Metabase query...
[ad-funnel] Running Metabase query...
[ad-insights] Fetching page 1...
[roas-tracker] Starting snapshot. Only test campaign ads with go-live >= 2026-03-10
[ad-funnel] Running Metabase query...
[ad-insights] Fetching page 1...
[FE:ProposalGenerator] getProposals: returned 26 rows
[FE:ProposalGenerator] getProposals: returned 36 rows
[ad-insights] Fetching page 1...
[ad-funnel] Running Metabase query...
  [PASS] Campaign ID extraction (658ms) — All 10 rows have non-empty campaign ID extraction
[gc-insights] 351 rows fetched (2026-03-04 to 2026-04-03)
  [PASS] Campaign ID <-> Meta API match rate (6251ms) — Campaign match rate 100.0% (3/3)
  [WARN] ROAS sanity check (1ms) — WARN: 100.0% of ads (43/43) have null/zero D6 ROAS
  [PASS] Revenue window alignment (2ms) — 43 ads checked — all revenue windows correctly ordered (D6 <= D15 <= D30 <= D60 <= Overall)
[ad-insights] Fetching page 2... (500 rows so far)
[FE:ProposalGenerator] getProposals: returned 26 rows
[FE:ProposalGenerator] getProposals: returned 36 rows
[ad-insights] Fetching page 2... (500 rows so far)
[ad-insights] Fetching page 2... (500 rows so far)
  [PASS] Adset name normalization (7001ms) — Adset name match rate 100.0% (20/20)
============================================================
[Integrity] Done in 13919ms — WARN (4 pass, 0 fail, 1 warn, 0 skip)
============================================================

[ad-insights] Fetching page 3... (1000 rows so far)
[ad-insights] Fetching page 4... (1500 rows so far)
[ad-insights] Fetching page 3... (1000 rows so far)
[ad-funnel] Done. 1770 rows returned. Truncated: false
[ad-funnel] Done. 3060 rows returned. Truncated: false
[ad-funnel] Done. 3060 rows returned. Truncated: false
[gc-ad-funnel] Done. 605 rows returned. Truncated: false
[ad-insights] Fetching page 3... (1000 rows so far)
[ad-insights] Fetching page 5... (2000 rows so far)
[ad-insights] Fetching page 4... (1500 rows so far)
[ad-insights] Fetching page 6... (2500 rows so far)
[ad-insights] Fetching page 4... (1500 rows so far)
[FE:ProposalGenerator] getProposals: returned 26 rows
[FE:ProposalGenerator] getProposals: returned 36 rows
[ad-insights] Fetching page 5... (2000 rows so far)
[ad-insights] Fetching page 7... (3000 rows so far)
[ad-insights] Fetching page 5... (2000 rows so far)
[ad-insights] Fetching page 8... (3500 rows so far)
[ad-insights] Fetching page 6... (2500 rows so far)
[ad-insights] Fetching page 6... (2500 rows so far)
[ad-insights] Fetching page 9... (4000 rows so far)
[ad-insights] Fetching page 7... (3000 rows so far)
[ad-insights] Done. 9 pages, 4000 total rows. WARNING: pagination broke — data may be truncated!
[ad-insights] Skipping disk write — pagination broke, data is truncated (4000 rows).
[ad-insights] Fetching page 7... (3000 rows so far)
[ad-insights] Fetching page 1...
[ad-funnel] Running Metabase query...
[ad-insights] Fetching page 8... (3500 rows so far)
[ad-insights] Fetching page 8... (3500 rows so far)
[ad-insights] Fetching page 2... (500 rows so far)
[ad-insights] Done. 2 pages, 536 total rows.
[ad-insights] Saved to disk: 536 rows
[ad-insights] Fetching page 9... (4000 rows so far)
[ad-insights] Fetching page 9... (4000 rows so far)
[FE:ProposalGenerator] getProposals: returned 26 rows
[FE:ProposalGenerator] getProposals: returned 36 rows
[ad-funnel] Done. 152 rows returned. Truncated: false
[ad-insights] Fetching page 10... (4500 rows so far)
[ad-insights] Fetching page 10... (4500 rows so far)
[ad-insights] Fetching page 11... (5000 rows so far)
[ad-insights] Fetching page 11... (5000 rows so far)
[ad-insights] Fetching page 12... (5500 rows so far)
[ad-insights] Fetching page 13... (6000 rows so far)
[ad-insights] Fetching page 12... (5500 rows so far)
[ad-insights] Fetching page 14... (6500 rows so far)
[ad-insights] Fetching page 13... (6000 rows so far)
[ad-insights] Fetching page 15... (7000 rows so far)
[ad-insights] Fetching page 14... (6500 rows so far)
[FE:ProposalGenerator] getProposals: returned 26 rows
[FE:ProposalGenerator] getProposals: returned 36 rows
[ad-insights] Serving from memory (4000 rows)
[ad-funnel] Serving from memory (1770 rows)
[gc-ad-funnel] Serving from memory (605 rows)
[ads-status] Rate limited — serving stale disk cache (4000 ads)
[ad-insights] Serving from memory (536 rows)
[ad-funnel] Serving from memory (152 rows)
[ad-insights] Fetching page 16... (7500 rows so far)
[ad-insights] Fetching page 15... (7000 rows so far)
[ad-insights] Fetching page 17... (8000 rows so far)
[ad-insights] Fetching page 16... (7500 rows so far)
[ad-insights] Fetching page 18... (8500 rows so far)
[ad-insights] Fetching page 17... (8000 rows so far)
[ad-insights] Fetching page 19... (9000 rows so far)
[ad-insights] Fetching page 18... (8500 rows so far)
[ad-insights] Fetching page 20... (9500 rows so far)
[FE:ProposalGenerator] getProposals: returned 26 rows
[FE:ProposalGenerator] getProposals: returned 36 rows
[ad-insights] Fetching page 19... (9000 rows so far)
[ad-insights] Fetching page 21... (10000 rows so far)
[ad-insights] Done. 21 pages, 10024 total rows.
[ad-insights] Saved to disk: 10024 rows
[roas-tracker] Fetched 7441 Meta rows, 3060 funnel rows.
[roas-tracker] 1699 test campaign rows → 139 ads with go-live >= 2026-03-10 (712 daily rows).
[ads-status] Serving from memory cache (4000 ads)
[roas-tracker] 143 creatives since 2026-03-10 (36 with funnel data).
[roas-tracker] 143 ads since 2026-03-10.
[roas-tracker] Upserted: 0 new, 143 updated. 0 need predictions.
[roas-tracker] Done. {"snapshots":143,"tracked":143,"newAds":0,"updated":143,"predicted":0}
[predictor] AI prediction for FB_MOF_Video_Nishant-Inf-2_V0_010426: D6=9.8%, D30=16.8% (10 similar ads, market: neutral)
[predictor] AI prediction for FB_MOF_Video_Nishant-Inf-1_V0_010426: D6=4.8%, D30=10.8% (10 similar ads, market: neutral)
[ad-insights] Fetching page 20... (9500 rows so far)
[predictor] AI prediction for FB_MOF_Video_Pranit-Crash-3_V0_260326: D6=22.6%, D30=26.4% (10 similar ads, market: neutral)
[predictor] AI prediction for FB_MOF_Video_Vinayak-Inf-2_V0_260326: D6=14.8%, D30=20.4% (10 similar ads, market: neutral)
[FE:ProposalGenerator] getProposals: returned 26 rows
[FE:ProposalGenerator] getProposals: returned 36 rows
[ad-insights] Fetching page 21... (10000 rows so far)
[ad-insights] Done. 21 pages, 10024 total rows.
[ad-insights] Saved to disk: 10024 rows
[roas-tracker] Fetched 7441 Meta rows, 3060 funnel rows.
[roas-tracker] 1699 test campaign rows → 139 ads with go-live >= 2026-03-10 (712 daily rows).
[ads-status] Serving from memory cache (4000 ads)
[roas-tracker] 143 creatives since 2026-03-10 (36 with funnel data).
[roas-tracker] 143 ads since 2026-03-10.
[roas-tracker] Upserted: 0 new, 143 updated. 0 need predictions.
[roas-tracker] Done. {"snapshots":143,"tracked":143,"newAds":0,"updated":143,"predicted":0}
[FE:ProposalGenerator] getProposals: returned 26 rows
[FE:ProposalGenerator] getProposals: returned 36 rows
[FE:ProposalGenerator] getProposals: returned 26 rows
[FE:ProposalGenerator] getProposals: returned 36 rows
[FE:ProposalGenerator] getProposals: returned 26 rows
[FE:ProposalGenerator] getProposals: returned 36 rows
[FE:ProposalGenerator] getProposals: returned 26 rows
[FE:ProposalGenerator] getProposals: returned 36 rows
[FE:ProposalGenerator] getProposals: returned 26 rows
[FE:ProposalGenerator] getProposals: returned 36 rows
[GC Scheduler] Starting 6-hour cycle...
[gc/dataFetcher] === Step 1/4: Fetching Metabase adset data ===
[gc/dataFetcher] Fetching Metabase adset performance for last 90 days...
[GC Scheduler] Starting 12-hour recommendations refresh...
[gcRecommendations] Generating RSA briefs...
[TrendScanner] Scheduled scan starting...
[TrendScanner] Starting full scrape...
[TrendScanner] Scheduled concept regeneration...
[CompetitorScheduler] 2026-04-03T06:30:00.446Z — Pipeline started
[CompetitorScheduler] 2026-04-03T06:30:00.447Z — fetch — started
[competitor-meta-fetcher] 2026-04-03T06:30:00.447Z Fetching ads for competitor: Samco
[CompetitorScheduler] 2026-04-03T06:30:00.450Z — briefs — started
[FE:Scheduler] Starting job: knowledge-crawl-tier1
[FE:KnowledgeCrawler] Pending TAXONOMY_EXPANSION proposal already exists
[FE:KnowledgeCrawler] Total crawled: 0 new items
[FE:Scheduler] Completed job: knowledge-crawl-tier1 (1ms, 1 records)
[AT Scheduler] Starting optimizer-health...
[AT Optimizer] === Starting health check ===
[AT Optimizer] Fetching live ACTIVE Meta adsets...
[AT Scheduler] Starting enrich-meta...
[AT Metabase Enricher] Starting Meta enrichment...
[AT Scheduler] Starting enrich-google...
[AT Metabase Enricher] Starting Google enrichment...
[AT Optimizer] Error fetching live Meta adsets: Meta API 400: {"error":{"message":"API calls from the server require an appsecret_proof argument","type":"GraphMethodException","code":100,"fbtrace_id":"AqlajEOt-kHS4CC2oyFjmud"}}
[AT Optimizer] Fetching live ENABLED Google adgroups from local DB (last 7 days)...
[AT Optimizer] Found 17 enabled Google adgroups
[AT Optimizer] Health check complete: 1 flags generated
[AT Scheduler] optimizer-health completed
[competitor-meta-fetcher] 2026-04-03T06:30:01.060Z FETCH ERROR: {"error":{"message":"Application does not have permission for this action","type":"OAuthException","code":10,"error_subcode":2332002,"is_transient":false,"error_user_title":"Authorisation and login needed","error_user_msg":"To access the API, you'll need to follow the steps at facebook.com/ads/library/api.","fbtrace_id":"ATlmp2upQwDeDGmUaM1M8pq"}}
[competitor-meta-fetcher] 2026-04-03T06:30:01.061Z Failed to fetch ads for Samco: {"error":{"message":"Application does not have permission for this action","type":"OAuthException","code":10,"error_subcode":2332002,"is_transient":false,"error_user_title":"Authorisation and login needed","error_user_msg":"To access the API, you'll need to follow the steps at facebook.com/ads/library/api.","fbtrace_id":"ATlmp2upQwDeDGmUaM1M8pq"}}
[competitor-meta-fetcher] 2026-04-03T06:30:01.563Z Fetching ads for competitor: StockGro
[competitor-meta-fetcher] 2026-04-03T06:30:01.898Z FETCH ERROR: {"error":{"message":"Application does not have permission for this action","type":"OAuthException","code":10,"error_subcode":2332002,"is_transient":false,"error_user_title":"Authorisation and login needed","error_user_msg":"To access the API, you'll need to follow the steps at facebook.com/ads/library/api.","fbtrace_id":"AOPHb6Jguffg8ssPS721wei"}}
[competitor-meta-fetcher] 2026-04-03T06:30:01.907Z Failed to fetch ads for StockGro: {"error":{"message":"Application does not have permission for this action","type":"OAuthException","code":10,"error_subcode":2332002,"is_transient":false,"error_user_title":"Authorisation and login needed","error_user_msg":"To access the API, you'll need to follow the steps at facebook.com/ads/library/api.","fbtrace_id":"AOPHb6Jguffg8ssPS721wei"}}
[competitor-meta-fetcher] 2026-04-03T06:30:02.413Z Fetching ads for competitor: Sensibull
[competitor-meta-fetcher] 2026-04-03T06:30:02.742Z FETCH ERROR: {"error":{"message":"Application does not have permission for this action","type":"OAuthException","code":10,"error_subcode":2332002,"is_transient":false,"error_user_title":"Authorisation and login needed","error_user_msg":"To access the API, you'll need to follow the steps at facebook.com/ads/library/api.","fbtrace_id":"AlECgk4SuXJpEEGAlwy5POG"}}
[competitor-meta-fetcher] 2026-04-03T06:30:02.750Z Failed to fetch ads for Sensibull: {"error":{"message":"Application does not have permission for this action","type":"OAuthException","code":10,"error_subcode":2332002,"is_transient":false,"error_user_title":"Authorisation and login needed","error_user_msg":"To access the API, you'll need to follow the steps at facebook.com/ads/library/api.","fbtrace_id":"AlECgk4SuXJpEEGAlwy5POG"}}
[competitor-meta-fetcher] 2026-04-03T06:30:03.251Z Fetching ads for competitor: Definedge
[competitor-meta-fetcher] 2026-04-03T06:30:03.595Z FETCH ERROR: {"error":{"message":"Application does not have permission for this action","type":"OAuthException","code":10,"error_subcode":2332002,"is_transient":false,"error_user_title":"Authorisation and login needed","error_user_msg":"To access the API, you'll need to follow the steps at facebook.com/ads/library/api.","fbtrace_id":"Az9Z1P7Qv8orL02_-wc-Kkq"}}
[competitor-meta-fetcher] 2026-04-03T06:30:03.605Z Failed to fetch ads for Definedge: {"error":{"message":"Application does not have permission for this action","type":"OAuthException","code":10,"error_subcode":2332002,"is_transient":false,"error_user_title":"Authorisation and login needed","error_user_msg":"To access the API, you'll need to follow the steps at facebook.com/ads/library/api.","fbtrace_id":"Az9Z1P7Qv8orL02_-wc-Kkq"}}
[competitor-meta-fetcher] 2026-04-03T06:30:04.117Z Fetching ads for competitor: Weekend Investing
[competitor-meta-fetcher] 2026-04-03T06:30:04.453Z FETCH ERROR: {"error":{"message":"Application does not have permission for this action","type":"OAuthException","code":10,"error_subcode":2332002,"is_transient":false,"error_user_title":"Authorisation and login needed","error_user_msg":"To access the API, you'll need to follow the steps at facebook.com/ads/library/api.","fbtrace_id":"AtH52tGE3b75R6mkkUuz9qx"}}
[competitor-meta-fetcher] 2026-04-03T06:30:04.453Z Failed to fetch ads for Weekend Investing: {"error":{"message":"Application does not have permission for this action","type":"OAuthException","code":10,"error_subcode":2332002,"is_transient":false,"error_user_title":"Authorisation and login needed","error_user_msg":"To access the API, you'll need to follow the steps at facebook.com/ads/library/api.","fbtrace_id":"AtH52tGE3b75R6mkkUuz9qx"}}
[competitor-meta-fetcher] 2026-04-03T06:30:04.968Z Fetching ads for competitor: Capitalmind
[competitor-meta-fetcher] 2026-04-03T06:30:05.306Z FETCH ERROR: {"error":{"message":"Application does not have permission for this action","type":"OAuthException","code":10,"error_subcode":2332002,"is_transient":false,"error_user_title":"Authorisation and login needed","error_user_msg":"To access the API, you'll need to follow the steps at facebook.com/ads/library/api.","fbtrace_id":"A5MKPmFXt8t4rckPi1sLbRu"}}
[competitor-meta-fetcher] 2026-04-03T06:30:05.307Z Failed to fetch ads for Capitalmind: {"error":{"message":"Application does not have permission for this action","type":"OAuthException","code":10,"error_subcode":2332002,"is_transient":false,"error_user_title":"Authorisation and login needed","error_user_msg":"To access the API, you'll need to follow the steps at facebook.com/ads/library/api.","fbtrace_id":"A5MKPmFXt8t4rckPi1sLbRu"}}
[competitor-meta-fetcher] 2026-04-03T06:30:05.818Z Fetching ads for competitor: Dhan
[competitor-meta-fetcher] 2026-04-03T06:30:06.150Z FETCH ERROR: {"error":{"message":"Application does not have permission for this action","type":"OAuthException","code":10,"error_subcode":2332002,"is_transient":false,"error_user_title":"Authorisation and login needed","error_user_msg":"To access the API, you'll need to follow the steps at facebook.com/ads/library/api.","fbtrace_id":"Azrzps7PDLvGhdfWT92akJ-"}}
[competitor-meta-fetcher] 2026-04-03T06:30:06.150Z Failed to fetch ads for Dhan: {"error":{"message":"Application does not have permission for this action","type":"OAuthException","code":10,"error_subcode":2332002,"is_transient":false,"error_user_title":"Authorisation and login needed","error_user_msg":"To access the API, you'll need to follow the steps at facebook.com/ads/library/api.","fbtrace_id":"Azrzps7PDLvGhdfWT92akJ-"}}
[competitor-meta-fetcher] 2026-04-03T06:30:06.658Z Fetching ads for competitor: Zerodha
[CompetitorScheduler] 2026-04-03T06:30:06.946Z — briefs — done in 6496ms, records: 0
[competitor-meta-fetcher] 2026-04-03T06:30:07.006Z FETCH ERROR: {"error":{"message":"Application does not have permission for this action","type":"OAuthException","code":10,"error_subcode":2332002,"is_transient":false,"error_user_title":"Authorisation and login needed","error_user_msg":"To access the API, you'll need to follow the steps at facebook.com/ads/library/api.","fbtrace_id":"AEY1Upfsqgb-hKWligjJE0K"}}
[competitor-meta-fetcher] 2026-04-03T06:30:07.006Z Failed to fetch ads for Zerodha: {"error":{"message":"Application does not have permission for this action","type":"OAuthException","code":10,"error_subcode":2332002,"is_transient":false,"error_user_title":"Authorisation and login needed","error_user_msg":"To access the API, you'll need to follow the steps at facebook.com/ads/library/api.","fbtrace_id":"AEY1Upfsqgb-hKWligjJE0K"}}
[competitor-meta-fetcher] 2026-04-03T06:30:07.515Z Fetching ads for competitor: Groww
[competitor-meta-fetcher] 2026-04-03T06:30:07.854Z FETCH ERROR: {"error":{"message":"Application does not have permission for this action","type":"OAuthException","code":10,"error_subcode":2332002,"is_transient":false,"error_user_title":"Authorisation and login needed","error_user_msg":"To access the API, you'll need to follow the steps at facebook.com/ads/library/api.","fbtrace_id":"AsW8p4p6dwMQYUPgf7GZ3pB"}}
[competitor-meta-fetcher] 2026-04-03T06:30:07.855Z Failed to fetch ads for Groww: {"error":{"message":"Application does not have permission for this action","type":"OAuthException","code":10,"error_subcode":2332002,"is_transient":false,"error_user_title":"Authorisation and login needed","error_user_msg":"To access the API, you'll need to follow the steps at facebook.com/ads/library/api.","fbtrace_id":"AsW8p4p6dwMQYUPgf7GZ3pB"}}
[competitor-meta-fetcher] 2026-04-03T06:30:08.367Z Fetching ads for competitor: Angel One
[competitor-meta-fetcher] 2026-04-03T06:30:08.697Z FETCH ERROR: {"error":{"message":"Application does not have permission for this action","type":"OAuthException","code":10,"error_subcode":2332002,"is_transient":false,"error_user_title":"Authorisation and login needed","error_user_msg":"To access the API, you'll need to follow the steps at facebook.com/ads/library/api.","fbtrace_id":"AeHxZMUNjSE3qUOTlbQGp1X"}}
[competitor-meta-fetcher] 2026-04-03T06:30:08.707Z Failed to fetch ads for Angel One: {"error":{"message":"Application does not have permission for this action","type":"OAuthException","code":10,"error_subcode":2332002,"is_transient":false,"error_user_title":"Authorisation and login needed","error_user_msg":"To access the API, you'll need to follow the steps at facebook.com/ads/library/api.","fbtrace_id":"AeHxZMUNjSE3qUOTlbQGp1X"}}
[competitor-meta-fetcher] 2026-04-03T06:30:09.217Z Fetching ads for competitor: Upstox
[competitor-meta-fetcher] 2026-04-03T06:30:09.564Z FETCH ERROR: {"error":{"message":"Application does not have permission for this action","type":"OAuthException","code":10,"error_subcode":2332002,"is_transient":false,"error_user_title":"Authorisation and login needed","error_user_msg":"To access the API, you'll need to follow the steps at facebook.com/ads/library/api.","fbtrace_id":"AJdpSAdJWiXHoHL3SDN0MAK"}}
[competitor-meta-fetcher] 2026-04-03T06:30:09.565Z Failed to fetch ads for Upstox: {"error":{"message":"Application does not have permission for this action","type":"OAuthException","code":10,"error_subcode":2332002,"is_transient":false,"error_user_title":"Authorisation and login needed","error_user_msg":"To access the API, you'll need to follow the steps at facebook.com/ads/library/api.","fbtrace_id":"AJdpSAdJWiXHoHL3SDN0MAK"}}
[competitor-meta-fetcher] 2026-04-03T06:30:10.066Z Fetching ads for competitor: 5paisa
[competitor-meta-fetcher] 2026-04-03T06:30:10.392Z FETCH ERROR: {"error":{"message":"Application does not have permission for this action","type":"OAuthException","code":10,"error_subcode":2332002,"is_transient":false,"error_user_title":"Authorisation and login needed","error_user_msg":"To access the API, you'll need to follow the steps at facebook.com/ads/library/api.","fbtrace_id":"AFvC3SVe2JL0xzAGhOMunnm"}}
[competitor-meta-fetcher] 2026-04-03T06:30:10.392Z Failed to fetch ads for 5paisa: {"error":{"message":"Application does not have permission for this action","type":"OAuthException","code":10,"error_subcode":2332002,"is_transient":false,"error_user_title":"Authorisation and login needed","error_user_msg":"To access the API, you'll need to follow the steps at facebook.com/ads/library/api.","fbtrace_id":"AFvC3SVe2JL0xzAGhOMunnm"}}
[competitor-meta-fetcher] 2026-04-03T06:30:10.900Z Fetching ads for competitor: Paytm Money
[competitor-meta-fetcher] 2026-04-03T06:30:11.225Z FETCH ERROR: {"error":{"message":"Application does not have permission for this action","type":"OAuthException","code":10,"error_subcode":2332002,"is_transient":false,"error_user_title":"Authorisation and login needed","error_user_msg":"To access the API, you'll need to follow the steps at facebook.com/ads/library/api.","fbtrace_id":"AUXWtf6PaCgXogPsIVxLgmp"}}
[competitor-meta-fetcher] 2026-04-03T06:30:11.227Z Failed to fetch ads for Paytm Money: {"error":{"message":"Application does not have permission for this action","type":"OAuthException","code":10,"error_subcode":2332002,"is_transient":false,"error_user_title":"Authorisation and login needed","error_user_msg":"To access the API, you'll need to follow the steps at facebook.com/ads/library/api.","fbtrace_id":"AUXWtf6PaCgXogPsIVxLgmp"}}
[competitor-meta-fetcher] 2026-04-03T06:30:11.733Z API returned no ads — seeding cache with demo data for pipeline to work
[competitor-meta-fetcher] 2026-04-03T06:30:11.736Z fetchAllCompetitorAds complete: 92 total ads from 13 competitors, 13 errors (DEMO DATA)
[competitor-meta-fetcher] 2026-04-03T06:30:11.737Z Univest cache still valid, skipping fetch
[CompetitorScheduler] 2026-04-03T06:30:11.740Z — fetch — done in 11293ms, records: 92
[CompetitorScheduler] 2026-04-03T06:30:11.740Z — classify — started
[CompetitorScheduler] 2026-04-03T06:30:11.741Z — classify — done in 1ms, records: 92
[CompetitorScheduler] 2026-04-03T06:30:11.742Z — trends — started
[competitor-trends] Computed trends: 92 ads, 13 competitors, 6 themes
[CompetitorScheduler] 2026-04-03T06:30:11.746Z — trends — done in 4ms, records: 0
[CompetitorScheduler] 2026-04-03T06:30:11.747Z — radar — started
[CompetitorScheduler] 2026-04-03T06:30:12.539Z — radar — done in 792ms, records: 0
[CompetitorScheduler] 2026-04-03T06:30:12.549Z — Pipeline finished in 12102ms
[gcRecommendations] Stored 3 RSA briefs
[gcRecommendations] Generating VIDEO briefs...
[FE:ProposalGenerator] getProposals: returned 26 rows
[FE:ProposalGenerator] getProposals: returned 36 rows
[gcRecommendations] Stored 2 VIDEO briefs
[gcRecommendations] Generating PMAX briefs...
[TrendScanner] Synthesizing...
[gcRecommendations] Stored 2 PMAX briefs
[GC Scheduler] Recommendations refresh complete.
[FE:ProposalGenerator] getProposals: returned 26 rows
[FE:ProposalGenerator] getProposals: returned 36 rows
[TrendScanner] Generating concepts...
[FE:ProposalGenerator] getProposals: returned 26 rows
[FE:ProposalGenerator] getProposals: returned 36 rows
[FE:ProposalGenerator] getProposals: returned 26 rows
[FE:ProposalGenerator] getProposals: returned 36 rows
[FE:ProposalGenerator] getProposals: returned 26 rows
[FE:ProposalGenerator] getProposals: returned 36 rows
[FE:ProposalGenerator] getProposals: returned 26 rows
[FE:ProposalGenerator] getProposals: returned 36 rows
[FE:ProposalGenerator] getProposals: returned 26 rows
[FE:ProposalGenerator] getProposals: returned 36 rows
[FE:ProposalGenerator] getProposals: returned 26 rows
[FE:ProposalGenerator] getProposals: returned 36 rows
[FE:ProposalGenerator] getProposals: returned 26 rows
[FE:ProposalGenerator] getProposals: returned 36 rows
[ad-insights] Serving from memory (4000 rows)
[ad-funnel] Serving from memory (1770 rows)
[ads-status] Serving from memory cache (4000 ads)
[ad-insights] Serving from memory (536 rows)
[ad-funnel] Serving from memory (152 rows)
[gc-ad-funnel] Serving from memory (605 rows)
[FE:ProposalGenerator] getProposals: returned 26 rows
[FE:ProposalGenerator] getProposals: returned 36 rows
[FE:ProposalGenerator] getProposals: returned 26 rows
[FE:ProposalGenerator] getProposals: returned 36 rows
[FE:ProposalGenerator] getProposals: returned 26 rows
[FE:ProposalGenerator] getProposals: returned 36 rows
[FE:ProposalGenerator] getProposals: returned 26 rows
[FE:ProposalGenerator] getProposals: returned 36 rows
[FE:ProposalGenerator] getProposals: returned 26 rows
[FE:ProposalGenerator] getProposals: returned 36 rows
[roas-tracker] Starting snapshot. Only test campaign ads with go-live >= 2026-03-10
[ad-funnel] Running Metabase query...
[ad-insights] Fetching page 1...
[FE:ProposalGenerator] getProposals: returned 26 rows
[FE:ProposalGenerator] getProposals: returned 36 rows
[ad-insights] Fetching page 2... (500 rows so far)
[ad-insights] Fetching page 3... (1000 rows so far)
[ad-funnel] Done. 3063 rows returned. Truncated: false
[ad-insights] Fetching page 4... (1500 rows so far)
[FE:ProposalGenerator] getProposals: returned 26 rows
[FE:ProposalGenerator] getProposals: returned 36 rows
[ad-insights] Fetching page 5... (2000 rows so far)
[ad-insights] Fetching page 6... (2500 rows so far)
[ad-insights] Fetching page 7... (3000 rows so far)
[ad-insights] Fetching page 8... (3500 rows so far)
[ad-insights] Fetching page 9... (4000 rows so far)
[ad-insights] Fetching page 10... (4500 rows so far)
[FE:ProposalGenerator] getProposals: returned 26 rows
[FE:ProposalGenerator] getProposals: returned 36 rows
[ad-insights] Fetching page 11... (5000 rows so far)
[ad-insights] Fetching page 12... (5500 rows so far)
[ad-insights] Fetching page 13... (6000 rows so far)
[ad-insights] Fetching page 14... (6500 rows so far)
[ad-insights] Fetching page 15... (7000 rows so far)
[ad-insights] Fetching page 16... (7500 rows so far)
[ad-insights] Fetching page 17... (8000 rows so far)
[FE:ProposalGenerator] getProposals: returned 26 rows
[FE:ProposalGenerator] getProposals: returned 36 rows
[ad-insights] Fetching page 18... (8500 rows so far)
[ad-insights] Fetching page 19... (9000 rows so far)
[ad-insights] Fetching page 20... (9500 rows so far)
[ad-insights] Fetching page 21... (10000 rows so far)
[ad-insights] Done. 21 pages, 10026 total rows.
[ad-insights] Saved to disk: 10026 rows
[roas-tracker] Fetched 7443 Meta rows, 3063 funnel rows.
[roas-tracker] 1699 test campaign rows → 139 ads with go-live >= 2026-03-10 (712 daily rows).
[ads-status] Serving from memory cache (4000 ads)
[roas-tracker] 143 creatives since 2026-03-10 (36 with funnel data).
[roas-tracker] 143 ads since 2026-03-10.
[roas-tracker] Upserted: 0 new, 143 updated. 0 need predictions.
[roas-tracker] Done. {"snapshots":143,"tracked":143,"newAds":0,"updated":143,"predicted":0}
[FE:ProposalGenerator] getProposals: returned 26 rows
[FE:ProposalGenerator] getProposals: returned 36 rows
[FE:ProposalGenerator] getProposals: returned 26 rows
[FE:ProposalGenerator] getProposals: returned 36 rows
[ad-insights] Serving from memory (4000 rows)
[ad-funnel] Serving from memory (1770 rows)
[ads-status] Serving from memory cache (4000 ads)
[FE:ProposalGenerator] getProposals: returned 26 rows
[FE:ProposalGenerator] getProposals: returned 36 rows
[gc-ad-funnel] Serving from memory (605 rows)
[ad-insights] Serving from memory (536 rows)
[ad-funnel] Serving from memory (152 rows)
[FE:ProposalGenerator] getProposals: returned 26 rows
[FE:ProposalGenerator] getProposals: returned 36 rows
[FE:ProposalGenerator] getProposals: returned 26 rows
[FE:ProposalGenerator] getProposals: returned 36 rows
[FE:ProposalGenerator] getProposals: returned 26 rows
[FE:ProposalGenerator] getProposals: returned 36 rows
[FE:ProposalGenerator] getProposals: returned 26 rows
[FE:ProposalGenerator] getProposals: returned 36 rows
[FE:ProposalGenerator] getProposals: returned 26 rows
[FE:ProposalGenerator] getProposals: returned 36 rows
[FE:ProposalGenerator] getProposals: returned 26 rows
[FE:ProposalGenerator] getProposals: returned 36 rows
[FE:ProposalGenerator] getProposals: returned 26 rows
[FE:ProposalGenerator] getProposals: returned 36 rows
[FE:ProposalGenerator] getProposals: returned 26 rows
[FE:ProposalGenerator] getProposals: returned 36 rows
[FE:ProposalGenerator] getProposals: returned 26 rows
[FE:ProposalGenerator] getProposals: returned 36 rows
[FE:ProposalGenerator] getProposals: returned 26 rows
[FE:ProposalGenerator] getProposals: returned 36 rows
[FE:ProposalGenerator] getProposals: returned 26 rows
[FE:ProposalGenerator] getProposals: returned 36 rows
[FE:ProposalGenerator] getProposals: returned 26 rows
[FE:ProposalGenerator] getProposals: returned 36 rows
[FE:ProposalGenerator] getProposals: returned 26 rows
[FE:ProposalGenerator] getProposals: returned 36 rows
[ad-insights] Fetching page 1...
[ad-funnel] Serving from disk (1770 rows, 32min old)
[ads-status] Serving from memory cache (4000 ads)
[FE:ProposalGenerator] getProposals: returned 26 rows
[FE:ProposalGenerator] getProposals: returned 36 rows
[gc-ad-funnel] Serving from disk (605 rows, 32min old)
[ad-insights] Fetching page 2... (500 rows so far)
[ad-insights] Fetching page 3... (1000 rows so far)
[FE:ProposalGenerator] getProposals: returned 26 rows
[FE:ProposalGenerator] getProposals: returned 26 rows
[ad-insights] Fetching page 4... (1500 rows so far)
[ad-insights] Fetching page 5... (2000 rows so far)
[ad-insights] Fetching page 6... (2500 rows so far)
[FE:ProposalGenerator] getProposals: returned 26 rows
[ad-insights] Fetching page 7... (3000 rows so far)
[ad-insights] Fetching page 8... (3500 rows so far)
[FE:ProposalGenerator] getProposals: returned 26 rows
[ad-insights] Fetching page 9... (4000 rows so far)
[ad-insights] Fetching page 10... (4500 rows so far)
[ad-insights] Fetching page 11... (5000 rows so far)
[FE:ProposalGenerator] getProposals: returned 26 rows
[ad-insights] Fetching page 12... (5500 rows so far)
[ad-insights] Done. 12 pages, 5797 total rows.
[ad-insights] Saved to disk: 5797 rows
[ad-insights] Serving from disk (536 rows, 33min old)
[ad-funnel] Serving from disk (152 rows, 33min old)
[FE:ProposalGenerator] getProposals: returned 26 rows
[FE:ProposalGenerator] getProposals: returned 26 rows
[FE:Scheduler] Starting job: watcher-refresh
[FE:Watcher] Refreshing Meta prediction accuracy...
[FE:Watcher] Meta predictions: 0 processed, 299 skipped
[FE:Watcher] Refreshing Google prediction accuracy...
[FE:Watcher] Google predictions: 0 processed, 0 skipped
[FE:Watcher] Refreshing recommendation tracking...
[FE:Watcher] ci_recommendations not found: no such table: ci_recommendations
[FE:Watcher] Recommendation tracking: 3 processed
[FE:Watcher] Refreshing competitor signal accuracy...
[FE:Watcher] Competitor signals: 0 processed
[FE:Watcher] Full refresh complete: 3 records processed
[FE:Scheduler] Completed job: watcher-refresh (93ms, 1 records)
[FE:ProposalGenerator] getProposals: returned 26 rows
[roas-tracker] Starting snapshot. Only test campaign ads with go-live >= 2026-03-10
[ad-funnel] Running Metabase query...
[ad-insights] Fetching page 1...
[FE:ProposalGenerator] getProposals: returned 26 rows
[ad-insights] Fetching page 2... (500 rows so far)
[ad-funnel] Done. 3063 rows returned. Truncated: false
[ad-insights] Fetching page 3... (1000 rows so far)
[ad-insights] Fetching page 4... (1500 rows so far)
[ad-insights] Fetching page 5... (2000 rows so far)
[FE:ProposalGenerator] getProposals: returned 26 rows
[ad-insights] Fetching page 6... (2500 rows so far)
[ad-insights] Fetching page 7... (3000 rows so far)
[FE:ProposalGenerator] getProposals: returned 26 rows
[ad-insights] Fetching page 8... (3500 rows so far)
[ad-insights] Fetching page 9... (4000 rows so far)
[ad-insights] Fetching page 10... (4500 rows so far)
[FE:ProposalGenerator] getProposals: returned 26 rows
[ad-insights] Fetching page 11... (5000 rows so far)
[ad-insights] Fetching page 12... (5500 rows so far)
[ad-insights] Fetching page 13... (6000 rows so far)
[ad-insights] Fetching page 14... (6500 rows so far)
[ad-insights] Fetching page 15... (7000 rows so far)
[FE:ProposalGenerator] getProposals: returned 26 rows
[ad-insights] Fetching page 16... (7500 rows so far)
[ad-insights] Fetching page 17... (8000 rows so far)
[ad-insights] Fetching page 18... (8500 rows so far)
[ad-insights] Fetching page 19... (9000 rows so far)
[FE:ProposalGenerator] getProposals: returned 26 rows
[ad-insights] Serving from memory (5797 rows)
[ad-funnel] Serving from memory (1770 rows)
[ads-status] Serving from memory cache (4000 ads)
[ad-insights] Serving from memory (536 rows)
[ad-funnel] Serving from memory (152 rows)
[ad-insights] Fetching page 20... (9500 rows so far)
[ad-insights] Fetching page 21... (10000 rows so far)
[ad-insights] Done. 21 pages, 10040 total rows.
[ad-insights] Saved to disk: 10040 rows
[roas-tracker] Fetched 7444 Meta rows, 3063 funnel rows.
[roas-tracker] 1699 test campaign rows → 139 ads with go-live >= 2026-03-10 (712 daily rows).
[ads-status] Serving from memory cache (4000 ads)
[roas-tracker] 143 creatives since 2026-03-10 (36 with funnel data).
[roas-tracker] 143 ads since 2026-03-10.
[roas-tracker] Upserted: 0 new, 143 updated. 0 need predictions.
[roas-tracker] Done. {"snapshots":143,"tracked":143,"newAds":0,"updated":143,"predicted":0}
[gc-ad-funnel] Serving from memory (605 rows)
[FE:ProposalGenerator] getProposals: returned 26 rows
[FE:ProposalGenerator] getProposals: returned 26 rows
[FE:ProposalGenerator] getProposals: returned 26 rows
[FE:ProposalGenerator] getProposals: returned 26 rows
[FE:ProposalGenerator] getProposals: returned 26 rows
[FE:ProposalGenerator] getProposals: returned 26 rows
[FE:ProposalGenerator] getProposals: returned 26 rows
[FE:ProposalGenerator] getProposals: returned 26 rows
[ad-insights] Serving from memory (5797 rows)
[ad-funnel] Serving from memory (1770 rows)
[gc-ad-funnel] Serving from memory (605 rows)
[ads-status] Serving from memory cache (4000 ads)
[FE:ProposalGenerator] getProposals: returned 26 rows
[FE:ProposalGenerator] getProposals: returned 36 rows
[roas-tracker] Starting snapshot. Only test campaign ads with go-live >= 2026-03-10
[ad-funnel] Running Metabase query...
[ad-insights] Fetching page 1...
[FE:ProposalGenerator] getProposals: returned 26 rows
[FE:ProposalGenerator] getProposals: returned 36 rows
[ad-insights] Serving from memory (536 rows)
[ad-funnel] Serving from memory (152 rows)
[ad-insights] Fetching page 2... (500 rows so far)
[ad-insights] Fetching page 3... (1000 rows so far)
[ad-funnel] Done. 3063 rows returned. Truncated: false
[FE:ProposalGenerator] getProposals: returned 26 rows
[FE:ProposalGenerator] getProposals: returned 36 rows
[ad-insights] Fetching page 4... (1500 rows so far)
[ad-insights] Fetching page 5... (2000 rows so far)
[FE:ProposalGenerator] getProposals: returned 26 rows
[FE:ProposalGenerator] getProposals: returned 36 rows
[ad-insights] Fetching page 6... (2500 rows so far)
[ad-insights] Fetching page 7... (3000 rows so far)
[ad-insights] Fetching page 8... (3500 rows so far)
[FE:ProposalGenerator] getProposals: returned 26 rows
[FE:ProposalGenerator] getProposals: returned 36 rows
[ad-insights] Fetching page 9... (4000 rows so far)
[ad-insights] Fetching page 10... (4500 rows so far)
[FE:ProposalGenerator] getProposals: returned 26 rows
[FE:ProposalGenerator] getProposals: returned 36 rows
[ad-insights] Fetching page 11... (5000 rows so far)
[ad-insights] Fetching page 12... (5500 rows so far)
[ad-insights] Fetching page 13... (6000 rows so far)
[FE:ProposalGenerator] getProposals: returned 26 rows
[FE:ProposalGenerator] getProposals: returned 36 rows
[ad-insights] Fetching page 14... (6500 rows so far)
[ad-insights] Fetching page 15... (7000 rows so far)
[FE:Scheduler] Starting job: data-quality-check
[FE:DataQuality] Running audit (2026-03-04 -> 2026-04-03, forceFresh=false)
[ad-insights] Fetching page 1...
[ad-funnel] Running Metabase query...
[gc-ad-funnel] Serving from memory (605 rows)
[ads-status] Serving from memory cache (4000 ads)
[FE:ProposalGenerator] getProposals: returned 26 rows
[FE:ProposalGenerator] getProposals: returned 36 rows
[ad-insights] Fetching page 2... (500 rows so far)
[ad-insights] Fetching page 16... (7500 rows so far)
[ad-insights] Fetching page 3... (1000 rows so far)
[ad-funnel] Done. 3812 rows returned. Truncated: false
[ad-insights] Fetching page 17... (8000 rows so far)
[ad-insights] Fetching page 4... (1500 rows so far)
[FE:ProposalGenerator] getProposals: returned 26 rows
[FE:ProposalGenerator] getProposals: returned 36 rows
[ad-insights] Fetching page 18... (8500 rows so far)
[ad-insights] Fetching page 5... (2000 rows so far)
[ad-insights] Fetching page 6... (2500 rows so far)
[ad-insights] Fetching page 19... (9000 rows so far)
[ad-insights] Fetching page 7... (3000 rows so far)
[ad-insights] Fetching page 20... (9500 rows so far)
[ad-insights] Fetching page 8... (3500 rows so far)
[ad-insights] Fetching page 21... (10000 rows so far)
[ad-insights] Done. 21 pages, 10041 total rows.
[ad-insights] Saved to disk: 10041 rows
[roas-tracker] Fetched 7445 Meta rows, 3063 funnel rows.
[roas-tracker] 1699 test campaign rows → 139 ads with go-live >= 2026-03-10 (712 daily rows).
[ads-status] Serving from memory cache (4000 ads)
[roas-tracker] 143 creatives since 2026-03-10 (36 with funnel data).
[roas-tracker] 143 ads since 2026-03-10.
[roas-tracker] Upserted: 0 new, 143 updated. 0 need predictions.
[roas-tracker] Done. {"snapshots":143,"tracked":143,"newAds":0,"updated":143,"predicted":0}
[ad-insights] Fetching page 9... (4000 rows so far)
[ad-insights] Fetching page 10... (4500 rows so far)
[FE:ProposalGenerator] getProposals: returned 26 rows
[FE:ProposalGenerator] getProposals: returned 36 rows
[ad-insights] Fetching page 11... (5000 rows so far)
[ad-insights] Serving from memory (5797 rows)
[ad-funnel] Serving from memory (1770 rows)
[gc-ad-funnel] Serving from memory (605 rows)
[ads-status] Serving from memory cache (4000 ads)
[roas-tracker] Starting snapshot. Only test campaign ads with go-live >= 2026-03-10
[ad-insights] Fetching page 1...
[ad-funnel] Running Metabase query...
[FE:ProposalGenerator] getProposals: returned 26 rows
[FE:ProposalGenerator] getProposals: returned 36 rows
[FE:ProposalGenerator] getProposals: returned 26 rows
[FE:ProposalGenerator] getProposals: returned 36 rows
[ad-insights] Serving from memory (536 rows)
[ad-funnel] Serving from memory (152 rows)
[ad-insights] Fetching page 12... (5500 rows so far)
[ad-insights] Fetching page 2... (500 rows so far)
[ad-insights] Fetching page 13... (6000 rows so far)
[ad-funnel] Done. 3063 rows returned. Truncated: false
[ad-insights] Fetching page 3... (1000 rows so far)
[ad-insights] Fetching page 4... (1500 rows so far)
[ad-insights] Fetching page 14... (6500 rows so far)
[FE:ProposalGenerator] getProposals: returned 26 rows
[FE:ProposalGenerator] getProposals: returned 36 rows
[ad-insights] Fetching page 5... (2000 rows so far)
[ad-insights] Fetching page 15... (7000 rows so far)
[ad-insights] Fetching page 6... (2500 rows so far)
[ad-insights] Fetching page 16... (7500 rows so far)
[ad-insights] Fetching page 7... (3000 rows so far)
[FE:ProposalGenerator] getProposals: returned 26 rows
[FE:ProposalGenerator] getProposals: returned 36 rows
[ad-insights] Fetching page 8... (3500 rows so far)
[ad-insights] Fetching page 17... (8000 rows so far)
[ad-insights] Fetching page 9... (4000 rows so far)
[ad-insights] Fetching page 18... (8500 rows so far)
[ad-insights] Fetching page 10... (4500 rows so far)
[FE:ProposalGenerator] getProposals: returned 26 rows
[FE:ProposalGenerator] getProposals: returned 36 rows
[ad-insights] Fetching page 11... (5000 rows so far)
[ad-insights] Fetching page 19... (9000 rows so far)
[ad-insights] Fetching page 12... (5500 rows so far)
[ad-insights] Fetching page 20... (9500 rows so far)
[ad-insights] Fetching page 13... (6000 rows so far)
[ad-insights] Fetching page 21... (10000 rows so far)
[ad-insights] Fetching page 14... (6500 rows so far)
[FE:ProposalGenerator] getProposals: returned 26 rows
[FE:ProposalGenerator] getProposals: returned 36 rows
[ad-insights] Fetching page 15... (7000 rows so far)
[ad-insights] Fetching page 22... (10500 rows so far)
[ad-insights] Fetching page 16... (7500 rows so far)
[ad-insights] Fetching page 23... (11000 rows so far)
[FE:ProposalGenerator] getProposals: returned 26 rows
[FE:ProposalGenerator] getProposals: returned 36 rows
[ad-insights] Fetching page 17... (8000 rows so far)
[ad-insights] Fetching page 18... (8500 rows so far)
[ad-insights] Fetching page 24... (11500 rows so far)
[ad-insights] Fetching page 19... (9000 rows so far)
[FE:ProposalGenerator] getProposals: returned 26 rows
[FE:ProposalGenerator] getProposals: returned 36 rows
[ad-insights] Fetching page 25... (12000 rows so far)
[ad-insights] Fetching page 20... (9500 rows so far)
[FE:Scheduler] Completed job: data-quality-check (305880ms, 1 records)
[ad-insights] Fetching page 21... (10000 rows so far)
[ad-insights] Fetching page 26... (12500 rows so far)
[ad-insights] Done. 21 pages, 10041 total rows.
[ad-insights] Saved to disk: 10041 rows
[roas-tracker] Fetched 7445 Meta rows, 3063 funnel rows.
[roas-tracker] 1699 test campaign rows → 139 ads with go-live >= 2026-03-10 (712 daily rows).
[ads-status] Serving from memory cache (4000 ads)
[roas-tracker] 143 creatives since 2026-03-10 (36 with funnel data).
[roas-tracker] 143 ads since 2026-03-10.
[roas-tracker] Upserted: 0 new, 143 updated. 0 need predictions.
[roas-tracker] Done. {"snapshots":143,"tracked":143,"newAds":0,"updated":143,"predicted":0}
[ad-insights] Done. 26 pages, 12648 total rows.
[ad-insights] Saved to disk: 12648 rows
[FE:ProposalGenerator] getProposals: returned 26 rows
[FE:ProposalGenerator] getProposals: returned 36 rows
[FE:ProposalGenerator] getProposals: returned 26 rows
[FE:ProposalGenerator] getProposals: returned 36 rows
[FE:ProposalGenerator] getProposals: returned 26 rows
[FE:ProposalGenerator] getProposals: returned 36 rows
[gc-ad-funnel] Serving from memory (605 rows)
[ad-insights] Serving from memory (5797 rows)
[ad-funnel] Serving from memory (1770 rows)
[ads-status] Serving from memory cache (4000 ads)
[FE:ProposalGenerator] getProposals: returned 26 rows
[FE:ProposalGenerator] getProposals: returned 36 rows
[roas-tracker] Starting snapshot. Only test campaign ads with go-live >= 2026-03-10
[ad-funnel] Running Metabase query...
[ad-insights] Fetching page 1...
[FE:ProposalGenerator] getProposals: returned 26 rows
[FE:ProposalGenerator] getProposals: returned 36 rows
[ad-insights] Serving from memory (536 rows)
[ad-funnel] Serving from memory (152 rows)
[ad-insights] Fetching page 2... (500 rows so far)
[ad-funnel] Done. 3063 rows returned. Truncated: false
[ad-insights] Fetching page 3... (1000 rows so far)
[FE:ProposalGenerator] getProposals: returned 26 rows
[FE:ProposalGenerator] getProposals: returned 36 rows
[ad-insights] Fetching page 4... (1500 rows so far)
[ad-insights] Fetching page 5... (2000 rows so far)
[roas-tracker] Starting snapshot. Only test campaign ads with go-live >= 2026-03-10
[ad-insights] Serving from memory (10041 rows)
[ad-funnel] Serving from memory (3063 rows)
[roas-tracker] Fetched 7445 Meta rows, 3063 funnel rows.
[roas-tracker] 1699 test campaign rows → 139 ads with go-live >= 2026-03-10 (712 daily rows).
[ads-status] Serving from memory cache (4000 ads)
[roas-tracker] 143 creatives since 2026-03-10 (36 with funnel data).
[roas-tracker] 143 ads since 2026-03-10.
[roas-tracker] Upserted: 0 new, 143 updated. 0 need predictions.
[roas-tracker] Done. {"snapshots":143,"tracked":143,"newAds":0,"updated":143,"predicted":0}
[FE:ProposalGenerator] getProposals: returned 26 rows
[FE:ProposalGenerator] getProposals: returned 36 rows
[ad-insights] Fetching page 6... (2500 rows so far)
[ad-insights] Fetching page 7... (3000 rows so far)
[ad-insights] Fetching page 8... (3500 rows so far)
[FE:ProposalGenerator] getProposals: returned 26 rows
[FE:ProposalGenerator] getProposals: returned 36 rows
[ad-insights] Fetching page 9... (4000 rows so far)
[ad-insights] Fetching page 10... (4500 rows so far)
[FE:ProposalGenerator] getProposals: returned 26 rows
[FE:ProposalGenerator] getProposals: returned 36 rows
[ad-insights] Fetching page 11... (5000 rows so far)
[ad-insights] Fetching page 12... (5500 rows so far)
[ad-insights] Fetching page 13... (6000 rows so far)
[FE:ProposalGenerator] getProposals: returned 26 rows
[FE:ProposalGenerator] getProposals: returned 36 rows
[ad-insights] Fetching page 14... (6500 rows so far)
[ad-insights] Fetching page 15... (7000 rows so far)
[FE:ProposalGenerator] getProposals: returned 26 rows
[FE:ProposalGenerator] getProposals: returned 36 rows
[ad-insights] Fetching page 16... (7500 rows so far)
[ad-insights] Fetching page 17... (8000 rows so far)
[FE:ProposalGenerator] getProposals: returned 26 rows
[FE:ProposalGenerator] getProposals: returned 36 rows
[ad-insights] Fetching page 18... (8500 rows so far)
[ad-insights] Fetching page 19... (9000 rows so far)
[ad-insights] Fetching page 20... (9500 rows so far)
[FE:ProposalGenerator] getProposals: returned 26 rows
[FE:ProposalGenerator] getProposals: returned 36 rows
[ad-insights] Fetching page 21... (10000 rows so far)
[ad-insights] Done. 21 pages, 10041 total rows.
[ad-insights] Saved to disk: 10041 rows
[roas-tracker] Fetched 7445 Meta rows, 3063 funnel rows.
[roas-tracker] 1699 test campaign rows → 139 ads with go-live >= 2026-03-10 (712 daily rows).
[ads-status] Rate limited — serving stale disk cache (4000 ads)
[roas-tracker] 143 creatives since 2026-03-10 (36 with funnel data).
[roas-tracker] 143 ads since 2026-03-10.
[roas-tracker] Upserted: 0 new, 143 updated. 0 need predictions.
[roas-tracker] Done. {"snapshots":143,"tracked":143,"newAds":0,"updated":143,"predicted":0}
[FE:ProposalGenerator] getProposals: returned 26 rows
[FE:ProposalGenerator] getProposals: returned 36 rows
[FE:ProposalGenerator] getProposals: returned 26 rows
[FE:ProposalGenerator] getProposals: returned 36 rows
[FE:ProposalGenerator] getProposals: returned 26 rows
[FE:ProposalGenerator] getProposals: returned 36 rows
[FE:ProposalGenerator] getProposals: returned 26 rows
[FE:ProposalGenerator] getProposals: returned 36 rows
[FE:ProposalGenerator] getProposals: returned 26 rows
[FE:ProposalGenerator] getProposals: returned 36 rows
[FE:ProposalGenerator] getProposals: returned 26 rows
[FE:ProposalGenerator] getProposals: returned 36 rows
[FE:ProposalGenerator] getProposals: returned 26 rows
[FE:ProposalGenerator] getProposals: returned 36 rows
[FE:ProposalGenerator] getProposals: returned 26 rows
[FE:ProposalGenerator] getProposals: returned 36 rows
[FE:ProposalGenerator] getProposals: returned 26 rows
[FE:ProposalGenerator] getProposals: returned 36 rows
[FE:ProposalGenerator] getProposals: returned 26 rows
[FE:ProposalGenerator] getProposals: returned 36 rows
[FE:ProposalGenerator] getProposals: returned 26 rows
[FE:ProposalGenerator] getProposals: returned 36 rows
[FE:ProposalGenerator] getProposals: returned 26 rows
[FE:ProposalGenerator] getProposals: returned 36 rows
[ad-insights] Serving from disk (5797 rows, 34min old)
[ad-funnel] Serving from disk (1770 rows, 69min old)
[ads-status] Serving from memory cache (4000 ads)
[gc-ad-funnel] Serving from disk (605 rows, 69min old)
[ad-insights] Serving from disk (536 rows, 68min old)
[ad-funnel] Serving from disk (152 rows, 67min old)
[FE:ProposalGenerator] getProposals: returned 26 rows
[FE:ProposalGenerator] getProposals: returned 36 rows
[FE:ProposalGenerator] getProposals: returned 26 rows
[FE:ProposalGenerator] getProposals: returned 36 rows
[FE:ProposalGenerator] getProposals: returned 26 rows
[FE:ProposalGenerator] getProposals: returned 36 rows
[FE:ProposalGenerator] getProposals: returned 26 rows
[FE:ProposalGenerator] getProposals: returned 36 rows
[FE:ProposalGenerator] getProposals: returned 26 rows
[FE:ProposalGenerator] getProposals: returned 36 rows
[FE:ProposalGenerator] getProposals: returned 26 rows
[FE:ProposalGenerator] getProposals: returned 36 rows
[FE:ProposalGenerator] getProposals: returned 26 rows
[FE:ProposalGenerator] getProposals: returned 36 rows
[FE:ProposalGenerator] getProposals: returned 26 rows
[FE:ProposalGenerator] getProposals: returned 36 rows
[FE:ProposalGenerator] getProposals: returned 26 rows
[FE:ProposalGenerator] getProposals: returned 36 rows
[FE:ProposalGenerator] getProposals: returned 26 rows
[roas-tracker] Starting snapshot. Only test campaign ads with go-live >= 2026-03-10
[ad-insights] Fetching page 1...
[ad-funnel] Running Metabase query...
[FE:ProposalGenerator] getProposals: returned 36 rows
[ad-insights] Fetching page 2... (500 rows so far)
[ad-insights] Fetching page 3... (1000 rows so far)
[ad-funnel] Done. 3063 rows returned. Truncated: false
[FE:ProposalGenerator] getProposals: returned 26 rows
[FE:ProposalGenerator] getProposals: returned 36 rows
[ad-insights] Fetching page 4... (1500 rows so far)
[ad-insights] Fetching page 5... (2000 rows so far)
[ad-insights] Fetching page 6... (2500 rows so far)
[FE:ProposalGenerator] getProposals: returned 26 rows
[FE:ProposalGenerator] getProposals: returned 36 rows
[ad-insights] Fetching page 7... (3000 rows so far)
[ad-insights] Fetching page 8... (3500 rows so far)
[ad-insights] Fetching page 9... (4000 rows so far)
[ad-insights] Fetching page 10... (4500 rows so far)
[FE:ProposalGenerator] getProposals: returned 26 rows
[FE:ProposalGenerator] getProposals: returned 36 rows
[ad-insights] Fetching page 11... (5000 rows so far)
[ad-insights] Fetching page 12... (5500 rows so far)
[ad-insights] Fetching page 13... (6000 rows so far)
[FE:ProposalGenerator] getProposals: returned 26 rows
[FE:ProposalGenerator] getProposals: returned 36 rows
[ad-insights] Fetching page 14... (6500 rows so far)
[ad-insights] Fetching page 15... (7000 rows so far)
[ad-insights] Fetching page 16... (7500 rows so far)
[FE:ProposalGenerator] getProposals: returned 26 rows
[FE:ProposalGenerator] getProposals: returned 36 rows
[ad-insights] Fetching page 17... (8000 rows so far)
[ad-insights] Fetching page 18... (8500 rows so far)
[ad-insights] Fetching page 19... (9000 rows so far)
[FE:ProposalGenerator] getProposals: returned 26 rows
[FE:ProposalGenerator] getProposals: returned 36 rows
[ad-insights] Fetching page 20... (9500 rows so far)
[ad-insights] Fetching page 21... (10000 rows so far)
[ad-insights] Done. 21 pages, 10043 total rows.
[ad-insights] Saved to disk: 10043 rows
[roas-tracker] Fetched 7445 Meta rows, 3063 funnel rows.
[roas-tracker] 1699 test campaign rows → 139 ads with go-live >= 2026-03-10 (712 daily rows).
[ads-status] Serving from memory cache (4000 ads)
[roas-tracker] 143 creatives since 2026-03-10 (36 with funnel data).
[roas-tracker] 143 ads since 2026-03-10.
[roas-tracker] Upserted: 0 new, 143 updated. 0 need predictions.
[roas-tracker] Done. {"snapshots":143,"tracked":143,"newAds":0,"updated":143,"predicted":0}
[FE:ProposalGenerator] getProposals: returned 26 rows
[FE:ProposalGenerator] getProposals: returned 36 rows
[FE:ProposalGenerator] getProposals: returned 26 rows
[FE:ProposalGenerator] getProposals: returned 36 rows
[FE:ProposalGenerator] getProposals: returned 26 rows
[FE:ProposalGenerator] getProposals: returned 36 rows
[FE:ProposalGenerator] getProposals: returned 26 rows
[FE:ProposalGenerator] getProposals: returned 36 rows
[ad-insights] Serving from memory (5797 rows)
[ad-funnel] Serving from memory (1770 rows)
[ads-status] Serving from memory cache (4000 ads)
[gc-ad-funnel] Serving from memory (605 rows)
[ad-insights] Serving from memory (536 rows)
[ad-funnel] Serving from memory (152 rows)
[FE:ProposalGenerator] getProposals: returned 26 rows
[FE:ProposalGenerator] getProposals: returned 36 rows
[ad-insights] Fetching page 1...
[ad-funnel] Running Metabase query...
[ads-status] Serving from memory cache (4000 ads)
[ad-insights] Fetching page 2... (500 rows so far)
[ad-insights] Fetching page 3... (1000 rows so far)
[FE:ProposalGenerator] getProposals: returned 26 rows
[FE:ProposalGenerator] getProposals: returned 36 rows
[ad-funnel] Done. 3678 rows returned. Truncated: false
[ad-insights] Fetching page 4... (1500 rows so far)
[ad-insights] Fetching page 5... (2000 rows so far)
[FE:ProposalGenerator] getProposals: returned 26 rows
[FE:ProposalGenerator] getProposals: returned 36 rows
[ad-insights] Fetching page 6... (2500 rows so far)
[ad-insights] Fetching page 7... (3000 rows so far)
[ad-insights] Fetching page 8... (3500 rows so far)
[FE:ProposalGenerator] getProposals: returned 26 rows
[FE:ProposalGenerator] getProposals: returned 36 rows
[ad-insights] Fetching page 9... (4000 rows so far)
[ad-insights] Fetching page 10... (4500 rows so far)
[ad-insights] Fetching page 11... (5000 rows so far)
[FE:ProposalGenerator] getProposals: returned 26 rows
[FE:ProposalGenerator] getProposals: returned 36 rows
[ad-insights] Fetching page 12... (5500 rows so far)
[ad-insights] Fetching page 13... (6000 rows so far)
[FE:ProposalGenerator] getProposals: returned 26 rows
[FE:ProposalGenerator] getProposals: returned 36 rows
[ad-insights] Fetching page 14... (6500 rows so far)
[ad-insights] Fetching page 15... (7000 rows so far)
[FE:ProposalGenerator] getProposals: returned 26 rows
[FE:ProposalGenerator] getProposals: returned 36 rows
[ad-insights] Fetching page 16... (7500 rows so far)
[ad-insights] Fetching page 17... (8000 rows so far)
[ad-insights] Fetching page 18... (8500 rows so far)
[FE:ProposalGenerator] getProposals: returned 26 rows
[FE:ProposalGenerator] getProposals: returned 36 rows
[ad-insights] Fetching page 19... (9000 rows so far)
[ad-insights] Fetching page 20... (9500 rows so far)
[ad-insights] Fetching page 21... (10000 rows so far)
[FE:ProposalGenerator] getProposals: returned 26 rows
[FE:ProposalGenerator] getProposals: returned 36 rows
[ad-insights] Fetching page 22... (10500 rows so far)
[ad-insights] Fetching page 23... (11000 rows so far)
[FE:ProposalGenerator] getProposals: returned 26 rows
[FE:ProposalGenerator] getProposals: returned 36 rows
[ad-insights] Fetching page 24... (11500 rows so far)
[ad-insights] Fetching page 25... (12000 rows so far)
[ad-insights] Done. 25 pages, 12164 total rows.
[ad-insights] Saved to disk: 12164 rows
[FE:ProposalGenerator] getProposals: returned 26 rows
[FE:ProposalGenerator] getProposals: returned 36 rows
[FE:ProposalGenerator] getProposals: returned 26 rows
[FE:ProposalGenerator] getProposals: returned 36 rows
[FE:ProposalGenerator] getProposals: returned 26 rows
[FE:ProposalGenerator] getProposals: returned 36 rows
[FE:ProposalGenerator] getProposals: returned 26 rows
[FE:ProposalGenerator] getProposals: returned 36 rows
[ai/analyze] Running AI analysis (prompt length: 109004 chars)...
[FE:ProposalGenerator] getProposals: returned 26 rows
[FE:ProposalGenerator] getProposals: returned 36 rows
[FE:ProposalGenerator] getProposals: returned 26 rows
[FE:ProposalGenerator] getProposals: returned 36 rows
[ai/analyze] Done. Response length: 31826 chars
[FE:ProposalGenerator] getProposals: returned 26 rows
[FE:ProposalGenerator] getProposals: returned 36 rows
[FE:ProposalGenerator] getProposals: returned 26 rows
[FE:ProposalGenerator] getProposals: returned 36 rows
[FE:ProposalGenerator] getProposals: returned 26 rows
[FE:ProposalGenerator] getProposals: returned 36 rows
[roas-tracker] Starting snapshot. Only test campaign ads with go-live >= 2026-03-10
[ad-insights] Serving from memory (5797 rows)
[ad-funnel] Serving from memory (1770 rows)
[FE:ProposalGenerator] getProposals: returned 26 rows
[ads-status] Serving from memory cache (4000 ads)
[ad-insights] Fetching page 1...
[ad-funnel] Running Metabase query...
[FE:ProposalGenerator] getProposals: returned 36 rows
[ad-insights] Serving from memory (536 rows)
[ad-funnel] Serving from memory (152 rows)
[gc-ad-funnel] Serving from memory (605 rows)
[ad-insights] Fetching page 2... (500 rows so far)
[ad-insights] Fetching page 3... (1000 rows so far)
[ad-funnel] Done. 3063 rows returned. Truncated: false
[FE:ProposalGenerator] getProposals: returned 26 rows
[FE:ProposalGenerator] getProposals: returned 36 rows
[ad-insights] Fetching page 4... (1500 rows so far)
[ad-insights] Fetching page 5... (2000 rows so far)
[ad-insights] Fetching page 6... (2500 rows so far)
[FE:ProposalGenerator] getProposals: returned 26 rows
[FE:ProposalGenerator] getProposals: returned 36 rows
[ad-insights] Fetching page 7... (3000 rows so far)
[ad-insights] Fetching page 8... (3500 rows so far)
[ad-insights] Fetching page 9... (4000 rows so far)
[FE:ProposalGenerator] getProposals: returned 26 rows
[FE:ProposalGenerator] getProposals: returned 36 rows
[ad-insights] Fetching page 10... (4500 rows so far)
[ad-insights] Fetching page 11... (5000 rows so far)
[FE:ProposalGenerator] getProposals: returned 26 rows
[FE:ProposalGenerator] getProposals: returned 36 rows
[ad-insights] Fetching page 12... (5500 rows so far)
[ad-insights] Fetching page 13... (6000 rows so far)
[ai/analyze] Running AI analysis (prompt length: 96033 chars)...
[ad-insights] Fetching page 14... (6500 rows so far)
[FE:ProposalGenerator] getProposals: returned 26 rows
[FE:ProposalGenerator] getProposals: returned 36 rows
[ad-insights] Fetching page 15... (7000 rows so far)
[ai/analyze] Done. Response length: 8606 chars
[ad-insights] Fetching page 16... (7500 rows so far)
[ad-insights] Fetching page 17... (8000 rows so far)
[FE:ProposalGenerator] getProposals: returned 26 rows
[FE:ProposalGenerator] getProposals: returned 36 rows
[ad-insights] Fetching page 18... (8500 rows so far)
[ad-insights] Fetching page 19... (9000 rows so far)
[ad-insights] Fetching page 20... (9500 rows so far)
[FE:ProposalGenerator] getProposals: returned 26 rows
[FE:ProposalGenerator] getProposals: returned 36 rows
[ad-insights] Fetching page 21... (10000 rows so far)
[ad-insights] Done. 21 pages, 10044 total rows.
[ad-insights] Saved to disk: 10044 rows
[roas-tracker] Fetched 7446 Meta rows, 3063 funnel rows.
[roas-tracker] 1699 test campaign rows → 139 ads with go-live >= 2026-03-10 (712 daily rows).
[ads-status] Serving from memory cache (4000 ads)
[roas-tracker] 143 creatives since 2026-03-10 (36 with funnel data).
[roas-tracker] 143 ads since 2026-03-10.
[roas-tracker] Upserted: 0 new, 143 updated. 0 need predictions.
[roas-tracker] Done. {"snapshots":143,"tracked":143,"newAds":0,"updated":143,"predicted":0}
[FE:ProposalGenerator] getProposals: returned 26 rows
[FE:ProposalGenerator] getProposals: returned 36 rows
[FE:ProposalGenerator] getProposals: returned 26 rows
[FE:ProposalGenerator] getProposals: returned 36 rows
[FE:ProposalGenerator] getProposals: returned 26 rows
[FE:ProposalGenerator] getProposals: returned 36 rows
[FE:ProposalGenerator] getProposals: returned 26 rows
[FE:ProposalGenerator] getProposals: returned 36 rows
[FE:ProposalGenerator] getProposals: returned 26 rows
[FE:ProposalGenerator] getProposals: returned 36 rows
[FE:ProposalGenerator] getProposals: returned 26 rows
[FE:ProposalGenerator] getProposals: returned 36 rows
[FE:ProposalGenerator] getProposals: returned 26 rows
[FE:ProposalGenerator] getProposals: returned 36 rows
[FE:ProposalGenerator] getProposals: returned 26 rows
[FE:ProposalGenerator] getProposals: returned 36 rows
[FE:Scheduler] Starting job: watcher-refresh
[FE:Watcher] Refreshing Meta prediction accuracy...
[FE:Watcher] Meta predictions: 0 processed, 299 skipped
[FE:Watcher] Refreshing Google prediction accuracy...
[FE:Watcher] Google predictions: 0 processed, 0 skipped
[FE:Watcher] Refreshing recommendation tracking...
[FE:Watcher] ci_recommendations not found: no such table: ci_recommendations
[FE:Watcher] Recommendation tracking: 0 processed
[FE:Watcher] Refreshing competitor signal accuracy...
[FE:Watcher] Competitor signals: 0 processed
[FE:Watcher] Full refresh complete: 0 records processed
[FE:Scheduler] Completed job: watcher-refresh (111ms, 1 records)
[FE:ProposalGenerator] getProposals: returned 26 rows
[FE:ProposalGenerator] getProposals: returned 36 rows
[FE:ProposalGenerator] getProposals: returned 26 rows
[FE:ProposalGenerator] getProposals: returned 36 rows
[FE:ProposalGenerator] getProposals: returned 26 rows
[FE:ProposalGenerator] getProposals: returned 36 rows
[FE:ProposalGenerator] getProposals: returned 26 rows
[FE:ProposalGenerator] getProposals: returned 36 rows
[FE:ProposalGenerator] getProposals: returned 26 rows
[FE:ProposalGenerator] getProposals: returned 36 rows
[ad-insights] Serving from disk (5797 rows, 64min old)
[ad-funnel] Serving from disk (1770 rows, 99min old)
[ads-status] Serving from memory cache (4000 ads)
[gc-ad-funnel] Serving from memory (605 rows)
[ad-insights] Serving from memory (536 rows)
[ad-funnel] Serving from memory (152 rows)
[FE:ProposalGenerator] getProposals: returned 26 rows
[FE:ProposalGenerator] getProposals: returned 36 rows
[FE:ProposalGenerator] getProposals: returned 26 rows
[FE:ProposalGenerator] getProposals: returned 36 rows
[FE:ProposalGenerator] getProposals: returned 26 rows
[FE:ProposalGenerator] getProposals: returned 36 rows
[FE:ProposalGenerator] getProposals: returned 26 rows
[FE:ProposalGenerator] getProposals: returned 36 rows
[FE:ProposalGenerator] getProposals: returned 26 rows
[FE:ProposalGenerator] getProposals: returned 36 rows
[FE:ProposalGenerator] getProposals: returned 26 rows
[FE:ProposalGenerator] getProposals: returned 36 rows
[FE:ProposalGenerator] getProposals: returned 26 rows
[FE:ProposalGenerator] getProposals: returned 36 rows
[FE:ProposalGenerator] getProposals: returned 26 rows
[FE:ProposalGenerator] getProposals: returned 36 rows
[FE:ProposalGenerator] getProposals: returned 26 rows
[FE:ProposalGenerator] getProposals: returned 36 rows
[FE:ProposalGenerator] getProposals: returned 26 rows
[FE:ProposalGenerator] getProposals: returned 36 rows
[FE:ProposalGenerator] getProposals: returned 26 rows
[FE:ProposalGenerator] getProposals: returned 36 rows
[FE:ProposalGenerator] getProposals: returned 26 rows
[FE:ProposalGenerator] getProposals: returned 36 rows
[FE:ProposalGenerator] getProposals: returned 26 rows
[FE:ProposalGenerator] getProposals: returned 36 rows
[FE:ProposalGenerator] getProposals: returned 26 rows
[FE:ProposalGenerator] getProposals: returned 36 rows
[FE:ProposalGenerator] getProposals: returned 26 rows
[FE:ProposalGenerator] getProposals: returned 36 rows
[FE:ProposalGenerator] getProposals: returned 26 rows
[FE:ProposalGenerator] getProposals: returned 36 rows
[FE:ProposalGenerator] getProposals: returned 26 rows
[FE:ProposalGenerator] getProposals: returned 36 rows
[FE:ProposalGenerator] getProposals: returned 26 rows
[FE:ProposalGenerator] getProposals: returned 36 rows
[FE:ProposalGenerator] getProposals: returned 26 rows
[FE:ProposalGenerator] getProposals: returned 36 rows
[ad-insights] Serving from memory (5797 rows)
[ad-funnel] Serving from memory (1770 rows)
[ads-status] Serving from memory cache (4000 ads)
[gc-ad-funnel] Serving from disk (605 rows, 109min old)
[ad-insights] Serving from disk (536 rows, 108min old)
[ad-funnel] Serving from disk (152 rows, 107min old)
[roas-tracker] Starting snapshot. Only test campaign ads with go-live >= 2026-03-10
[ad-insights] Fetching page 1...
[ad-funnel] Running Metabase query...
[FE:ProposalGenerator] getProposals: returned 26 rows
[FE:ProposalGenerator] getProposals: returned 36 rows
[ad-insights] Fetching page 2... (500 rows so far)
[ad-insights] Fetching page 3... (1000 rows so far)
[ad-insights] Fetching page 4... (1500 rows so far)
[ad-insights] Fetching page 5... (2000 rows so far)
[ad-funnel] Done. 3064 rows returned. Truncated: false
[ad-insights] Fetching page 6... (2500 rows so far)
[FE:ProposalGenerator] getProposals: returned 26 rows
[FE:ProposalGenerator] getProposals: returned 36 rows
[ad-insights] Fetching page 7... (3000 rows so far)
[ad-insights] Fetching page 8... (3500 rows so far)
[ad-insights] Fetching page 9... (4000 rows so far)
[ad-insights] Fetching page 10... (4500 rows so far)
[ad-insights] Fetching page 11... (5000 rows so far)
[ad-insights] Fetching page 12... (5500 rows so far)
[ad-insights] Fetching page 13... (6000 rows so far)
[FE:ProposalGenerator] getProposals: returned 26 rows
[FE:ProposalGenerator] getProposals: returned 36 rows
[ad-insights] Fetching page 14... (6500 rows so far)
[FE:Scheduler] Starting job: data-quality-check
[FE:DataQuality] Running audit (2026-03-04 -> 2026-04-03, forceFresh=false)
[ad-insights] Serving from disk (12648 rows, 55min old)
[ad-funnel] Serving from disk (3812 rows, 60min old)
[gc-ad-funnel] Serving from memory (605 rows)
[ads-status] Serving from memory cache (4000 ads)
[FE:DataQuality] Audit complete. status=WARN findings=14
[FE:Scheduler] Completed job: data-quality-check (1488ms, 14 records)
[ad-insights] Fetching page 15... (7000 rows so far)
[ad-insights] Fetching page 16... (7500 rows so far)
[ad-insights] Fetching page 17... (8000 rows so far)
[FE:ProposalGenerator] getProposals: returned 26 rows
[FE:ProposalGenerator] getProposals: returned 36 rows
[ad-insights] Fetching page 18... (8500 rows so far)
[FE:ProposalGenerator] getProposals: returned 26 rows
[FE:ProposalGenerator] getProposals: returned 36 rows
[ad-insights] Fetching page 19... (9000 rows so far)
[ad-insights] Fetching page 20... (9500 rows so far)
[ad-insights] Fetching page 21... (10000 rows so far)
[ad-insights] Done. 21 pages, 10044 total rows.
[ad-insights] Saved to disk: 10044 rows
[roas-tracker] Fetched 7446 Meta rows, 3064 funnel rows.
[roas-tracker] 1699 test campaign rows → 139 ads with go-live >= 2026-03-10 (712 daily rows).
[ads-status] Serving from memory cache (4000 ads)
[roas-tracker] 143 creatives since 2026-03-10 (36 with funnel data).
[roas-tracker] 143 ads since 2026-03-10.
[roas-tracker] Upserted: 0 new, 143 updated. 0 need predictions.
[roas-tracker] Done. {"snapshots":143,"tracked":143,"newAds":0,"updated":143,"predicted":0}
[FE:ProposalGenerator] getProposals: returned 26 rows
[FE:ProposalGenerator] getProposals: returned 36 rows
[FE:ProposalGenerator] getProposals: returned 26 rows
[FE:ProposalGenerator] getProposals: returned 36 rows
[FE:ProposalGenerator] getProposals: returned 26 rows
[FE:ProposalGenerator] getProposals: returned 36 rows
[FE:ProposalGenerator] getProposals: returned 26 rows
[FE:ProposalGenerator] getProposals: returned 36 rows
[FE:ProposalGenerator] getProposals: returned 26 rows
[FE:ProposalGenerator] getProposals: returned 36 rows
[FE:ProposalGenerator] getProposals: returned 26 rows
[FE:ProposalGenerator] getProposals: returned 36 rows
[FE:ProposalGenerator] getProposals: returned 26 rows
[FE:ProposalGenerator] getProposals: returned 36 rows
[FE:ProposalGenerator] getProposals: returned 26 rows
[FE:ProposalGenerator] getProposals: returned 36 rows
[FE:ProposalGenerator] getProposals: returned 26 rows
[FE:ProposalGenerator] getProposals: returned 36 rows
[FE:ProposalGenerator] getProposals: returned 26 rows
[FE:ProposalGenerator] getProposals: returned 36 rows
[ad-insights] Serving from memory (5797 rows)
[ad-funnel] Serving from memory (1770 rows)
[ads-status] Serving from memory cache (4000 ads)
[gc-ad-funnel] Serving from memory (605 rows)
[ad-insights] Serving from memory (536 rows)
[ad-funnel] Serving from memory (152 rows)
[FE:ProposalGenerator] getProposals: returned 26 rows
[FE:ProposalGenerator] getProposals: returned 36 rows
[roas-tracker] Starting snapshot. Only test campaign ads with go-live >= 2026-03-10
[ad-insights] Serving from memory (10044 rows)
[ad-funnel] Serving from memory (3064 rows)
[roas-tracker] Fetched 7446 Meta rows, 3064 funnel rows.
[roas-tracker] 1699 test campaign rows → 139 ads with go-live >= 2026-03-10 (712 daily rows).
[ads-status] Serving from memory cache (4000 ads)
[roas-tracker] 143 creatives since 2026-03-10 (36 with funnel data).
[roas-tracker] 143 ads since 2026-03-10.
[roas-tracker] Upserted: 0 new, 143 updated. 0 need predictions.
[roas-tracker] Done. {"snapshots":143,"tracked":143,"newAds":0,"updated":143,"predicted":0}
[FE:ProposalGenerator] getProposals: returned 26 rows
[FE:ProposalGenerator] getProposals: returned 36 rows
[FE:ProposalGenerator] getProposals: returned 26 rows
[FE:ProposalGenerator] getProposals: returned 36 rows
[FE:ProposalGenerator] getProposals: returned 26 rows
[FE:ProposalGenerator] getProposals: returned 36 rows
[FE:ProposalGenerator] getProposals: returned 26 rows
[FE:ProposalGenerator] getProposals: returned 36 rows
[FE:ProposalGenerator] getProposals: returned 26 rows
[FE:ProposalGenerator] getProposals: returned 36 rows
[FE:ProposalGenerator] getProposals: returned 26 rows
[FE:ProposalGenerator] getProposals: returned 36 rows
[FE:ProposalGenerator] getProposals: returned 26 rows
[FE:ProposalGenerator] getProposals: returned 36 rows
[FE:ProposalGenerator] getProposals: returned 26 rows
[FE:ProposalGenerator] getProposals: returned 36 rows
[FE:ProposalGenerator] getProposals: returned 26 rows
[FE:ProposalGenerator] getProposals: returned 36 rows
[TrendScanner] Scheduled scan starting...
[TrendScanner] Starting full scrape...
[TrendScanner] Synthesizing...
[FE:ProposalGenerator] getProposals: returned 26 rows
[FE:ProposalGenerator] getProposals: returned 36 rows
[FE:ProposalGenerator] getProposals: returned 26 rows
[FE:ProposalGenerator] getProposals: returned 36 rows
[TrendScanner] Generating concepts...
[roas-tracker] Starting snapshot. Only test campaign ads with go-live >= 2026-03-10
[ad-insights] Serving from disk (5797 rows, 95min old)
[ad-funnel] Running Metabase query...
[gc-ad-funnel] Serving from memory (605 rows)
[FE:ProposalGenerator] getProposals: returned 26 rows
[ad-funnel] Running Metabase query...
[ad-insights] Fetching page 1...
[FE:ProposalGenerator] getProposals: returned 36 rows
[ad-insights] Fetching page 2... (500 rows so far)
[ad-insights] Fetching page 3... (1000 rows so far)
[ads-status] Done. 11 pages, 5274 ads.
[ad-funnel] Done. 1770 rows returned. Truncated: false
[ad-insights] Fetching page 4... (1500 rows so far)
[ad-insights] Serving from memory (536 rows)
[ad-funnel] Serving from memory (152 rows)
[ad-funnel] Done. 3065 rows returned. Truncated: false
[ad-insights] Fetching page 5... (2000 rows so far)
[ad-insights] Fetching page 6... (2500 rows so far)
[ad-insights] Fetching page 7... (3000 rows so far)
[FE:ProposalGenerator] getProposals: returned 26 rows
[FE:ProposalGenerator] getProposals: returned 36 rows
[ad-insights] Fetching page 8... (3500 rows so far)
[ad-insights] Fetching page 9... (4000 rows so far)
[ad-insights] Fetching page 10... (4500 rows so far)
[FE:ProposalGenerator] getProposals: returned 26 rows
[FE:ProposalGenerator] getProposals: returned 36 rows
[ad-insights] Fetching page 11... (5000 rows so far)
[ad-insights] Fetching page 12... (5500 rows so far)
[ad-insights] Fetching page 13... (6000 rows so far)
[FE:ProposalGenerator] getProposals: returned 26 rows
[FE:ProposalGenerator] getProposals: returned 36 rows
[ad-insights] Fetching page 14... (6500 rows so far)
[ad-insights] Fetching page 15... (7000 rows so far)
[ad-insights] Fetching page 16... (7500 rows so far)
[ad-insights] Fetching page 17... (8000 rows so far)
[ad-insights] Fetching page 18... (8500 rows so far)
[FE:ProposalGenerator] getProposals: returned 26 rows
[FE:ProposalGenerator] getProposals: returned 36 rows
[ad-insights] Fetching page 19... (9000 rows so far)
[FE:ProposalGenerator] getProposals: returned 26 rows
[FE:ProposalGenerator] getProposals: returned 36 rows
[ad-insights] Fetching page 20... (9500 rows so far)
[ad-insights] Fetching page 21... (10000 rows so far)
[ad-insights] Done. 21 pages, 10046 total rows.
[ad-insights] Saved to disk: 10046 rows
[roas-tracker] Fetched 7448 Meta rows, 3065 funnel rows.
[roas-tracker] 1699 test campaign rows → 139 ads with go-live >= 2026-03-10 (712 daily rows).
[ads-status] Serving from memory cache (5274 ads)
[roas-tracker] 143 creatives since 2026-03-10 (36 with funnel data).
[roas-tracker] 143 ads since 2026-03-10.
[roas-tracker] Upserted: 0 new, 143 updated. 0 need predictions.
[roas-tracker] Done. {"snapshots":143,"tracked":143,"newAds":0,"updated":143,"predicted":0}
[FE:ProposalGenerator] getProposals: returned 26 rows
[FE:ProposalGenerator] getProposals: returned 36 rows
[FE:ProposalGenerator] getProposals: returned 26 rows
[FE:ProposalGenerator] getProposals: returned 36 rows
[FE:ProposalGenerator] getProposals: returned 26 rows
[FE:ProposalGenerator] getProposals: returned 36 rows
[FE:ProposalGenerator] getProposals: returned 26 rows
[FE:ProposalGenerator] getProposals: returned 36 rows
[FE:ProposalGenerator] getProposals: returned 26 rows
[FE:ProposalGenerator] getProposals: returned 36 rows
[FE:ProposalGenerator] getProposals: returned 26 rows
[FE:ProposalGenerator] getProposals: returned 36 rows
[FE:ProposalGenerator] getProposals: returned 26 rows
[FE:ProposalGenerator] getProposals: returned 36 rows
[FE:ProposalGenerator] getProposals: returned 26 rows
[FE:ProposalGenerator] getProposals: returned 36 rows
[ad-funnel] Serving from memory (1770 rows)
[ad-insights] Serving from memory (5797 rows)
[gc-ad-funnel] Running Metabase query...
[ads-status] Serving from memory cache (5274 ads)
[FE:ProposalGenerator] getProposals: returned 26 rows
[FE:ProposalGenerator] getProposals: returned 36 rows
[ad-insights] Serving from disk (536 rows, 138min old)
[ad-funnel] Running Metabase query...
[ad-funnel] Done. 157 rows returned. Truncated: false
[gc-ad-funnel] Done. 605 rows returned. Truncated: false
[FE:ProposalGenerator] getProposals: returned 26 rows
[FE:ProposalGenerator] getProposals: returned 36 rows
[FE:ProposalGenerator] getProposals: returned 26 rows
[FE:ProposalGenerator] getProposals: returned 36 rows
[FE:ProposalGenerator] getProposals: returned 26 rows
[FE:ProposalGenerator] getProposals: returned 36 rows
[FE:ProposalGenerator] getProposals: returned 26 rows
[FE:ProposalGenerator] getProposals: returned 36 rows
[roas-tracker] Starting snapshot. Only test campaign ads with go-live >= 2026-03-10
[FE:ProposalGenerator] getProposals: returned 26 rows
[ad-insights] Fetching page 1...
[ad-funnel] Running Metabase query...
[FE:ProposalGenerator] getProposals: returned 36 rows
[ad-insights] Fetching page 2... (500 rows so far)
[ad-insights] Fetching page 3... (1000 rows so far)
[ad-funnel] Done. 3066 rows returned. Truncated: false
[ad-insights] Fetching page 4... (1500 rows so far)
[ad-insights] Fetching page 5... (2000 rows so far)
[ad-insights] Fetching page 6... (2500 rows so far)
[ad-insights] Fetching page 7... (3000 rows so far)
[FE:ProposalGenerator] getProposals: returned 26 rows
[FE:ProposalGenerator] getProposals: returned 36 rows
[ad-insights] Fetching page 8... (3500 rows so far)
[ad-insights] Fetching page 9... (4000 rows so far)
[ad-insights] Fetching page 10... (4500 rows so far)
[ad-insights] Fetching page 11... (5000 rows so far)
[ad-insights] Fetching page 12... (5500 rows so far)
[ad-insights] Fetching page 13... (6000 rows so far)
[FE:ProposalGenerator] getProposals: returned 26 rows
[FE:ProposalGenerator] getProposals: returned 36 rows
[ad-insights] Fetching page 14... (6500 rows so far)
[ad-insights] Fetching page 15... (7000 rows so far)
[ad-insights] Fetching page 16... (7500 rows so far)
[ad-insights] Fetching page 17... (8000 rows so far)
[ad-insights] Fetching page 18... (8500 rows so far)
[ad-insights] Fetching page 19... (9000 rows so far)
[ad-insights] Fetching page 20... (9500 rows so far)
[FE:ProposalGenerator] getProposals: returned 26 rows
[FE:ProposalGenerator] getProposals: returned 36 rows
[ad-insights] Fetching page 21... (10000 rows so far)
[ad-insights] Done. 21 pages, 10047 total rows.
[ad-insights] Saved to disk: 10047 rows
[roas-tracker] Fetched 7449 Meta rows, 3066 funnel rows.
[roas-tracker] 1699 test campaign rows → 139 ads with go-live >= 2026-03-10 (712 daily rows).
[ads-status] Serving from memory cache (5274 ads)
[roas-tracker] 143 creatives since 2026-03-10 (36 with funnel data).
[roas-tracker] 143 ads since 2026-03-10.
[roas-tracker] Upserted: 0 new, 143 updated. 0 need predictions.
[roas-tracker] Done. {"snapshots":143,"tracked":143,"newAds":0,"updated":143,"predicted":0}
[FE:ProposalGenerator] getProposals: returned 26 rows
[FE:ProposalGenerator] getProposals: returned 36 rows
[ad-insights] Serving from memory (5797 rows)
[ad-funnel] Serving from memory (1770 rows)
[gc-ad-funnel] Serving from memory (605 rows)
[ads-status] Serving from memory cache (5274 ads)
[FE:ProposalGenerator] getProposals: returned 26 rows
[FE:ProposalGenerator] getProposals: returned 36 rows
[ad-insights] Serving from memory (536 rows)
[ad-funnel] Serving from memory (157 rows)
[FE:ProposalGenerator] getProposals: returned 26 rows
[FE:ProposalGenerator] getProposals: returned 36 rows
[FE:ProposalGenerator] getProposals: returned 26 rows
[FE:ProposalGenerator] getProposals: returned 36 rows
[FE:ProposalGenerator] getProposals: returned 26 rows
[FE:ProposalGenerator] getProposals: returned 36 rows
[FE:ProposalGenerator] getProposals: returned 26 rows
[FE:ProposalGenerator] getProposals: returned 36 rows
[FE:ProposalGenerator] getProposals: returned 26 rows
[FE:ProposalGenerator] getProposals: returned 36 rows
[FE:ProposalGenerator] getProposals: returned 26 rows
[FE:ProposalGenerator] getProposals: returned 36 rows
[FE:ProposalGenerator] getProposals: returned 26 rows
[FE:ProposalGenerator] getProposals: returned 36 rows
[FE:Scheduler] Starting job: watcher-refresh
[FE:Watcher] Refreshing Meta prediction accuracy...
[FE:Watcher] Meta predictions: 0 processed, 299 skipped
[FE:Watcher] Refreshing Google prediction accuracy...
[FE:Watcher] Google predictions: 0 processed, 0 skipped
[FE:Watcher] Refreshing recommendation tracking...
[FE:Watcher] ci_recommendations not found: no such table: ci_recommendations
[FE:Watcher] Recommendation tracking: 0 processed
[FE:Watcher] Refreshing competitor signal accuracy...
[FE:Watcher] Competitor signals: 0 processed
[FE:Watcher] Full refresh complete: 0 records processed
[FE:Scheduler] Completed job: watcher-refresh (88ms, 1 records)
[FE:ProposalGenerator] getProposals: returned 26 rows
[FE:ProposalGenerator] getProposals: returned 36 rows
[FE:ProposalGenerator] getProposals: returned 26 rows
[FE:ProposalGenerator] getProposals: returned 36 rows
[roas-tracker] Starting snapshot. Only test campaign ads with go-live >= 2026-03-10
[ad-insights] Serving from disk (5797 rows, 125min old)
[ad-insights] Fetching page 1...
[ad-funnel] Running Metabase query...
[ad-funnel] Serving from memory (1770 rows)
[gc-ad-funnel] Serving from memory (605 rows)
[ads-status] Serving from memory cache (5274 ads)
[FE:ProposalGenerator] getProposals: returned 26 rows
[FE:ProposalGenerator] getProposals: returned 36 rows
[ad-insights] Serving from memory (536 rows)
[ad-funnel] Serving from memory (157 rows)
[ad-insights] Fetching page 2... (500 rows so far)
[ad-funnel] Done. 3067 rows returned. Truncated: false
[ad-insights] Fetching page 3... (1000 rows so far)
[ad-insights] Fetching page 4... (1500 rows so far)
[ad-insights] Fetching page 5... (2000 rows so far)
[ad-insights] Fetching page 6... (2500 rows so far)
[FE:ProposalGenerator] getProposals: returned 26 rows
[FE:ProposalGenerator] getProposals: returned 36 rows
[ad-insights] Fetching page 7... (3000 rows so far)
[ad-insights] Fetching page 8... (3500 rows so far)
[ad-insights] Fetching page 9... (4000 rows so far)
[ad-insights] Fetching page 10... (4500 rows so far)
[ad-insights] Fetching page 11... (5000 rows so far)
[FE:ProposalGenerator] getProposals: returned 26 rows
[FE:ProposalGenerator] getProposals: returned 36 rows
[ad-insights] Fetching page 12... (5500 rows so far)
[ad-insights] Fetching page 13... (6000 rows so far)
[ad-insights] Fetching page 14... (6500 rows so far)
[ad-insights] Fetching page 15... (7000 rows so far)
[ad-insights] Fetching page 16... (7500 rows so far)
[ad-insights] Fetching page 17... (8000 rows so far)
[FE:ProposalGenerator] getProposals: returned 26 rows
[FE:ProposalGenerator] getProposals: returned 36 rows
[ad-insights] Fetching page 18... (8500 rows so far)
[ad-insights] Fetching page 19... (9000 rows so far)
[ad-insights] Fetching page 20... (9500 rows so far)
[ad-insights] Fetching page 21... (10000 rows so far)
[ad-insights] Done. 21 pages, 10047 total rows.
[ad-insights] Saved to disk: 10047 rows
[roas-tracker] Fetched 7449 Meta rows, 3067 funnel rows.
[roas-tracker] 1699 test campaign rows → 139 ads with go-live >= 2026-03-10 (712 daily rows).
[ads-status] Serving from memory cache (5274 ads)
[roas-tracker] 143 creatives since 2026-03-10 (36 with funnel data).
[roas-tracker] 143 ads since 2026-03-10.
[roas-tracker] Upserted: 0 new, 143 updated. 0 need predictions.
[roas-tracker] Done. {"snapshots":143,"tracked":143,"newAds":0,"updated":143,"predicted":0}
[FE:ProposalGenerator] getProposals: returned 26 rows
[FE:ProposalGenerator] getProposals: returned 36 rows
[FE:ProposalGenerator] getProposals: returned 26 rows
[FE:ProposalGenerator] getProposals: returned 36 rows
[FE:ProposalGenerator] getProposals: returned 26 rows
[FE:ProposalGenerator] getProposals: returned 36 rows
[FE:ProposalGenerator] getProposals: returned 26 rows
[FE:ProposalGenerator] getProposals: returned 36 rows
[FE:ProposalGenerator] getProposals: returned 26 rows
[FE:ProposalGenerator] getProposals: returned 36 rows
[FE:ProposalGenerator] getProposals: returned 26 rows
[FE:ProposalGenerator] getProposals: returned 36 rows
[ad-insights] Serving from memory (5797 rows)
[ad-funnel] Serving from disk (1770 rows, 40min old)
[gc-ad-funnel] Serving from memory (605 rows)
[ads-status] Serving from memory cache (5274 ads)
[FE:ProposalGenerator] getProposals: returned 26 rows
[FE:ProposalGenerator] getProposals: returned 36 rows
[ad-insights] Serving from memory (536 rows)
[ad-funnel] Serving from memory (157 rows)
[FE:ProposalGenerator] getProposals: returned 26 rows
[FE:ProposalGenerator] getProposals: returned 36 rows
[FE:ProposalGenerator] getProposals: returned 26 rows
[FE:ProposalGenerator] getProposals: returned 36 rows
[FE:Scheduler] Starting job: data-quality-check
[FE:DataQuality] Running audit (2026-03-04 -> 2026-04-03, forceFresh=false)
[ad-insights] Serving from disk (12648 rows, 115min old)
[ad-funnel] Serving from disk (3812 rows, 120min old)
[gc-ad-funnel] Serving from disk (605 rows, 31min old)
[ads-status] Serving from memory cache (5274 ads)
[FE:DataQuality] Audit complete. status=WARN findings=14
[FE:Scheduler] Completed job: data-quality-check (2603ms, 14 records)
[FE:ProposalGenerator] getProposals: returned 26 rows
[FE:ProposalGenerator] getProposals: returned 36 rows
[ad-insights] Serving from memory (5797 rows)
[ad-funnel] Serving from memory (1770 rows)
[gc-ad-funnel] Serving from memory (605 rows)
[ads-status] Serving from memory cache (5274 ads)
[ad-insights] Serving from memory (5797 rows)
[ad-funnel] Serving from memory (1770 rows)
[ads-status] Serving from memory cache (5274 ads)
[ad-insights] Serving from memory (5797 rows)
[ad-funnel] Serving from memory (1770 rows)
[ads-status] Serving from memory cache (5274 ads)
[roas-tracker] Starting snapshot. Only test campaign ads with go-live >= 2026-03-10
[roas-tracker] Starting snapshot. Only test campaign ads with go-live >= 2026-03-10
[ad-insights] Fetching page 1...
[ad-funnel] Running Metabase query...
[ad-funnel] Running Metabase query...
[ad-insights] Fetching page 1...
[FE:ProposalGenerator] getProposals: returned 26 rows
[FE:ProposalGenerator] getProposals: returned 36 rows
[roas-tracker] Starting snapshot. Only test campaign ads with go-live >= 2026-03-10
[ad-funnel] Running Metabase query...
[ad-insights] Fetching page 1...
[FE:ProposalGenerator] getProposals: returned 26 rows
[FE:ProposalGenerator] getProposals: returned 36 rows
[ad-insights] Serving from disk (536 rows, 171min old)
[ad-funnel] Serving from disk (157 rows, 33min old)
[ad-insights] Serving from memory (536 rows)
[ad-funnel] Serving from memory (157 rows)
[ad-insights] Serving from memory (536 rows)
[ad-funnel] Serving from memory (157 rows)
[ad-insights] Fetching page 2... (500 rows so far)
[ad-insights] Fetching page 2... (500 rows so far)
[ad-insights] Fetching page 2... (500 rows so far)
[ad-insights] Fetching page 3... (1000 rows so far)
[ad-insights] Fetching page 3... (1000 rows so far)
[ad-insights] Fetching page 3... (1000 rows so far)
[FE:ProposalGenerator] getProposals: returned 26 rows
[FE:ProposalGenerator] getProposals: returned 36 rows
[ad-insights] Fetching page 4... (1500 rows so far)
[ad-insights] Fetching page 4... (1500 rows so far)
[ad-insights] Fetching page 4... (1500 rows so far)
[ad-funnel] Done. 3067 rows returned. Truncated: false
[ad-funnel] Done. 3067 rows returned. Truncated: false
[ad-funnel] Done. 3067 rows returned. Truncated: false
[ad-insights] Fetching page 5... (2000 rows so far)
[ad-insights] Fetching page 5... (2000 rows so far)
[ad-insights] Fetching page 5... (2000 rows so far)
[ad-insights] Fetching page 6... (2500 rows so far)
[FE:ProposalGenerator] getProposals: returned 26 rows
[FE:ProposalGenerator] getProposals: returned 36 rows
[ad-insights] Fetching page 6... (2500 rows so far)
[ad-insights] Fetching page 6... (2500 rows so far)
[ad-insights] Fetching page 7... (3000 rows so far)
[ad-insights] Fetching page 7... (3000 rows so far)
[ad-insights] Fetching page 7... (3000 rows so far)
[ad-insights] Fetching page 8... (3500 rows so far)
[ad-insights] Fetching page 9... (4000 rows so far)
[ad-insights] Fetching page 8... (3500 rows so far)
[ad-insights] Fetching page 8... (3500 rows so far)
[FE:ProposalGenerator] getProposals: returned 26 rows
[FE:ProposalGenerator] getProposals: returned 36 rows
[ad-insights] Fetching page 10... (4500 rows so far)
[ad-insights] Fetching page 9... (4000 rows so far)
[ad-insights] Fetching page 9... (4000 rows so far)
[ad-insights] Fetching page 11... (5000 rows so far)
[ad-insights] Fetching page 10... (4500 rows so far)
[ad-insights] Fetching page 10... (4500 rows so far)
[ad-insights] Fetching page 12... (5500 rows so far)
[ad-insights] Fetching page 11... (5000 rows so far)
[FE:ProposalGenerator] getProposals: returned 26 rows
[FE:ProposalGenerator] getProposals: returned 36 rows
[ad-insights] Fetching page 11... (5000 rows so far)
[ad-insights] Fetching page 13... (6000 rows so far)
[ad-insights] Fetching page 12... (5500 rows so far)
[ad-insights] Fetching page 12... (5500 rows so far)
[ad-insights] Fetching page 14... (6500 rows so far)
[ad-insights] Fetching page 13... (6000 rows so far)
[ad-insights] Fetching page 15... (7000 rows so far)
[ad-insights] Fetching page 13... (6000 rows so far)
[FE:ProposalGenerator] getProposals: returned 26 rows
[FE:ProposalGenerator] getProposals: returned 36 rows
[ad-insights] Fetching page 14... (6500 rows so far)
[ad-insights] Fetching page 16... (7500 rows so far)
[ad-insights] Fetching page 14... (6500 rows so far)
[ad-insights] Fetching page 17... (8000 rows so far)
[ad-insights] Fetching page 15... (7000 rows so far)
[ad-insights] Fetching page 15... (7000 rows so far)
[ad-insights] Fetching page 18... (8500 rows so far)
[ad-insights] Fetching page 16... (7500 rows so far)
[ad-insights] Fetching page 16... (7500 rows so far)
[FE:ProposalGenerator] getProposals: returned 26 rows
[FE:ProposalGenerator] getProposals: returned 36 rows
[gc-ad-funnel] Serving from memory (605 rows)
[ad-insights] Serving from memory (5797 rows)
[ad-funnel] Serving from memory (1770 rows)
[ad-insights] Serving from memory (5797 rows)
[ad-funnel] Serving from memory (1770 rows)
[ads-status] Serving from memory cache (5274 ads)
[ads-status] Serving from memory cache (5274 ads)
[ad-insights] Serving from memory (5797 rows)
[ad-funnel] Serving from memory (1770 rows)
[ads-status] Serving from memory cache (5274 ads)
[roas-tracker] Starting snapshot. Only test campaign ads with go-live >= 2026-03-10
[roas-tracker] Starting snapshot. Only test campaign ads with go-live >= 2026-03-10
[roas-tracker] Starting snapshot. Only test campaign ads with go-live >= 2026-03-10
[ad-insights] Fetching page 1...
[ad-funnel] Running Metabase query...
[ad-insights] Fetching page 1...
[ad-funnel] Running Metabase query...
[ad-insights] Fetching page 1...
[ad-funnel] Running Metabase query...
[FE:ProposalGenerator] getProposals: returned 26 rows
[FE:ProposalGenerator] getProposals: returned 36 rows
[ad-insights] Serving from memory (536 rows)
[ad-funnel] Serving from memory (157 rows)
[ad-insights] Serving from memory (536 rows)
[ad-funnel] Serving from memory (157 rows)
[FE:ProposalGenerator] getProposals: returned 26 rows
[FE:ProposalGenerator] getProposals: returned 36 rows
[ad-insights] Serving from memory (536 rows)
[ad-funnel] Serving from memory (157 rows)
[ad-insights] Fetching page 17... (8000 rows so far)
[ad-insights] Fetching page 19... (9000 rows so far)
[ad-insights] Fetching page 17... (8000 rows so far)
[ad-insights] Fetching page 2... (500 rows so far)
[ad-insights] Fetching page 2... (500 rows so far)
[ad-insights] Fetching page 18... (8500 rows so far)
[ad-insights] Fetching page 20... (9500 rows so far)
[ad-insights] Fetching page 2... (500 rows so far)
[ad-insights] Fetching page 18... (8500 rows so far)
[ad-insights] Serving from memory (5797 rows)
[ad-funnel] Serving from memory (1770 rows)
[roas-tracker] Starting snapshot. Only test campaign ads with go-live >= 2026-03-10
[gc-ad-funnel] Serving from memory (605 rows)
[ad-insights] Fetching page 1...
[ad-funnel] Running Metabase query...
[FE:ProposalGenerator] getProposals: returned 26 rows
[FE:ProposalGenerator] getProposals: returned 36 rows
[ad-insights] Serving from memory (536 rows)
[ad-funnel] Serving from memory (157 rows)
[ad-insights] Serving from memory (5797 rows)
[ad-funnel] Serving from memory (1770 rows)
[roas-tracker] Starting snapshot. Only test campaign ads with go-live >= 2026-03-10
[gc-ad-funnel] Serving from memory (605 rows)
[ad-insights] Fetching page 1...
[ad-funnel] Running Metabase query...
[FE:ProposalGenerator] getProposals: returned 26 rows
[FE:ProposalGenerator] getProposals: returned 36 rows
[ad-insights] Fetching page 3... (1000 rows so far)
[ad-insights] Fetching page 3... (1000 rows so far)
[ad-insights] Serving from memory (536 rows)
[ad-funnel] Serving from memory (157 rows)
[ad-insights] Fetching page 21... (10000 rows so far)
[ad-insights] Fetching page 3... (1000 rows so far)
[ad-insights] Fetching page 19... (9000 rows so far)
[ad-insights] Done. 21 pages, 10047 total rows.
[ad-insights] Saved to disk: 10047 rows
[roas-tracker] Fetched 7449 Meta rows, 3067 funnel rows.
[roas-tracker] 1699 test campaign rows → 139 ads with go-live >= 2026-03-10 (712 daily rows).
[ads-status] Serving from memory cache (5274 ads)
[roas-tracker] 143 creatives since 2026-03-10 (36 with funnel data).
[roas-tracker] 143 ads since 2026-03-10.
[roas-tracker] Upserted: 0 new, 143 updated. 0 need predictions.
[roas-tracker] Done. {"snapshots":143,"tracked":143,"newAds":0,"updated":143,"predicted":0}
[ad-insights] Fetching page 19... (9000 rows so far)
[ad-insights] Fetching page 2... (500 rows so far)
[ad-funnel] Done. 3068 rows returned. Truncated: false
[ad-insights] Fetching page 2... (500 rows so far)
[ad-funnel] Done. 3068 rows returned. Truncated: false
[ad-insights] Fetching page 4... (1500 rows so far)
[ad-funnel] Done. 3068 rows returned. Truncated: false
[ad-insights] Fetching page 4... (1500 rows so far)
[ad-insights] Fetching page 4... (1500 rows so far)
[ad-insights] Fetching page 20... (9500 rows so far)
[ad-insights] Fetching page 3... (1000 rows so far)
[ad-funnel] Done. 3068 rows returned. Truncated: false
[ad-insights] Fetching page 3... (1000 rows so far)
[ad-insights] Fetching page 20... (9500 rows so far)
[ad-insights] Fetching page 5... (2000 rows so far)
[ad-funnel] Done. 3068 rows returned. Truncated: false
[ad-insights] Fetching page 5... (2000 rows so far)
[ad-insights] Fetching page 5... (2000 rows so far)
[ad-insights] Fetching page 4... (1500 rows so far)
[ad-insights] Fetching page 6... (2500 rows so far)
[ad-insights] Fetching page 21... (10000 rows so far)
[ad-insights] Fetching page 21... (10000 rows so far)
[ad-insights] Fetching page 4... (1500 rows so far)
[FE:ProposalGenerator] getProposals: returned 26 rows
[FE:ProposalGenerator] getProposals: returned 36 rows
[ad-insights] Done. 21 pages, 10047 total rows.
[ad-insights] Saved to disk: 10047 rows
[roas-tracker] Fetched 7449 Meta rows, 3067 funnel rows.
[roas-tracker] 1699 test campaign rows → 139 ads with go-live >= 2026-03-10 (712 daily rows).
[ads-status] Serving from memory cache (5274 ads)
[roas-tracker] 143 creatives since 2026-03-10 (36 with funnel data).
[roas-tracker] 143 ads since 2026-03-10.
[roas-tracker] Upserted: 0 new, 143 updated. 0 need predictions.
[roas-tracker] Done. {"snapshots":143,"tracked":143,"newAds":0,"updated":143,"predicted":0}
[ad-insights] Done. 21 pages, 10047 total rows.
[ad-insights] Saved to disk: 10047 rows
[roas-tracker] Fetched 7449 Meta rows, 3067 funnel rows.
[roas-tracker] 1699 test campaign rows → 139 ads with go-live >= 2026-03-10 (712 daily rows).
[ads-status] Serving from memory cache (5274 ads)
[roas-tracker] 143 creatives since 2026-03-10 (36 with funnel data).
[roas-tracker] 143 ads since 2026-03-10.
[roas-tracker] Upserted: 0 new, 143 updated. 0 need predictions.
[roas-tracker] Done. {"snapshots":143,"tracked":143,"newAds":0,"updated":143,"predicted":0}
[ad-insights] Fetching page 6... (2500 rows so far)
[ad-insights] Fetching page 6... (2500 rows so far)
[ad-insights] Fetching page 5... (2000 rows so far)
[ad-insights] Fetching page 7... (3000 rows so far)
[ad-insights] Fetching page 5... (2000 rows so far)
[ad-insights] Fetching page 7... (3000 rows so far)
[ad-insights] Fetching page 7... (3000 rows so far)
[ad-insights] Fetching page 6... (2500 rows so far)
[ad-insights] Fetching page 8... (3500 rows so far)
[ad-insights] Fetching page 6... (2500 rows so far)
[ad-insights] Fetching page 8... (3500 rows so far)
[ad-insights] Fetching page 8... (3500 rows so far)
[ad-insights] Fetching page 7... (3000 rows so far)
[FE:ProposalGenerator] getProposals: returned 26 rows
[FE:ProposalGenerator] getProposals: returned 36 rows
[ad-insights] Fetching page 9... (4000 rows so far)
[ad-insights] Fetching page 7... (3000 rows so far)
[ad-insights] Fetching page 9... (4000 rows so far)
[ad-insights] Fetching page 8... (3500 rows so far)
[ad-insights] Fetching page 10... (4500 rows so far)
[ad-insights] Fetching page 9... (4000 rows so far)
[ad-insights] Fetching page 8... (3500 rows so far)
[ad-insights] Fetching page 10... (4500 rows so far)
[ad-insights] Fetching page 11... (5000 rows so far)
[ad-insights] Fetching page 9... (4000 rows so far)
[ad-insights] Fetching page 10... (4500 rows so far)
[ad-insights] Fetching page 9... (4000 rows so far)
[ad-insights] Fetching page 11... (5000 rows so far)
[ad-insights] Fetching page 12... (5500 rows so far)
[FE:ProposalGenerator] getProposals: returned 26 rows
[FE:ProposalGenerator] getProposals: returned 36 rows
[ad-insights] Fetching page 10... (4500 rows so far)
[ad-insights] Fetching page 11... (5000 rows so far)
[ad-insights] Fetching page 12... (5500 rows so far)
[ad-insights] Serving from memory (5797 rows)
[ad-funnel] Serving from memory (1770 rows)
[ad-insights] Serving from memory (5797 rows)
[ad-funnel] Serving from memory (1770 rows)
[ads-status] Serving from memory cache (5274 ads)
[roas-tracker] Starting snapshot. Only test campaign ads with go-live >= 2026-03-10
[ads-status] Serving from memory cache (5274 ads)
[gc-ad-funnel] Serving from memory (605 rows)
[ad-insights] Serving from memory (5797 rows)
[ad-insights] Fetching page 1...
[ad-funnel] Running Metabase query...
[ad-funnel] Serving from memory (1770 rows)
[roas-tracker] Starting snapshot. Only test campaign ads with go-live >= 2026-03-10
[ads-status] Serving from memory cache (5274 ads)
[roas-tracker] Starting snapshot. Only test campaign ads with go-live >= 2026-03-10
[ad-insights] Fetching page 1...
[ad-funnel] Running Metabase query...
[ad-funnel] Running Metabase query...
[ad-insights] Fetching page 1...
[FE:ProposalGenerator] getProposals: returned 26 rows
[FE:ProposalGenerator] getProposals: returned 36 rows
[ad-insights] Fetching page 10... (4500 rows so far)
[ad-insights] Fetching page 13... (6000 rows so far)
[ad-insights] Serving from memory (536 rows)
[ad-funnel] Serving from memory (157 rows)
[ad-insights] Serving from memory (536 rows)
[ad-funnel] Serving from memory (157 rows)
[ad-insights] Serving from memory (536 rows)
[ad-funnel] Serving from memory (157 rows)
[FE:ProposalGenerator] getProposals: returned 26 rows
[FE:ProposalGenerator] getProposals: returned 36 rows
[ad-insights] Fetching page 11... (5000 rows so far)
[ad-insights] Fetching page 12... (5500 rows so far)
[ad-insights] Fetching page 13... (6000 rows so far)
[ad-insights] Fetching page 2... (500 rows so far)
[ad-insights] Fetching page 2... (500 rows so far)
[ad-insights] Fetching page 11... (5000 rows so far)
[ad-insights] Fetching page 2... (500 rows so far)
[ad-insights] Fetching page 14... (6500 rows so far)
[ad-insights] Fetching page 12... (5500 rows so far)
[ad-insights] Fetching page 13... (6000 rows so far)
[ad-insights] Fetching page 14... (6500 rows so far)
[ad-insights] Fetching page 3... (1000 rows so far)
[ad-insights] Fetching page 3... (1000 rows so far)
[ad-insights] Fetching page 12... (5500 rows so far)
[ad-insights] Fetching page 15... (7000 rows so far)
[ad-insights] Fetching page 3... (1000 rows so far)
[ad-insights] Fetching page 13... (6000 rows so far)
[ad-insights] Fetching page 4... (1500 rows so far)
[ad-insights] Fetching page 15... (7000 rows so far)
[ad-insights] Fetching page 14... (6500 rows so far)
[FE:ProposalGenerator] getProposals: returned 26 rows
[FE:ProposalGenerator] getProposals: returned 36 rows
[ad-insights] Fetching page 4... (1500 rows so far)
[ad-insights] Fetching page 13... (6000 rows so far)
[ad-insights] Fetching page 16... (7500 rows so far)
[ad-insights] Fetching page 4... (1500 rows so far)
[ad-insights] Fetching page 14... (6500 rows so far)
[ad-insights] Fetching page 16... (7500 rows so far)
[ad-insights] Fetching page 5... (2000 rows so far)
[ad-insights] Fetching page 5... (2000 rows so far)
[ad-insights] Fetching page 15... (7000 rows so far)
[ad-insights] Fetching page 14... (6500 rows so far)
[ad-insights] Fetching page 17... (8000 rows so far)
[ad-funnel] Done. 3068 rows returned. Truncated: false
[ad-funnel] Done. 3068 rows returned. Truncated: false
[ad-funnel] Done. 3068 rows returned. Truncated: false
[ad-insights] Fetching page 6... (2500 rows so far)
[ad-insights] Fetching page 5... (2000 rows so far)
[ad-insights] Fetching page 6... (2500 rows so far)
[ad-insights] Fetching page 15... (7000 rows so far)
[ad-insights] Fetching page 17... (8000 rows so far)
[ad-insights] Fetching page 16... (7500 rows so far)
[ad-insights] Fetching page 15... (7000 rows so far)
[ad-insights] Fetching page 18... (8500 rows so far)
[FE:ProposalGenerator] getProposals: returned 26 rows
[FE:ProposalGenerator] getProposals: returned 36 rows
[ad-insights] Fetching page 7... (3000 rows so far)
[ad-insights] Fetching page 7... (3000 rows so far)
[ad-insights] Fetching page 6... (2500 rows so far)
[ad-insights] Fetching page 18... (8500 rows so far)
[ad-insights] Fetching page 16... (7500 rows so far)
[ad-insights] Fetching page 16... (7500 rows so far)
[ad-insights] Fetching page 17... (8000 rows so far)
[ad-insights] Fetching page 8... (3500 rows so far)
[ad-insights] Fetching page 8... (3500 rows so far)
[ad-insights] Fetching page 7... (3000 rows so far)
[ad-insights] Fetching page 19... (9000 rows so far)
[ad-insights] Fetching page 19... (9000 rows so far)
[ad-insights] Fetching page 17... (8000 rows so far)
[ad-insights] Fetching page 9... (4000 rows so far)
[ad-insights] Fetching page 18... (8500 rows so far)
[ad-insights] Fetching page 17... (8000 rows so far)
[ad-insights] Fetching page 9... (4000 rows so far)
[ad-insights] Fetching page 8... (3500 rows so far)
[ad-insights] Fetching page 20... (9500 rows so far)
[ad-insights] Fetching page 20... (9500 rows so far)
[FE:ProposalGenerator] getProposals: returned 26 rows
[FE:ProposalGenerator] getProposals: returned 36 rows
[ad-insights] Fetching page 10... (4500 rows so far)
[ad-insights] Fetching page 18... (8500 rows so far)
[ad-insights] Fetching page 10... (4500 rows so far)
[ad-insights] Fetching page 19... (9000 rows so far)
[ad-insights] Fetching page 9... (4000 rows so far)
[ad-insights] Fetching page 21... (10000 rows so far)
[ad-insights] Fetching page 21... (10000 rows so far)
[ad-insights] Fetching page 18... (8500 rows so far)
[ad-insights] Fetching page 11... (5000 rows so far)
[ad-insights] Fetching page 19... (9000 rows so far)
[ad-insights] Done. 21 pages, 10047 total rows.
[ad-insights] Saved to disk: 10047 rows
[roas-tracker] Fetched 7449 Meta rows, 3068 funnel rows.
[roas-tracker] 1699 test campaign rows → 139 ads with go-live >= 2026-03-10 (712 daily rows).
[ads-status] Serving from memory cache (5274 ads)
[ad-insights] Done. 21 pages, 10047 total rows.
[ad-insights] Saved to disk: 10047 rows
[roas-tracker] 143 creatives since 2026-03-10 (36 with funnel data).
[roas-tracker] 143 ads since 2026-03-10.
[roas-tracker] Upserted: 0 new, 143 updated. 0 need predictions.
[roas-tracker] Done. {"snapshots":143,"tracked":143,"newAds":0,"updated":143,"predicted":0}
[roas-tracker] Fetched 7449 Meta rows, 3068 funnel rows.
[roas-tracker] 1699 test campaign rows → 139 ads with go-live >= 2026-03-10 (712 daily rows).
[ads-status] Serving from memory cache (5274 ads)
[roas-tracker] 143 creatives since 2026-03-10 (36 with funnel data).
[roas-tracker] 143 ads since 2026-03-10.
[roas-tracker] Upserted: 0 new, 143 updated. 0 need predictions.
[roas-tracker] Done. {"snapshots":143,"tracked":143,"newAds":0,"updated":143,"predicted":0}
[ad-insights] Fetching page 11... (5000 rows so far)
[ad-insights] Fetching page 12... (5500 rows so far)
[ad-insights] Fetching page 20... (9500 rows so far)
[ad-insights] Fetching page 10... (4500 rows so far)
[ad-insights] Fetching page 19... (9000 rows so far)
[ad-insights] Fetching page 12... (5500 rows so far)
[FE:ProposalGenerator] getProposals: returned 26 rows
[FE:ProposalGenerator] getProposals: returned 36 rows
[ad-insights] Fetching page 13... (6000 rows so far)
[ad-insights] Fetching page 11... (5000 rows so far)
[ad-insights] Fetching page 21... (10000 rows so far)
[ad-insights] Fetching page 13... (6000 rows so far)
[ad-insights] Fetching page 20... (9500 rows so far)
[ad-insights] Done. 21 pages, 10047 total rows.
[ad-insights] Saved to disk: 10047 rows
[roas-tracker] Fetched 7449 Meta rows, 3068 funnel rows.
[roas-tracker] 1699 test campaign rows → 139 ads with go-live >= 2026-03-10 (712 daily rows).
[ads-status] Serving from memory cache (5274 ads)
[roas-tracker] 143 creatives since 2026-03-10 (36 with funnel data).
[roas-tracker] 143 ads since 2026-03-10.
[roas-tracker] Upserted: 0 new, 143 updated. 0 need predictions.
[roas-tracker] Done. {"snapshots":143,"tracked":143,"newAds":0,"updated":143,"predicted":0}
[roas-tracker] Starting snapshot. Only test campaign ads with go-live >= 2026-03-10
[ad-insights] Serving from memory (10047 rows)
[ad-funnel] Serving from memory (3068 rows)
[roas-tracker] Fetched 7449 Meta rows, 3068 funnel rows.
[roas-tracker] 1699 test campaign rows → 139 ads with go-live >= 2026-03-10 (712 daily rows).
[ads-status] Serving from memory cache (5274 ads)
[roas-tracker] 143 creatives since 2026-03-10 (36 with funnel data).
[roas-tracker] 143 ads since 2026-03-10.
[roas-tracker] Upserted: 0 new, 143 updated. 0 need predictions.
[roas-tracker] Done. {"snapshots":143,"tracked":143,"newAds":0,"updated":143,"predicted":0}
[ad-insights] Fetching page 14... (6500 rows so far)
[ad-insights] Fetching page 12... (5500 rows so far)
[roas-tracker] Fetched 0 Meta rows, 3068 funnel rows.
[ad-insights] Fetching page 14... (6500 rows so far)
[ad-insights] Fetching page 21... (10000 rows so far)
[ad-insights] Fetching page 15... (7000 rows so far)
[ad-insights] Fetching page 13... (6000 rows so far)
[ad-insights] Fetching page 15... (7000 rows so far)
[ad-insights] Done. 21 pages, 10047 total rows.
[ad-insights] Saved to disk: 10047 rows
[roas-tracker] Fetched 7449 Meta rows, 3068 funnel rows.
[roas-tracker] 1699 test campaign rows → 139 ads with go-live >= 2026-03-10 (712 daily rows).
[ads-status] Serving from memory cache (5274 ads)
[roas-tracker] 143 creatives since 2026-03-10 (36 with funnel data).
[roas-tracker] 143 ads since 2026-03-10.
[roas-tracker] Upserted: 0 new, 143 updated. 0 need predictions.
[roas-tracker] Done. {"snapshots":143,"tracked":143,"newAds":0,"updated":143,"predicted":0}
[FE:ProposalGenerator] getProposals: returned 26 rows
[FE:ProposalGenerator] getProposals: returned 36 rows
[ad-insights] Fetching page 16... (7500 rows so far)
[ad-insights] Fetching page 16... (7500 rows so far)
[ad-insights] Fetching page 14... (6500 rows so far)
[ad-insights] Fetching page 17... (8000 rows so far)
[ad-insights] Fetching page 18... (8500 rows so far)
[ad-insights] Fetching page 15... (7000 rows so far)
[FE:ProposalGenerator] getProposals: returned 26 rows
[FE:ProposalGenerator] getProposals: returned 36 rows
[roas-tracker] Fetched 0 Meta rows, 3068 funnel rows.
[ad-insights] Fetching page 19... (9000 rows so far)
[ad-insights] Fetching page 16... (7500 rows so far)
[ad-insights] Fetching page 17... (8000 rows so far)
[ad-insights] Fetching page 20... (9500 rows so far)
[FE:ProposalGenerator] getProposals: returned 26 rows
[FE:ProposalGenerator] getProposals: returned 36 rows
[FE:ProposalGenerator] getProposals: returned 26 rows
[FE:ProposalGenerator] getProposals: returned 36 rows
[FE:ProposalGenerator] getProposals: returned 26 rows
[FE:ProposalGenerator] getProposals: returned 36 rows
[ad-insights] Serving from memory (5797 rows)
[ad-funnel] Serving from memory (1770 rows)
[ad-insights] Serving from memory (5797 rows)
[ad-funnel] Serving from memory (1770 rows)
[ads-status] Serving from memory cache (5274 ads)
[ads-status] Serving from memory cache (5274 ads)
[gc-ad-funnel] Serving from memory (605 rows)
[ad-insights] Serving from memory (5797 rows)
[ad-funnel] Serving from memory (1770 rows)
[roas-tracker] Starting snapshot. Only test campaign ads with go-live >= 2026-03-10
[ads-status] Serving from memory cache (5274 ads)
[roas-tracker] Starting snapshot. Only test campaign ads with go-live >= 2026-03-10
[ad-insights] Fetching page 1...
[ad-funnel] Running Metabase query...
[ad-insights] Fetching page 1...
[ad-funnel] Running Metabase query...
[ad-insights] Fetching page 21... (10000 rows so far)
[roas-tracker] Starting snapshot. Only test campaign ads with go-live >= 2026-03-10
[ad-insights] Fetching page 1...
[ad-funnel] Running Metabase query...
[ad-insights] Fetching page 18... (8500 rows so far)
[ad-insights] Serving from memory (536 rows)
[ad-funnel] Serving from memory (157 rows)
[ad-insights] Serving from memory (536 rows)
[ad-funnel] Serving from memory (157 rows)
[ad-insights] Serving from memory (536 rows)
[ad-funnel] Serving from memory (157 rows)
[ad-insights] Done. 21 pages, 10047 total rows.
[ad-insights] Saved to disk: 10047 rows
[roas-tracker] Fetched 7449 Meta rows, 3068 funnel rows.
[roas-tracker] 1699 test campaign rows → 139 ads with go-live >= 2026-03-10 (712 daily rows).
[ads-status] Serving from memory cache (5274 ads)
[roas-tracker] 143 creatives since 2026-03-10 (36 with funnel data).
[roas-tracker] 143 ads since 2026-03-10.
[roas-tracker] Upserted: 0 new, 143 updated. 0 need predictions.
[roas-tracker] Done. {"snapshots":143,"tracked":143,"newAds":0,"updated":143,"predicted":0}
[ad-insights] Fetching page 2... (500 rows so far)
[ad-insights] Fetching page 2... (500 rows so far)
[ad-insights] Fetching page 2... (500 rows so far)
[ad-insights] Fetching page 19... (9000 rows so far)
[ad-insights] Fetching page 3... (1000 rows so far)
[ad-insights] Fetching page 20... (9500 rows so far)
[ad-insights] Fetching page 3... (1000 rows so far)
[ad-insights] Fetching page 3... (1000 rows so far)
[FE:ProposalGenerator] getProposals: returned 26 rows
[FE:ProposalGenerator] getProposals: returned 36 rows
[ad-insights] Fetching page 4... (1500 rows so far)
[ad-funnel] Done. 3068 rows returned. Truncated: false
[ad-funnel] Done. 3068 rows returned. Truncated: false
[ad-funnel] Done. 3068 rows returned. Truncated: false
[ad-insights] Fetching page 21... (10000 rows so far)
[ad-insights] Fetching page 4... (1500 rows so far)
[ad-insights] Fetching page 4... (1500 rows so far)
[ad-insights] Done. 21 pages, 10047 total rows.
[ad-insights] Saved to disk: 10047 rows
[roas-tracker] Fetched 7449 Meta rows, 3068 funnel rows.
[roas-tracker] 1699 test campaign rows → 139 ads with go-live >= 2026-03-10 (712 daily rows).
[ads-status] Serving from memory cache (5274 ads)
[roas-tracker] 143 creatives since 2026-03-10 (36 with funnel data).
[roas-tracker] 143 ads since 2026-03-10.
[roas-tracker] Upserted: 0 new, 143 updated. 0 need predictions.
[roas-tracker] Done. {"snapshots":143,"tracked":143,"newAds":0,"updated":143,"predicted":0}
[ad-insights] Fetching page 5... (2000 rows so far)
[ad-insights] Fetching page 5... (2000 rows so far)
[ad-insights] Fetching page 5... (2000 rows so far)
[ad-insights] Fetching page 6... (2500 rows so far)
[ad-insights] Serving from memory (5797 rows)
[ad-funnel] Serving from memory (1770 rows)
[roas-tracker] Starting snapshot. Only test campaign ads with go-live >= 2026-03-10
[gc-ad-funnel] Serving from memory (605 rows)
[ad-funnel] Running Metabase query...
[ad-insights] Fetching page 1...
[FE:ProposalGenerator] getProposals: returned 26 rows
[FE:ProposalGenerator] getProposals: returned 36 rows
[ad-insights] Serving from memory (536 rows)
[ad-funnel] Serving from memory (157 rows)
[ad-insights] Fetching page 6... (2500 rows so far)
[ad-insights] Fetching page 7... (3000 rows so far)
[ad-insights] Fetching page 2... (500 rows so far)
[ad-insights] Fetching page 7... (3000 rows so far)
[ad-insights] Fetching page 6... (2500 rows so far)
[ad-insights] Fetching page 8... (3500 rows so far)
[ad-insights] Fetching page 8... (3500 rows so far)
[ad-insights] Fetching page 3... (1000 rows so far)
[ad-insights] Fetching page 7... (3000 rows so far)
[ad-funnel] Done. 3068 rows returned. Truncated: false
[ad-insights] Fetching page 9... (4000 rows so far)
[ad-insights] Fetching page 9... (4000 rows so far)
[ad-insights] Fetching page 4... (1500 rows so far)
[FE:ProposalGenerator] getProposals: returned 26 rows
[FE:ProposalGenerator] getProposals: returned 36 rows
[ad-insights] Fetching page 8... (3500 rows so far)
[ad-insights] Fetching page 10... (4500 rows so far)
[ad-insights] Fetching page 10... (4500 rows so far)
[ad-insights] Fetching page 5... (2000 rows so far)
[ad-insights] Fetching page 9... (4000 rows so far)
[ad-insights] Fetching page 11... (5000 rows so far)
[ad-insights] Fetching page 11... (5000 rows so far)
[ad-insights] Fetching page 6... (2500 rows so far)
[ad-insights] Fetching page 10... (4500 rows so far)
[ad-insights] Fetching page 12... (5500 rows so far)
[ad-insights] Fetching page 12... (5500 rows so far)
[FE:ProposalGenerator] getProposals: returned 26 rows
[FE:ProposalGenerator] getProposals: returned 36 rows
[ad-insights] Fetching page 7... (3000 rows so far)
[ad-insights] Fetching page 13... (6000 rows so far)
[ad-insights] Fetching page 13... (6000 rows so far)
[ad-insights] Fetching page 11... (5000 rows so far)
[ad-insights] Serving from memory (5797 rows)
[ad-funnel] Serving from memory (1770 rows)
[ads-status] Serving from memory cache (5274 ads)
[gc-ad-funnel] Serving from memory (605 rows)
[ad-insights] Serving from memory (5797 rows)
[ad-funnel] Serving from memory (1770 rows)
[ad-insights] Serving from memory (5797 rows)
[ad-funnel] Serving from memory (1770 rows)
[roas-tracker] Starting snapshot. Only test campaign ads with go-live >= 2026-03-10
[ads-status] Serving from memory cache (5274 ads)
[ads-status] Serving from memory cache (5274 ads)
[roas-tracker] Starting snapshot. Only test campaign ads with go-live >= 2026-03-10
[roas-tracker] Starting snapshot. Only test campaign ads with go-live >= 2026-03-10
[ad-insights] Fetching page 1...
[ad-funnel] Running Metabase query...
[ad-insights] Fetching page 1...
[ad-funnel] Running Metabase query...
[ad-insights] Fetching page 1...
[ad-funnel] Running Metabase query...
[FE:ProposalGenerator] getProposals: returned 26 rows
[FE:ProposalGenerator] getProposals: returned 36 rows
[ad-insights] Serving from memory (536 rows)
[ad-funnel] Serving from memory (157 rows)
[ad-insights] Serving from memory (536 rows)
[ad-funnel] Serving from memory (157 rows)
[ad-insights] Serving from memory (536 rows)
[ad-funnel] Serving from memory (157 rows)
[FE:ProposalGenerator] getProposals: returned 26 rows
[FE:ProposalGenerator] getProposals: returned 36 rows
[ad-insights] Fetching page 8... (3500 rows so far)
[ad-insights] Fetching page 14... (6500 rows so far)
[ad-insights] Fetching page 12... (5500 rows so far)
[ad-insights] Fetching page 14... (6500 rows so far)
[ad-insights] Fetching page 2... (500 rows so far)
[ad-insights] Fetching page 2... (500 rows so far)
[ad-insights] Fetching page 2... (500 rows so far)
[ad-insights] Fetching page 9... (4000 rows so far)
[ad-insights] Fetching page 13... (6000 rows so far)
[ad-insights] Fetching page 15... (7000 rows so far)
[ad-insights] Fetching page 15... (7000 rows so far)
[ad-insights] Fetching page 10... (4500 rows so far)
[ad-insights] Fetching page 3... (1000 rows so far)
[ad-insights] Fetching page 3... (1000 rows so far)
[ad-insights] Fetching page 3... (1000 rows so far)
[ad-insights] Fetching page 14... (6500 rows so far)
[ad-insights] Fetching page 16... (7500 rows so far)
[ad-funnel] Done. 3068 rows returned. Truncated: false
[ad-funnel] Done. 3068 rows returned. Truncated: false
[ad-funnel] Done. 3068 rows returned. Truncated: false
[ad-insights] Fetching page 16... (7500 rows so far)
[ad-insights] Fetching page 11... (5000 rows so far)
[FE:ProposalGenerator] getProposals: returned 26 rows
[FE:ProposalGenerator] getProposals: returned 36 rows
[ad-insights] Fetching page 4... (1500 rows so far)
[ad-insights] Fetching page 4... (1500 rows so far)
[ad-insights] Fetching page 15... (7000 rows so far)
[ad-insights] Fetching page 4... (1500 rows so far)
[ad-insights] Fetching page 17... (8000 rows so far)
[ad-insights] Fetching page 12... (5500 rows so far)
[ad-insights] Fetching page 17... (8000 rows so far)
[ad-insights] Fetching page 5... (2000 rows so far)
[ad-insights] Fetching page 5... (2000 rows so far)
[ad-insights] Fetching page 16... (7500 rows so far)
[ad-insights] Fetching page 18... (8500 rows so far)
[ad-insights] Fetching page 5... (2000 rows so far)
[ad-insights] Fetching page 13... (6000 rows so far)
[ad-insights] Fetching page 18... (8500 rows so far)
[ad-insights] Fetching page 6... (2500 rows so far)
[ad-insights] Fetching page 6... (2500 rows so far)
[ad-insights] Fetching page 17... (8000 rows so far)
[ad-insights] Fetching page 14... (6500 rows so far)
[ad-insights] Fetching page 19... (9000 rows so far)
[FE:ProposalGenerator] getProposals: returned 26 rows
[FE:ProposalGenerator] getProposals: returned 36 rows
[ad-insights] Fetching page 6... (2500 rows so far)
[ad-insights] Fetching page 7... (3000 rows so far)
[ad-insights] Fetching page 7... (3000 rows so far)
[ad-insights] Fetching page 18... (8500 rows so far)
[ad-insights] Fetching page 19... (9000 rows so far)
[ad-insights] Fetching page 15... (7000 rows so far)
[ad-insights] Fetching page 20... (9500 rows so far)
[ad-insights] Fetching page 8... (3500 rows so far)
[ad-insights] Fetching page 8... (3500 rows so far)
[ad-insights] Fetching page 7... (3000 rows so far)
[ad-insights] Fetching page 20... (9500 rows so far)
[ad-insights] Fetching page 19... (9000 rows so far)
[ad-insights] Fetching page 16... (7500 rows so far)
[ad-insights] Fetching page 21... (10000 rows so far)
[ad-insights] Fetching page 9... (4000 rows so far)
[ad-insights] Fetching page 9... (4000 rows so far)
[ad-insights] Fetching page 8... (3500 rows so far)
[ad-insights] Fetching page 21... (10000 rows so far)
[ad-insights] Done. 21 pages, 10047 total rows.
[ad-insights] Saved to disk: 10047 rows
[roas-tracker] Fetched 7449 Meta rows, 3068 funnel rows.
[roas-tracker] 1699 test campaign rows → 139 ads with go-live >= 2026-03-10 (712 daily rows).
[ads-status] Serving from memory cache (5274 ads)
[roas-tracker] 143 creatives since 2026-03-10 (36 with funnel data).
[roas-tracker] 143 ads since 2026-03-10.
[roas-tracker] Upserted: 0 new, 143 updated. 0 need predictions.
[roas-tracker] Done. {"snapshots":143,"tracked":143,"newAds":0,"updated":143,"predicted":0}
[ad-insights] Done. 21 pages, 10047 total rows.
[ad-insights] Saved to disk: 10047 rows
[roas-tracker] Fetched 7449 Meta rows, 3068 funnel rows.
[roas-tracker] 1699 test campaign rows → 139 ads with go-live >= 2026-03-10 (712 daily rows).
[ads-status] Serving from memory cache (5274 ads)
[roas-tracker] 143 creatives since 2026-03-10 (36 with funnel data).
[roas-tracker] 143 ads since 2026-03-10.
[roas-tracker] Upserted: 0 new, 143 updated. 0 need predictions.
[roas-tracker] Done. {"snapshots":143,"tracked":143,"newAds":0,"updated":143,"predicted":0}
[ad-insights] Fetching page 17... (8000 rows so far)
[FE:ProposalGenerator] getProposals: returned 26 rows
[FE:ProposalGenerator] getProposals: returned 36 rows
[ad-insights] Fetching page 10... (4500 rows so far)
[ad-insights] Fetching page 10... (4500 rows so far)
[ad-insights] Fetching page 20... (9500 rows so far)
[ad-insights] Fetching page 9... (4000 rows so far)
[ad-insights] Fetching page 11... (5000 rows so far)
[ad-insights] Fetching page 18... (8500 rows so far)
[ad-insights] Serving from memory (5797 rows)
[ad-funnel] Serving from memory (1770 rows)
[ads-status] Serving from memory cache (5274 ads)
[gc-ad-funnel] Serving from memory (605 rows)
[ad-insights] Serving from memory (5797 rows)
[ad-funnel] Serving from memory (1770 rows)
[ad-insights] Serving from memory (5797 rows)
[ad-funnel] Serving from memory (1770 rows)
[FE:ProposalGenerator] getProposals: returned 26 rows
[FE:ProposalGenerator] getProposals: returned 36 rows
[roas-tracker] Starting snapshot. Only test campaign ads with go-live >= 2026-03-10
[roas-tracker] Starting snapshot. Only test campaign ads with go-live >= 2026-03-10
[roas-tracker] Starting snapshot. Only test campaign ads with go-live >= 2026-03-10
[ad-insights] Fetching page 1...
[ad-funnel] Running Metabase query...
[ad-funnel] Running Metabase query...
[ad-insights] Fetching page 1...
[ad-funnel] Running Metabase query...
[ad-insights] Fetching page 1...
[ads-status] Serving from memory cache (5274 ads)
[ads-status] Serving from memory cache (5274 ads)
[FE:ProposalGenerator] getProposals: returned 26 rows
[FE:ProposalGenerator] getProposals: returned 36 rows
[ad-insights] Fetching page 11... (5000 rows so far)
[ad-insights] Serving from memory (536 rows)
[ad-funnel] Serving from memory (157 rows)
[ad-insights] Serving from memory (536 rows)
[ad-funnel] Serving from memory (157 rows)
[ad-insights] Serving from memory (536 rows)
[ad-funnel] Serving from memory (157 rows)
[ad-insights] Serving from disk (12164 rows, 101min old)
[ad-funnel] Serving from disk (3678 rows, 105min old)
[ads-status] Serving from memory cache (5274 ads)
[ad-insights] Fetching page 10... (4500 rows so far)
[ad-insights] Fetching page 21... (10000 rows so far)
[ad-insights] Fetching page 12... (5500 rows so far)
[ai/analyze] Running AI analysis (prompt length: 109004 chars)...
[ad-insights] Fetching page 19... (9000 rows so far)
[ad-insights] Fetching page 2... (500 rows so far)
[ad-insights] Done. 21 pages, 10047 total rows.
[ad-insights] Saved to disk: 10047 rows
[roas-tracker] Fetched 7449 Meta rows, 3068 funnel rows.
[roas-tracker] 1699 test campaign rows → 139 ads with go-live >= 2026-03-10 (712 daily rows).
[ads-status] Serving from memory cache (5274 ads)
[roas-tracker] 143 creatives since 2026-03-10 (36 with funnel data).
[roas-tracker] 143 ads since 2026-03-10.
[roas-tracker] Upserted: 0 new, 143 updated. 0 need predictions.
[roas-tracker] Done. {"snapshots":143,"tracked":143,"newAds":0,"updated":143,"predicted":0}
[ad-insights] Fetching page 2... (500 rows so far)
[ad-insights] Fetching page 2... (500 rows so far)
[ad-insights] Fetching page 12... (5500 rows so far)
[ad-insights] Fetching page 11... (5000 rows so far)
[ad-insights] Fetching page 13... (6000 rows so far)
[ad-insights] Fetching page 20... (9500 rows so far)
[ad-insights] Fetching page 3... (1000 rows so far)
[ad-insights] Fetching page 3... (1000 rows so far)
[ad-insights] Fetching page 12... (5500 rows so far)
[ad-insights] Fetching page 3... (1000 rows so far)
[ad-insights] Fetching page 13... (6000 rows so far)
[ad-insights] Fetching page 14... (6500 rows so far)
[ad-funnel] Done. 3068 rows returned. Truncated: false
[FE:ProposalGenerator] getProposals: returned 26 rows
[FE:ProposalGenerator] getProposals: returned 36 rows
[ad-funnel] Done. 3068 rows returned. Truncated: false
[ad-funnel] Done. 3068 rows returned. Truncated: false
[ad-insights] Fetching page 21... (10000 rows so far)
[ad-insights] Fetching page 4... (1500 rows so far)
[ad-insights] Fetching page 13... (6000 rows so far)
[ad-insights] Fetching page 4... (1500 rows so far)
[ad-insights] Done. 21 pages, 10047 total rows.
[ad-insights] Saved to disk: 10047 rows
[roas-tracker] Fetched 7449 Meta rows, 3068 funnel rows.
[roas-tracker] 1699 test campaign rows → 139 ads with go-live >= 2026-03-10 (712 daily rows).
[ads-status] Serving from memory cache (5274 ads)
[roas-tracker] 143 creatives since 2026-03-10 (36 with funnel data).
[roas-tracker] 143 ads since 2026-03-10.
[roas-tracker] Upserted: 0 new, 143 updated. 0 need predictions.
[roas-tracker] Done. {"snapshots":143,"tracked":143,"newAds":0,"updated":143,"predicted":0}
[ad-insights] Fetching page 4... (1500 rows so far)
[ad-insights] Fetching page 15... (7000 rows so far)
[ad-insights] Fetching page 14... (6500 rows so far)
[ad-insights] Fetching page 14... (6500 rows so far)
[ad-insights] Fetching page 5... (2000 rows so far)
[ad-insights] Fetching page 5... (2000 rows so far)
[ad-insights] Fetching page 5... (2000 rows so far)
[ad-insights] Fetching page 16... (7500 rows so far)
[ad-insights] Fetching page 15... (7000 rows so far)
[ad-insights] Fetching page 15... (7000 rows so far)
[ad-insights] Fetching page 6... (2500 rows so far)
[ad-insights] Fetching page 6... (2500 rows so far)
[ad-insights] Fetching page 6... (2500 rows so far)
[ad-insights] Fetching page 17... (8000 rows so far)
[FE:ProposalGenerator] getProposals: returned 26 rows
[FE:ProposalGenerator] getProposals: returned 36 rows
[ad-insights] Fetching page 7... (3000 rows so far)
[ad-insights] Fetching page 16... (7500 rows so far)
[ad-insights] Fetching page 16... (7500 rows so far)
[ad-insights] Fetching page 7... (3000 rows so far)
[ad-insights] Fetching page 7... (3000 rows so far)
[ad-insights] Fetching page 18... (8500 rows so far)
[ad-insights] Fetching page 8... (3500 rows so far)
[ad-insights] Fetching page 8... (3500 rows so far)
[ad-insights] Fetching page 8... (3500 rows so far)
[ad-insights] Fetching page 17... (8000 rows so far)
[ad-insights] Fetching page 17... (8000 rows so far)
[ad-insights] Fetching page 19... (9000 rows so far)
[ai/analyze] Done. Response length: 32895 chars
[ad-insights] Fetching page 9... (4000 rows so far)
[ad-insights] Fetching page 9... (4000 rows so far)
[ad-insights] Fetching page 9... (4000 rows so far)
[ad-insights] Fetching page 18... (8500 rows so far)
[ci/engine] Scheduler triggered at 2026-04-03T09:29:40.496Z
[ci/engine] Running full pipeline: 2026-01-03 to 2026-04-03
[ci/engine] Fetching Meta data in 6 chunks of 14 days...
[ci/engine] Chunk 1/6: 2026-01-03 to 2026-01-17
[CampaignSync] Running scheduled sync validation...
[CampaignSync] Starting ghost campaign deduplication...
[ad-insights] Fetching page 18... (8500 rows so far)
[CampaignSync] Fetched 0 ad IDs from Meta API (1 pages)
[ad-insights] Fetching page 20... (9500 rows so far)
[FE:ProposalGenerator] getProposals: returned 26 rows
[FE:ProposalGenerator] getProposals: returned 36 rows
[ad-insights] Fetching page 10... (4500 rows so far)
[ad-insights] Fetching page 10... (4500 rows so far)
[ad-insights] Fetching page 19... (9000 rows so far)
[ad-insights] Fetching page 21... (10000 rows so far)
[ad-insights] Fetching page 19... (9000 rows so far)
[ad-insights] Fetching page 11... (5000 rows so far)
[ad-insights] Done. 21 pages, 10047 total rows.
[ad-insights] Saved to disk: 10047 rows
[roas-tracker] Fetched 7449 Meta rows, 3068 funnel rows.
[roas-tracker] 1699 test campaign rows → 139 ads with go-live >= 2026-03-10 (712 daily rows).
[ads-status] Serving from memory cache (5274 ads)
[roas-tracker] 143 creatives since 2026-03-10 (36 with funnel data).
[roas-tracker] 143 ads since 2026-03-10.
[roas-tracker] Upserted: 0 new, 143 updated. 0 need predictions.
[roas-tracker] Done. {"snapshots":143,"tracked":143,"newAds":0,"updated":143,"predicted":0}
[ad-insights] Fetching page 11... (5000 rows so far)
[ad-insights] Fetching page 20... (9500 rows so far)
[ad-insights] Fetching page 12... (5500 rows so far)
[ad-insights] Fetching page 12... (5500 rows so far)
[roas-tracker] Fetched 0 Meta rows, 3068 funnel rows.
[ad-insights] Fetching page 20... (9500 rows so far)
[ad-insights] Fetching page 13... (6000 rows so far)
[FE:ProposalGenerator] getProposals: returned 26 rows
[FE:ProposalGenerator] getProposals: returned 36 rows
[ad-insights] Fetching page 21... (10000 rows so far)
[ad-insights] Fetching page 13... (6000 rows so far)
[ad-insights] Fetching page 21... (10000 rows so far)
[ad-insights] Done. 21 pages, 10047 total rows.
[ad-insights] Saved to disk: 10047 rows
[roas-tracker] Fetched 7449 Meta rows, 3068 funnel rows.
[roas-tracker] 1699 test campaign rows → 139 ads with go-live >= 2026-03-10 (712 daily rows).
[ads-status] Serving from memory cache (5274 ads)
[roas-tracker] 143 creatives since 2026-03-10 (36 with funnel data).
[roas-tracker] 143 ads since 2026-03-10.
[roas-tracker] Upserted: 0 new, 143 updated. 0 need predictions.
[roas-tracker] Done. {"snapshots":143,"tracked":143,"newAds":0,"updated":143,"predicted":0}
[ad-insights] Fetching page 14... (6500 rows so far)
[ad-insights] Done. 21 pages, 10047 total rows.
[ad-insights] Saved to disk: 10047 rows
[roas-tracker] Fetched 7449 Meta rows, 3068 funnel rows.
[roas-tracker] 1699 test campaign rows → 139 ads with go-live >= 2026-03-10 (712 daily rows).
[ads-status] Serving from memory cache (5274 ads)
[roas-tracker] 143 creatives since 2026-03-10 (36 with funnel data).
[roas-tracker] 143 ads since 2026-03-10.
[roas-tracker] Upserted: 0 new, 143 updated. 0 need predictions.
[roas-tracker] Done. {"snapshots":143,"tracked":143,"newAds":0,"updated":143,"predicted":0}
[ad-insights] Fetching page 14... (6500 rows so far)
[ad-insights] Fetching page 15... (7000 rows so far)
[ad-insights] Fetching page 15... (7000 rows so far)
[ad-insights] Fetching page 16... (7500 rows so far)
[FE:ProposalGenerator] getProposals: returned 26 rows
[FE:ProposalGenerator] getProposals: returned 36 rows
[ad-insights] Fetching page 16... (7500 rows so far)
[ad-insights] Fetching page 17... (8000 rows so far)
[ad-insights] Fetching page 17... (8000 rows so far)
[ad-insights] Fetching page 18... (8500 rows so far)
[FE:ProposalGenerator] getProposals: returned 26 rows
[FE:ProposalGenerator] getProposals: returned 36 rows
[ad-insights] Fetching page 19... (9000 rows so far)
[ad-insights] Fetching page 18... (8500 rows so far)
[ad-insights] Fetching page 20... (9500 rows so far)
[ad-insights] Fetching page 19... (9000 rows so far)
[ad-insights] Fetching page 21... (10000 rows so far)
[ad-insights] Done. 21 pages, 10048 total rows.
[ad-insights] Saved to disk: 10048 rows
[roas-tracker] Fetched 7449 Meta rows, 3068 funnel rows.
[roas-tracker] 1699 test campaign rows → 139 ads with go-live >= 2026-03-10 (712 daily rows).
[ads-status] Serving from memory cache (5274 ads)
[roas-tracker] 143 creatives since 2026-03-10 (36 with funnel data).
[roas-tracker] 143 ads since 2026-03-10.
[roas-tracker] Upserted: 0 new, 143 updated. 0 need predictions.
[roas-tracker] Done. {"snapshots":143,"tracked":143,"newAds":0,"updated":143,"predicted":0}
[FE:ProposalGenerator] getProposals: returned 26 rows
[FE:ProposalGenerator] getProposals: returned 36 rows
[ad-insights] Fetching page 20... (9500 rows so far)
[ad-insights] Fetching page 21... (10000 rows so far)
[ad-insights] Done. 21 pages, 10048 total rows.
[ad-insights] Saved to disk: 10048 rows
[roas-tracker] Fetched 7449 Meta rows, 3068 funnel rows.
[roas-tracker] 1699 test campaign rows → 139 ads with go-live >= 2026-03-10 (712 daily rows).
[ads-status] Serving from memory cache (5274 ads)
[roas-tracker] 143 creatives since 2026-03-10 (36 with funnel data).
[roas-tracker] 143 ads since 2026-03-10.
[roas-tracker] Upserted: 0 new, 143 updated. 0 need predictions.
[roas-tracker] Done. {"snapshots":143,"tracked":143,"newAds":0,"updated":143,"predicted":0}
[ci/engine] Chunk 1 done. Total rows so far: 5558
[ci/engine] Chunk 2/6: 2026-01-18 to 2026-02-01
[FE:ProposalGenerator] getProposals: returned 26 rows
[FE:ProposalGenerator] getProposals: returned 36 rows
[FE:ProposalGenerator] getProposals: returned 26 rows
[FE:ProposalGenerator] getProposals: returned 36 rows
[ad-funnel] Serving from memory (1770 rows)
[ad-funnel] Serving from memory (1770 rows)
[ad-funnel] Serving from memory (1770 rows)
[ad-insights] Serving from disk (5797 rows, 165min old)
[ad-insights] Serving from memory (5797 rows)
[ad-insights] Serving from memory (5797 rows)
[gc-ad-funnel] Serving from memory (605 rows)
[ads-status] Serving from disk cache (5274 ads, 69min old)
[FE:ProposalGenerator] getProposals: returned 26 rows
[FE:ProposalGenerator] getProposals: returned 36 rows
[ads-status] Serving from memory cache (5274 ads)
[ads-status] Serving from memory cache (5274 ads)
[ad-insights] Serving from memory (536 rows)
[ad-insights] Serving from memory (536 rows)
[ad-insights] Serving from memory (536 rows)
[ad-funnel] Serving from memory (157 rows)
[ad-funnel] Serving from memory (157 rows)
[ad-funnel] Serving from memory (157 rows)
[FE:ProposalGenerator] getProposals: returned 26 rows
[FE:ProposalGenerator] getProposals: returned 36 rows
[roas-tracker] Starting snapshot. Only test campaign ads with go-live >= 2026-03-10
[FE:ProposalGenerator] getProposals: returned 26 rows
[ad-funnel] Running Metabase query...
[ad-insights] Fetching page 1...
[FE:ProposalGenerator] getProposals: returned 36 rows
[roas-tracker] Starting snapshot. Only test campaign ads with go-live >= 2026-03-10
[roas-tracker] Starting snapshot. Only test campaign ads with go-live >= 2026-03-10
[ad-insights] Fetching page 1...
[ad-funnel] Running Metabase query...
[ad-funnel] Running Metabase query...
[ad-insights] Fetching page 1...
[ad-insights] Fetching page 2... (500 rows so far)
[ad-insights] Fetching page 2... (500 rows so far)
[ad-insights] Fetching page 2... (500 rows so far)
[ad-insights] Fetching page 3... (1000 rows so far)
[ad-insights] Fetching page 3... (1000 rows so far)
[ad-insights] Fetching page 3... (1000 rows so far)
[ad-funnel] Done. 3069 rows returned. Truncated: false
[FE:ProposalGenerator] getProposals: returned 26 rows
[FE:ProposalGenerator] getProposals: returned 36 rows
[ad-funnel] Done. 3069 rows returned. Truncated: false
[ad-insights] Fetching page 4... (1500 rows so far)
[ad-funnel] Done. 3069 rows returned. Truncated: false
[ad-insights] Fetching page 4... (1500 rows so far)
[ad-insights] Fetching page 4... (1500 rows so far)
[ad-insights] Fetching page 5... (2000 rows so far)
[ad-insights] Fetching page 5... (2000 rows so far)
[ad-insights] Fetching page 5... (2000 rows so far)
[ad-insights] Fetching page 6... (2500 rows so far)
[ad-insights] Fetching page 6... (2500 rows so far)
[ad-insights] Fetching page 6... (2500 rows so far)
[FE:ProposalGenerator] getProposals: returned 26 rows
[FE:ProposalGenerator] getProposals: returned 36 rows
[ad-insights] Fetching page 7... (3000 rows so far)
[ad-insights] Fetching page 7... (3000 rows so far)
[ad-insights] Fetching page 7... (3000 rows so far)
[ad-insights] Fetching page 8... (3500 rows so far)
[ad-insights] Fetching page 8... (3500 rows so far)
[ad-insights] Fetching page 8... (3500 rows so far)
[ad-insights] Fetching page 9... (4000 rows so far)
[ad-insights] Fetching page 9... (4000 rows so far)
[ad-insights] Fetching page 9... (4000 rows so far)
[ad-insights] Fetching page 10... (4500 rows so far)
[ad-insights] Fetching page 10... (4500 rows so far)
[FE:ProposalGenerator] getProposals: returned 26 rows
[FE:ProposalGenerator] getProposals: returned 36 rows
[ad-insights] Fetching page 10... (4500 rows so far)
[ad-insights] Fetching page 11... (5000 rows so far)
[ad-insights] Fetching page 11... (5000 rows so far)
[ad-insights] Fetching page 11... (5000 rows so far)
[ad-insights] Fetching page 12... (5500 rows so far)
[ad-insights] Fetching page 12... (5500 rows so far)
[ad-insights] Fetching page 12... (5500 rows so far)
[ad-insights] Fetching page 13... (6000 rows so far)
[ad-insights] Fetching page 13... (6000 rows so far)
[FE:ProposalGenerator] getProposals: returned 26 rows
[FE:ProposalGenerator] getProposals: returned 36 rows
[ad-insights] Fetching page 13... (6000 rows so far)
[ad-insights] Fetching page 14... (6500 rows so far)
[ad-insights] Fetching page 14... (6500 rows so far)
[ad-insights] Fetching page 15... (7000 rows so far)
[ad-insights] Fetching page 14... (6500 rows so far)
[ad-insights] Fetching page 15... (7000 rows so far)
[ad-insights] Fetching page 15... (7000 rows so far)
[ad-insights] Fetching page 16... (7500 rows so far)
[ad-insights] Fetching page 16... (7500 rows so far)
[FE:ProposalGenerator] getProposals: returned 26 rows
[FE:ProposalGenerator] getProposals: returned 36 rows
[ad-insights] Fetching page 16... (7500 rows so far)
[ad-insights] Fetching page 17... (8000 rows so far)
[ad-insights] Fetching page 17... (8000 rows so far)
[ad-insights] Fetching page 17... (8000 rows so far)
[ad-insights] Fetching page 18... (8500 rows so far)
[ad-insights] Fetching page 18... (8500 rows so far)
[ad-insights] Fetching page 18... (8500 rows so far)
[ad-insights] Fetching page 19... (9000 rows so far)
[ad-insights] Fetching page 19... (9000 rows so far)
[FE:ProposalGenerator] getProposals: returned 26 rows
[FE:ProposalGenerator] getProposals: returned 36 rows
[ad-insights] Fetching page 19... (9000 rows so far)
[ad-insights] Fetching page 20... (9500 rows so far)
[ad-insights] Fetching page 20... (9500 rows so far)
[ad-insights] Fetching page 20... (9500 rows so far)
[ad-insights] Fetching page 21... (10000 rows so far)
[ad-insights] Fetching page 21... (10000 rows so far)
[ad-insights] Done. 21 pages, 10049 total rows.
[ad-insights] Saved to disk: 10049 rows
[roas-tracker] Fetched 7450 Meta rows, 3069 funnel rows.
[roas-tracker] 1699 test campaign rows → 139 ads with go-live >= 2026-03-10 (712 daily rows).
[ads-status] Serving from memory cache (5274 ads)
[roas-tracker] 143 creatives since 2026-03-10 (36 with funnel data).
[roas-tracker] 143 ads since 2026-03-10.
[roas-tracker] Upserted: 0 new, 143 updated. 0 need predictions.
[roas-tracker] Done. {"snapshots":143,"tracked":143,"newAds":0,"updated":143,"predicted":0}
[ad-insights] Done. 21 pages, 10049 total rows.
[ad-insights] Saved to disk: 10049 rows
[roas-tracker] Fetched 7450 Meta rows, 3069 funnel rows.
[roas-tracker] 1699 test campaign rows → 139 ads with go-live >= 2026-03-10 (712 daily rows).
[ads-status] Serving from memory cache (5274 ads)
[roas-tracker] 143 creatives since 2026-03-10 (36 with funnel data).
[roas-tracker] 143 ads since 2026-03-10.
[roas-tracker] Upserted: 0 new, 143 updated. 0 need predictions.
[roas-tracker] Done. {"snapshots":143,"tracked":143,"newAds":0,"updated":143,"predicted":0}
[ad-insights] Fetching page 21... (10000 rows so far)
[FE:ProposalGenerator] getProposals: returned 26 rows
[FE:ProposalGenerator] getProposals: returned 36 rows
[ad-insights] Done. 21 pages, 10049 total rows.
[ad-insights] Saved to disk: 10049 rows
[roas-tracker] Fetched 7450 Meta rows, 3069 funnel rows.
[roas-tracker] 1699 test campaign rows → 139 ads with go-live >= 2026-03-10 (712 daily rows).
[ads-status] Serving from memory cache (5274 ads)
[roas-tracker] 143 creatives since 2026-03-10 (36 with funnel data).
[roas-tracker] 143 ads since 2026-03-10.
[roas-tracker] Upserted: 0 new, 143 updated. 0 need predictions.
[roas-tracker] Done. {"snapshots":143,"tracked":143,"newAds":0,"updated":143,"predicted":0}
[FE:ProposalGenerator] getProposals: returned 26 rows
[FE:ProposalGenerator] getProposals: returned 36 rows
[ad-insights] Serving from memory (5797 rows)
[ad-funnel] Serving from disk (1770 rows, 75min old)
[ad-funnel] Serving from memory (1770 rows)
[ad-insights] Serving from memory (5797 rows)
[ads-status] Serving from memory cache (5274 ads)
[ads-status] Serving from memory cache (5274 ads)
[ad-insights] Serving from memory (5797 rows)
[ad-funnel] Serving from memory (1770 rows)
[gc-ad-funnel] Serving from disk (605 rows, 65min old)
[ads-status] Serving from memory cache (5274 ads)
[ad-insights] Serving from disk (536 rows, 204min old)
[ad-funnel] Serving from disk (157 rows, 65min old)
[ad-insights] Serving from memory (536 rows)
[ad-funnel] Serving from memory (157 rows)
[ad-insights] Serving from memory (536 rows)
[ad-funnel] Serving from memory (157 rows)
[FE:ProposalGenerator] getProposals: returned 26 rows
[FE:ProposalGenerator] getProposals: returned 36 rows
[FE:ProposalGenerator] getProposals: returned 26 rows
[FE:ProposalGenerator] getProposals: returned 36 rows
[FE:ProposalGenerator] getProposals: returned 26 rows
[FE:ProposalGenerator] getProposals: returned 36 rows
[FE:ProposalGenerator] getProposals: returned 26 rows
[FE:ProposalGenerator] getProposals: returned 36 rows
[FE:ProposalGenerator] getProposals: returned 26 rows
[FE:ProposalGenerator] getProposals: returned 36 rows
[FE:ProposalGenerator] getProposals: returned 26 rows
[FE:ProposalGenerator] getProposals: returned 36 rows
[FE:ProposalGenerator] getProposals: returned 26 rows
[FE:ProposalGenerator] getProposals: returned 36 rows
[FE:ProposalGenerator] getProposals: returned 26 rows
[FE:ProposalGenerator] getProposals: returned 36 rows
[FE:ProposalGenerator] getProposals: returned 26 rows
[FE:ProposalGenerator] getProposals: returned 36 rows
[ad-insights] Serving from memory (5797 rows)
[ad-funnel] Serving from memory (1770 rows)
[ad-insights] Serving from memory (5797 rows)
[ad-funnel] Serving from memory (1770 rows)
[ad-insights] Serving from memory (5797 rows)
[ads-status] Serving from memory cache (5274 ads)
[ads-status] Serving from memory cache (5274 ads)
[ad-funnel] Serving from memory (1770 rows)
[roas-tracker] Starting snapshot. Only test campaign ads with go-live >= 2026-03-10
[roas-tracker] Starting snapshot. Only test campaign ads with go-live >= 2026-03-10
[ads-status] Serving from memory cache (5274 ads)
[roas-tracker] Starting snapshot. Only test campaign ads with go-live >= 2026-03-10
[gc-ad-funnel] Serving from memory (605 rows)
[ad-insights] Fetching page 1...
[ad-funnel] Running Metabase query...
[ad-insights] Fetching page 1...
[ad-funnel] Running Metabase query...
[ad-insights] Fetching page 1...
[ad-funnel] Running Metabase query...
[FE:ProposalGenerator] getProposals: returned 26 rows
[FE:ProposalGenerator] getProposals: returned 36 rows
[FE:ProposalGenerator] getProposals: returned 26 rows
[FE:ProposalGenerator] getProposals: returned 36 rows
[ad-insights] Serving from memory (12164 rows)
[ad-funnel] Serving from memory (3678 rows)
[ads-status] Serving from memory cache (5274 ads)
[ai/analyze] Running AI analysis (prompt length: 109004 chars)...
[ad-insights] Fetching page 2... (500 rows so far)
[ad-insights] Fetching page 2... (500 rows so far)
[ad-insights] Serving from memory (536 rows)
[ad-funnel] Serving from memory (157 rows)
[ad-insights] Serving from memory (536 rows)
[ad-funnel] Serving from memory (157 rows)
[ad-insights] Serving from memory (536 rows)
[ad-funnel] Serving from memory (157 rows)
[ad-insights] Fetching page 3... (1000 rows so far)
[ad-insights] Fetching page 3... (1000 rows so far)
[ad-insights] Fetching page 2... (500 rows so far)
[ad-insights] Fetching page 4... (1500 rows so far)
[ad-insights] Fetching page 4... (1500 rows so far)
[FE:ProposalGenerator] getProposals: returned 26 rows
[FE:ProposalGenerator] getProposals: returned 36 rows
[ad-funnel] Done. 3070 rows returned. Truncated: false
[ad-funnel] Done. 3070 rows returned. Truncated: false
[ad-funnel] Done. 3070 rows returned. Truncated: false
[ad-insights] Fetching page 3... (1000 rows so far)
[ad-insights] Fetching page 5... (2000 rows so far)
[ad-insights] Fetching page 4... (1500 rows so far)
[ad-insights] Fetching page 5... (2000 rows so far)
[ad-insights] Fetching page 6... (2500 rows so far)
[ad-insights] Fetching page 7... (3000 rows so far)
[ad-insights] Fetching page 6... (2500 rows so far)
[ad-insights] Fetching page 5... (2000 rows so far)
[FE:ProposalGenerator] getProposals: returned 26 rows
[FE:ProposalGenerator] getProposals: returned 36 rows
[ad-insights] Fetching page 8... (3500 rows so far)
[ad-insights] Fetching page 7... (3000 rows so far)
[ad-insights] Fetching page 6... (2500 rows so far)
[ai/analyze] Done. Response length: 31412 chars
[ad-insights] Fetching page 9... (4000 rows so far)
[ad-insights] Fetching page 8... (3500 rows so far)
[ad-insights] Fetching page 10... (4500 rows so far)
[ad-insights] Fetching page 7... (3000 rows so far)
[ad-insights] Fetching page 9... (4000 rows so far)
[FE:ProposalGenerator] getProposals: returned 26 rows
[FE:ProposalGenerator] getProposals: returned 36 rows
[ad-insights] Fetching page 11... (5000 rows so far)
[ad-insights] Fetching page 10... (4500 rows so far)
[ad-insights] Fetching page 8... (3500 rows so far)
[ad-insights] Fetching page 12... (5500 rows so far)
[ad-insights] Fetching page 11... (5000 rows so far)
[ad-insights] Fetching page 9... (4000 rows so far)
[ad-insights] Fetching page 13... (6000 rows so far)
[ad-insights] Fetching page 12... (5500 rows so far)
[ad-insights] Fetching page 10... (4500 rows so far)
[ad-insights] Fetching page 13... (6000 rows so far)
[ad-insights] Fetching page 14... (6500 rows so far)
[FE:ProposalGenerator] getProposals: returned 26 rows
[FE:ProposalGenerator] getProposals: returned 36 rows
[ad-insights] Fetching page 14... (6500 rows so far)
[ad-insights] Fetching page 11... (5000 rows so far)
[ad-insights] Fetching page 15... (7000 rows so far)
[ad-insights] Done. 11 pages, 5000 total rows. WARNING: pagination broke — data may be truncated!
[ad-insights] Disk cache has 10049 rows vs truncated 5000 — using disk cache.
[roas-tracker] Fetched 7450 Meta rows, 3070 funnel rows.
[roas-tracker] 1699 test campaign rows → 139 ads with go-live >= 2026-03-10 (712 daily rows).
[ads-status] Serving from memory cache (5274 ads)
[roas-tracker] 143 creatives since 2026-03-10 (36 with funnel data).
[roas-tracker] 143 ads since 2026-03-10.
[roas-tracker] Upserted: 0 new, 143 updated. 0 need predictions.
[roas-tracker] Done. {"snapshots":143,"tracked":143,"newAds":0,"updated":143,"predicted":0}
[ad-insights] Fetching page 15... (7000 rows so far)
[ad-insights] Fetching page 16... (7500 rows so far)
[ad-insights] Fetching page 16... (7500 rows so far)
[FE:ProposalGenerator] getProposals: returned 26 rows
[FE:ProposalGenerator] getProposals: returned 36 rows
[ad-insights] Fetching page 17... (8000 rows so far)
[ad-insights] Fetching page 17... (8000 rows so far)
[ad-insights] Fetching page 18... (8500 rows so far)
[ad-insights] Fetching page 18... (8500 rows so far)
[ad-insights] Fetching page 19... (9000 rows so far)
[FE:Scheduler] Starting job: watcher-refresh
[FE:Watcher] Refreshing Meta prediction accuracy...
[FE:Watcher] Meta predictions: 0 processed, 299 skipped
[FE:Watcher] Refreshing Google prediction accuracy...
[FE:Watcher] Google predictions: 0 processed, 0 skipped
[FE:Watcher] Refreshing recommendation tracking...
[FE:Watcher] ci_recommendations not found: no such table: ci_recommendations
[FE:Watcher] Recommendation tracking: 0 processed
[FE:Watcher] Refreshing competitor signal accuracy...
[FE:Watcher] Competitor signals: 0 processed
[FE:Watcher] Full refresh complete: 0 records processed
[FE:Scheduler] Completed job: watcher-refresh (90ms, 1 records)
[FE:ProposalGenerator] getProposals: returned 26 rows
[FE:ProposalGenerator] getProposals: returned 36 rows
[ad-insights] Fetching page 19... (9000 rows so far)
[ad-insights] Fetching page 20... (9500 rows so far)
[ad-insights] Fetching page 21... (10000 rows so far)
[ad-insights] Done. 21 pages, 10051 total rows.
[ad-insights] Saved to disk: 10051 rows
[roas-tracker] Fetched 7452 Meta rows, 3070 funnel rows.
[roas-tracker] 1699 test campaign rows → 139 ads with go-live >= 2026-03-10 (712 daily rows).
[ads-status] Serving from memory cache (5274 ads)
[roas-tracker] 143 creatives since 2026-03-10 (36 with funnel data).
[roas-tracker] 143 ads since 2026-03-10.
[roas-tracker] Upserted: 0 new, 143 updated. 0 need predictions.
[roas-tracker] Done. {"snapshots":143,"tracked":143,"newAds":0,"updated":143,"predicted":0}
[ad-insights] Fetching page 20... (9500 rows so far)
[FE:ProposalGenerator] getProposals: returned 26 rows
[FE:ProposalGenerator] getProposals: returned 36 rows
[ad-insights] Fetching page 21... (10000 rows so far)
[ad-insights] Done. 21 pages, 10051 total rows.
[ad-insights] Saved to disk: 10051 rows
[roas-tracker] Fetched 7452 Meta rows, 3070 funnel rows.
[roas-tracker] 1699 test campaign rows → 139 ads with go-live >= 2026-03-10 (712 daily rows).
[ads-status] Serving from memory cache (5274 ads)
[roas-tracker] 143 creatives since 2026-03-10 (36 with funnel data).
[roas-tracker] 143 ads since 2026-03-10.
[roas-tracker] Upserted: 0 new, 143 updated. 0 need predictions.
[roas-tracker] Done. {"snapshots":143,"tracked":143,"newAds":0,"updated":143,"predicted":0}
[FE:ProposalGenerator] getProposals: returned 26 rows
[FE:ProposalGenerator] getProposals: returned 36 rows
[FE:ProposalGenerator] getProposals: returned 26 rows
[FE:ProposalGenerator] getProposals: returned 36 rows
[FE:ProposalGenerator] getProposals: returned 26 rows
[FE:ProposalGenerator] getProposals: returned 36 rows
[FE:ProposalGenerator] getProposals: returned 26 rows
[FE:ProposalGenerator] getProposals: returned 36 rows
[FE:ProposalGenerator] getProposals: returned 26 rows
[FE:ProposalGenerator] getProposals: returned 36 rows
[FE:ProposalGenerator] getProposals: returned 26 rows
[FE:ProposalGenerator] getProposals: returned 36 rows
[ad-insights] Serving from memory (5797 rows)
[ad-funnel] Serving from memory (1770 rows)
[ad-insights] Serving from memory (5797 rows)
[ad-insights] Serving from memory (5797 rows)
[ad-funnel] Serving from memory (1770 rows)
[ad-funnel] Serving from memory (1770 rows)
[ads-status] Serving from memory cache (5274 ads)
[ads-status] Serving from memory cache (5274 ads)
[ads-status] Serving from memory cache (5274 ads)
[ad-insights] Serving from memory (536 rows)
[ad-funnel] Serving from memory (157 rows)
[ad-insights] Serving from memory (536 rows)
[ad-funnel] Serving from memory (157 rows)
[gc-ad-funnel] Serving from memory (605 rows)
[ad-insights] Serving from memory (536 rows)
[ad-funnel] Serving from memory (157 rows)
[FE:ProposalGenerator] getProposals: returned 26 rows
[FE:ProposalGenerator] getProposals: returned 36 rows
[FE:ProposalGenerator] getProposals: returned 26 rows
[FE:ProposalGenerator] getProposals: returned 36 rows
[FE:ProposalGenerator] getProposals: returned 26 rows
[FE:ProposalGenerator] getProposals: returned 36 rows
[FE:ProposalGenerator] getProposals: returned 26 rows
[FE:ProposalGenerator] getProposals: returned 36 rows
[FE:ProposalGenerator] getProposals: returned 26 rows
[FE:ProposalGenerator] getProposals: returned 36 rows
[roas-tracker] Starting snapshot. Only test campaign ads with go-live >= 2026-03-10
[roas-tracker] Starting snapshot. Only test campaign ads with go-live >= 2026-03-10
[roas-tracker] Starting snapshot. Only test campaign ads with go-live >= 2026-03-10
[ad-funnel] Running Metabase query...
[ad-insights] Fetching page 1...
[ad-insights] Fetching page 1...
[ad-funnel] Running Metabase query...
[ad-insights] Fetching page 1...
[ad-funnel] Running Metabase query...
[ad-insights] Fetching page 2... (500 rows so far)
[ad-insights] Fetching page 2... (500 rows so far)
[ad-insights] Fetching page 2... (500 rows so far)
[ad-insights] Fetching page 3... (1000 rows so far)
[ad-insights] Fetching page 3... (1000 rows so far)
[ad-funnel] Done. 3070 rows returned. Truncated: false
[ad-funnel] Done. 3070 rows returned. Truncated: false
[ad-funnel] Done. 3070 rows returned. Truncated: false
[ad-insights] Fetching page 3... (1000 rows so far)
[ad-insights] Fetching page 4... (1500 rows so far)
[ad-insights] Fetching page 4... (1500 rows so far)
[FE:ProposalGenerator] getProposals: returned 26 rows
[FE:ProposalGenerator] getProposals: returned 36 rows
[ad-insights] Fetching page 5... (2000 rows so far)
[ad-insights] Fetching page 5... (2000 rows so far)
[ad-insights] Fetching page 4... (1500 rows so far)
[ad-insights] Fetching page 6... (2500 rows so far)
[ad-insights] Fetching page 6... (2500 rows so far)
[ad-insights] Fetching page 5... (2000 rows so far)
[ad-insights] Fetching page 7... (3000 rows so far)
[ad-insights] Fetching page 7... (3000 rows so far)
[ad-insights] Fetching page 8... (3500 rows so far)
[ad-insights] Fetching page 8... (3500 rows so far)
[ad-insights] Fetching page 6... (2500 rows so far)
[ad-insights] Fetching page 9... (4000 rows so far)
[ad-insights] Fetching page 9... (4000 rows so far)
[ad-insights] Fetching page 7... (3000 rows so far)
[ad-insights] Fetching page 10... (4500 rows so far)
[ad-insights] Fetching page 10... (4500 rows so far)
[ad-insights] Fetching page 8... (3500 rows so far)
[ad-insights] Fetching page 11... (5000 rows so far)
[FE:ProposalGenerator] getProposals: returned 26 rows
[FE:ProposalGenerator] getProposals: returned 36 rows
[ad-insights] Fetching page 11... (5000 rows so far)
[ad-insights] Fetching page 12... (5500 rows so far)
[ad-insights] Fetching page 9... (4000 rows so far)
[ad-insights] Fetching page 12... (5500 rows so far)
[ad-insights] Fetching page 13... (6000 rows so far)
[ad-insights] Fetching page 13... (6000 rows so far)
[ad-insights] Fetching page 10... (4500 rows so far)
[ad-insights] Fetching page 14... (6500 rows so far)
[ad-insights] Fetching page 14... (6500 rows so far)
[ad-insights] Fetching page 11... (5000 rows so far)
[ad-insights] Fetching page 15... (7000 rows so far)
[ad-insights] Fetching page 15... (7000 rows so far)
[ad-insights] Fetching page 12... (5500 rows so far)
[ad-insights] Fetching page 16... (7500 rows so far)
[ad-insights] Fetching page 16... (7500 rows so far)
[ad-insights] Fetching page 13... (6000 rows so far)
[ad-insights] Fetching page 17... (8000 rows so far)
[ad-insights] Fetching page 17... (8000 rows so far)
[FE:ProposalGenerator] getProposals: returned 26 rows
[FE:ProposalGenerator] getProposals: returned 36 rows
[ad-insights] Fetching page 14... (6500 rows so far)
[ad-insights] Fetching page 18... (8500 rows so far)
[ad-insights] Fetching page 18... (8500 rows so far)
[ad-insights] Fetching page 15... (7000 rows so far)
[ad-insights] Fetching page 19... (9000 rows so far)
[FE:Scheduler] Starting job: data-quality-check
[FE:DataQuality] Running audit (2026-03-04 -> 2026-04-03, forceFresh=false)
[ad-insights] Serving from disk (12648 rows, 175min old)
[ad-funnel] Running Metabase query...
[gc-ad-funnel] Serving from memory (605 rows)
[ads-status] Serving from memory cache (5274 ads)
[ad-insights] Fetching page 19... (9000 rows so far)
[ad-insights] Fetching page 20... (9500 rows so far)
[ad-insights] Fetching page 16... (7500 rows so far)
[ad-insights] Fetching page 20... (9500 rows so far)
[roas-tracker] Starting snapshot. Only test campaign ads with go-live >= 2026-03-10
[FE:Scheduler] Completed job: data-quality-check (764989ms, 1 records)
[ad-funnel] Serving from memory (3070 rows)
[ad-insights] Serving from memory (10051 rows)
[roas-tracker] Fetched 7452 Meta rows, 3070 funnel rows.
[roas-tracker] 1699 test campaign rows → 139 ads with go-live >= 2026-03-10 (712 daily rows).
[ads-status] Serving from memory cache (5274 ads)
[roas-tracker] 143 creatives since 2026-03-10 (36 with funnel data).
[roas-tracker] 143 ads since 2026-03-10.
[roas-tracker] Upserted: 0 new, 143 updated. 0 need predictions.
[roas-tracker] Done. {"snapshots":143,"tracked":143,"newAds":0,"updated":143,"predicted":0}
[roas-tracker] Starting snapshot. Only test campaign ads with go-live >= 2026-03-10
[roas-tracker] Starting snapshot. Only test campaign ads with go-live >= 2026-03-10
[ad-insights] Fetching page 1...
[ad-funnel] Running Metabase query...
[ad-insights] Fetching page 1...
[roas-tracker] Starting snapshot. Only test campaign ads with go-live >= 2026-03-10
[ad-insights] Serving from disk (5797 rows, 210min old)
[ad-insights] Serving from memory (5797 rows)
[ad-funnel] Serving from disk (1770 rows, 115min old)
[ad-funnel] Running Metabase query...
[ad-funnel] Serving from memory (1770 rows)
[ad-insights] Fetching page 1...
[ad-funnel] Running Metabase query...
[ad-insights] Serving from memory (5797 rows)
[ads-status] Serving from memory cache (5274 ads)
[ad-funnel] Serving from memory (1770 rows)
[ads-status] Serving from memory cache (5274 ads)
[ads-status] Serving from memory cache (5274 ads)
[FE:ProposalGenerator] getProposals: returned 26 rows
[FE:ProposalGenerator] getProposals: returned 36 rows
[ad-insights] Serving from disk (536 rows, 243min old)
[ad-funnel] Serving from disk (157 rows, 105min old)
[ad-insights] Serving from memory (536 rows)
[ad-funnel] Serving from memory (157 rows)
[ad-insights] Serving from memory (536 rows)
[ad-funnel] Serving from memory (157 rows)
[ad-insights] Fetching page 2... (500 rows so far)
[ad-insights] Fetching page 21... (10000 rows so far)
[ad-insights] Fetching page 21... (10000 rows so far)
[ad-insights] Fetching page 2... (500 rows so far)
[ad-insights] Done. 21 pages, 10055 total rows.
[ad-insights] Saved to disk: 10055 rows
[roas-tracker] Fetched 7453 Meta rows, 3070 funnel rows.
[roas-tracker] 1699 test campaign rows → 139 ads with go-live >= 2026-03-10 (712 daily rows).
[ads-status] Serving from memory cache (5274 ads)
[roas-tracker] 143 creatives since 2026-03-10 (36 with funnel data).
[roas-tracker] 143 ads since 2026-03-10.
[roas-tracker] Upserted: 0 new, 143 updated. 0 need predictions.
[roas-tracker] Done. {"snapshots":143,"tracked":143,"newAds":0,"updated":143,"predicted":0}
[ad-insights] Done. 21 pages, 10055 total rows.
[ad-insights] Saved to disk: 10055 rows
[roas-tracker] Fetched 7453 Meta rows, 3070 funnel rows.
[roas-tracker] 1699 test campaign rows → 139 ads with go-live >= 2026-03-10 (712 daily rows).
[ads-status] Serving from memory cache (5274 ads)
[roas-tracker] 143 creatives since 2026-03-10 (36 with funnel data).
[roas-tracker] 143 ads since 2026-03-10.
[roas-tracker] Upserted: 0 new, 143 updated. 0 need predictions.
[roas-tracker] Done. {"snapshots":143,"tracked":143,"newAds":0,"updated":143,"predicted":0}
[ad-insights] Fetching page 2... (500 rows so far)
[ad-insights] Fetching page 17... (8000 rows so far)
[ad-insights] Fetching page 3... (1000 rows so far)
[ad-insights] Fetching page 3... (1000 rows so far)
[ad-insights] Fetching page 3... (1000 rows so far)
[ad-insights] Fetching page 4... (1500 rows so far)
[ad-insights] Fetching page 18... (8500 rows so far)
[ad-insights] Fetching page 4... (1500 rows so far)
[ad-insights] Fetching page 4... (1500 rows so far)
[ad-insights] Fetching page 19... (9000 rows so far)
[ad-insights] Fetching page 5... (2000 rows so far)
[ad-insights] Fetching page 5... (2000 rows so far)
[ad-insights] Fetching page 20... (9500 rows so far)
[ad-insights] Fetching page 5... (2000 rows so far)
[ad-insights] Fetching page 6... (2500 rows so far)
[ad-insights] Fetching page 6... (2500 rows so far)
[ad-insights] Fetching page 21... (10000 rows so far)
[ad-funnel] Done. 3071 rows returned. Truncated: false
[ad-insights] Fetching page 6... (2500 rows so far)
[ad-funnel] Done. 3071 rows returned. Truncated: false
[gc-ad-funnel] Serving from disk (605 rows, 105min old)
[ad-insights] Fetching page 7... (3000 rows so far)
[ad-funnel] Done. 3071 rows returned. Truncated: false
[ad-insights] Done. 21 pages, 10055 total rows.
[ad-insights] Saved to disk: 10055 rows
[roas-tracker] Fetched 7453 Meta rows, 3070 funnel rows.
[roas-tracker] 1699 test campaign rows → 139 ads with go-live >= 2026-03-10 (712 daily rows).
[ads-status] Serving from memory cache (5274 ads)
[roas-tracker] 143 creatives since 2026-03-10 (36 with funnel data).
[roas-tracker] 143 ads since 2026-03-10.
[roas-tracker] Upserted: 0 new, 143 updated. 0 need predictions.
[roas-tracker] Done. {"snapshots":143,"tracked":143,"newAds":0,"updated":143,"predicted":0}
[ad-insights] Fetching page 7... (3000 rows so far)
[ad-insights] Fetching page 8... (3500 rows so far)
[ad-insights] Fetching page 7... (3000 rows so far)
[ad-insights] Fetching page 8... (3500 rows so far)
[ad-insights] Fetching page 8... (3500 rows so far)
[ad-insights] Fetching page 9... (4000 rows so far)
[ad-insights] Fetching page 9... (4000 rows so far)
[ad-insights] Fetching page 10... (4500 rows so far)
[ad-insights] Fetching page 9... (4000 rows so far)
[ad-insights] Fetching page 10... (4500 rows so far)
[ad-insights] Fetching page 10... (4500 rows so far)
[ad-insights] Fetching page 11... (5000 rows so far)
[ad-insights] Fetching page 11... (5000 rows so far)
[ad-insights] Fetching page 11... (5000 rows so far)
[ad-insights] Fetching page 12... (5500 rows so far)
[ad-insights] Fetching page 12... (5500 rows so far)
[ad-insights] Fetching page 12... (5500 rows so far)
[FE:ProposalGenerator] getProposals: returned 26 rows
[FE:ProposalGenerator] getProposals: returned 36 rows
[ad-insights] Fetching page 13... (6000 rows so far)
[ad-insights] Fetching page 13... (6000 rows so far)
[ad-insights] Fetching page 13... (6000 rows so far)
[ad-insights] Fetching page 14... (6500 rows so far)
[ad-insights] Fetching page 14... (6500 rows so far)
[TrendScanner] Scheduled scan starting...
[TrendScanner] Starting full scrape...
[ad-insights] Fetching page 14... (6500 rows so far)
[ad-insights] Fetching page 15... (7000 rows so far)
[ad-insights] Fetching page 15... (7000 rows so far)
[ad-insights] Fetching page 15... (7000 rows so far)
[ad-insights] Fetching page 16... (7500 rows so far)
[ad-insights] Fetching page 16... (7500 rows so far)
[TrendScanner] Synthesizing...
[ad-insights] Fetching page 17... (8000 rows so far)
[ad-insights] Fetching page 16... (7500 rows so far)
[ad-insights] Fetching page 17... (8000 rows so far)
[ad-insights] Fetching page 18... (8500 rows so far)
[ad-insights] Fetching page 17... (8000 rows so far)
[ad-insights] Fetching page 18... (8500 rows so far)
[FE:ProposalGenerator] getProposals: returned 26 rows
[FE:ProposalGenerator] getProposals: returned 36 rows
[ad-insights] Fetching page 19... (9000 rows so far)
[ad-insights] Fetching page 18... (8500 rows so far)
[ad-insights] Fetching page 19... (9000 rows so far)
[ad-insights] Fetching page 20... (9500 rows so far)
[ad-insights] Fetching page 19... (9000 rows so far)
[ad-insights] Fetching page 21... (10000 rows so far)
[ad-insights] Fetching page 20... (9500 rows so far)
[ad-insights] Done. 21 pages, 10055 total rows.
[ad-insights] Saved to disk: 10055 rows
[roas-tracker] Fetched 7453 Meta rows, 3071 funnel rows.
[roas-tracker] 1699 test campaign rows → 139 ads with go-live >= 2026-03-10 (712 daily rows).
[ads-status] Serving from memory cache (5274 ads)
[roas-tracker] 143 creatives since 2026-03-10 (36 with funnel data).
[roas-tracker] 143 ads since 2026-03-10.
[roas-tracker] Upserted: 0 new, 143 updated. 0 need predictions.
[roas-tracker] Done. {"snapshots":143,"tracked":143,"newAds":0,"updated":143,"predicted":0}
[ad-insights] Fetching page 20... (9500 rows so far)
[ad-insights] Fetching page 21... (10000 rows so far)
[ad-insights] Done. 21 pages, 10055 total rows.
[ad-insights] Saved to disk: 10055 rows
[roas-tracker] Fetched 7453 Meta rows, 3071 funnel rows.
[roas-tracker] 1699 test campaign rows → 139 ads with go-live >= 2026-03-10 (712 daily rows).
[ads-status] Serving from memory cache (5274 ads)
[roas-tracker] 143 creatives since 2026-03-10 (36 with funnel data).
[roas-tracker] 143 ads since 2026-03-10.
[roas-tracker] Upserted: 0 new, 143 updated. 0 need predictions.
[roas-tracker] Done. {"snapshots":143,"tracked":143,"newAds":0,"updated":143,"predicted":0}
[ad-insights] Fetching page 21... (10000 rows so far)
[ad-insights] Done. 21 pages, 10055 total rows.
[ad-insights] Saved to disk: 10055 rows
[roas-tracker] Fetched 7453 Meta rows, 3071 funnel rows.
[roas-tracker] 1699 test campaign rows → 139 ads with go-live >= 2026-03-10 (712 daily rows).
[ads-status] Serving from memory cache (5274 ads)
[roas-tracker] 143 creatives since 2026-03-10 (36 with funnel data).
[roas-tracker] 143 ads since 2026-03-10.
[roas-tracker] Upserted: 0 new, 143 updated. 0 need predictions.
[roas-tracker] Done. {"snapshots":143,"tracked":143,"newAds":0,"updated":143,"predicted":0}
[FE:ProposalGenerator] getProposals: returned 26 rows
[FE:ProposalGenerator] getProposals: returned 36 rows
[TrendScanner] Generating concepts...
[FE:ProposalGenerator] getProposals: returned 26 rows
[FE:ProposalGenerator] getProposals: returned 36 rows
[FE:ProposalGenerator] getProposals: returned 26 rows
[FE:ProposalGenerator] getProposals: returned 36 rows
[FE:ProposalGenerator] getProposals: returned 26 rows
[FE:ProposalGenerator] getProposals: returned 36 rows
[FE:ProposalGenerator] getProposals: returned 26 rows
[FE:ProposalGenerator] getProposals: returned 36 rows
[FE:ProposalGenerator] getProposals: returned 26 rows
[FE:ProposalGenerator] getProposals: returned 36 rows
[ad-insights] Serving from memory (5797 rows)
[ad-funnel] Serving from memory (1770 rows)
[ad-insights] Serving from memory (5797 rows)
[ad-funnel] Serving from memory (1770 rows)
[ad-insights] Serving from memory (5797 rows)
[ad-funnel] Serving from memory (1770 rows)
[ads-status] Serving from memory cache (5274 ads)
[ads-status] Serving from memory cache (5274 ads)
[ads-status] Serving from memory cache (5274 ads)
[ad-insights] Serving from memory (536 rows)
[ad-funnel] Serving from memory (157 rows)
[gc-ad-funnel] Serving from memory (605 rows)
[ad-insights] Serving from memory (536 rows)
[ad-funnel] Serving from memory (157 rows)
[ad-insights] Serving from memory (536 rows)
[ad-funnel] Serving from memory (157 rows)
[FE:ProposalGenerator] getProposals: returned 26 rows
[FE:ProposalGenerator] getProposals: returned 36 rows
[roas-tracker] Starting snapshot. Only test campaign ads with go-live >= 2026-03-10
[ad-insights] Fetching page 1...
[ad-funnel] Running Metabase query...
[roas-tracker] Starting snapshot. Only test campaign ads with go-live >= 2026-03-10
[roas-tracker] Starting snapshot. Only test campaign ads with go-live >= 2026-03-10
[ad-insights] Serving from memory (5797 rows)
[ad-funnel] Serving from memory (1770 rows)
[ad-insights] Fetching page 1...
[ad-funnel] Running Metabase query...
[ad-insights] Serving from memory (5797 rows)
[ad-funnel] Serving from memory (1770 rows)
[ad-funnel] Running Metabase query...
[ad-insights] Fetching page 1...
[ads-status] Serving from disk cache (5274 ads, 135min old)
[ad-insights] Serving from memory (5797 rows)
[ad-funnel] Serving from memory (1770 rows)
[gc-ad-funnel] Serving from memory (605 rows)
[FE:ProposalGenerator] getProposals: returned 26 rows
[FE:ProposalGenerator] getProposals: returned 36 rows
[ads-status] Serving from memory cache (5274 ads)
[ads-status] Serving from memory cache (5274 ads)
[ad-insights] Serving from memory (536 rows)
[ad-funnel] Serving from memory (157 rows)
[ad-insights] Serving from memory (536 rows)
[ad-funnel] Serving from memory (157 rows)
[ad-insights] Serving from memory (536 rows)
[ad-funnel] Serving from memory (157 rows)
[ad-insights] Fetching page 2... (500 rows so far)
[ad-insights] Fetching page 2... (500 rows so far)
[ad-insights] Fetching page 2... (500 rows so far)
[ad-insights] Fetching page 3... (1000 rows so far)
[ad-insights] Fetching page 3... (1000 rows so far)
[ad-insights] Fetching page 3... (1000 rows so far)
[ad-funnel] Done. 3071 rows returned. Truncated: false
[ad-insights] Fetching page 4... (1500 rows so far)
[ad-funnel] Done. 3071 rows returned. Truncated: false
[ad-insights] Fetching page 4... (1500 rows so far)
[ad-funnel] Done. 3071 rows returned. Truncated: false
[ad-insights] Fetching page 4... (1500 rows so far)
[ad-insights] Fetching page 5... (2000 rows so far)
[ad-insights] Fetching page 5... (2000 rows so far)
[ad-insights] Fetching page 5... (2000 rows so far)
[FE:ProposalGenerator] getProposals: returned 26 rows
[FE:ProposalGenerator] getProposals: returned 36 rows
[ad-insights] Fetching page 6... (2500 rows so far)
[ad-insights] Fetching page 6... (2500 rows so far)
[ad-insights] Fetching page 7... (3000 rows so far)
[ad-insights] Fetching page 7... (3000 rows so far)
[ad-insights] Fetching page 6... (2500 rows so far)
[ad-insights] Fetching page 8... (3500 rows so far)
[ad-insights] Fetching page 8... (3500 rows so far)
[ad-insights] Fetching page 7... (3000 rows so far)
[ad-insights] Fetching page 9... (4000 rows so far)
[ad-insights] Fetching page 9... (4000 rows so far)
[ad-insights] Fetching page 10... (4500 rows so far)
[ad-insights] Fetching page 10... (4500 rows so far)
[ad-insights] Fetching page 8... (3500 rows so far)
[ad-insights] Fetching page 11... (5000 rows so far)
[ad-insights] Fetching page 11... (5000 rows so far)
[ad-insights] Fetching page 9... (4000 rows so far)
[ad-insights] Fetching page 12... (5500 rows so far)
[ad-insights] Fetching page 12... (5500 rows so far)
[FE:ProposalGenerator] getProposals: returned 26 rows
[FE:ProposalGenerator] getProposals: returned 36 rows
[ad-insights] Fetching page 10... (4500 rows so far)
[ad-insights] Fetching page 13... (6000 rows so far)
[ad-insights] Fetching page 13... (6000 rows so far)
[ad-insights] Fetching page 14... (6500 rows so far)
[ad-insights] Fetching page 14... (6500 rows so far)
[ad-insights] Fetching page 11... (5000 rows so far)
[ad-insights] Fetching page 15... (7000 rows so far)
[ad-insights] Fetching page 15... (7000 rows so far)
[ad-insights] Fetching page 16... (7500 rows so far)
[ad-insights] Fetching page 16... (7500 rows so far)
[ad-insights] Fetching page 17... (8000 rows so far)
[ad-insights] Fetching page 12... (5500 rows so far)
[ad-insights] Fetching page 17... (8000 rows so far)
[ad-insights] Fetching page 13... (6000 rows so far)
[ad-insights] Fetching page 18... (8500 rows so far)
[FE:ProposalGenerator] getProposals: returned 26 rows
[FE:ProposalGenerator] getProposals: returned 36 rows
[ad-insights] Fetching page 18... (8500 rows so far)
[ad-insights] Fetching page 14... (6500 rows so far)
[ad-insights] Fetching page 19... (9000 rows so far)
[ad-insights] Fetching page 20... (9500 rows so far)
[ad-insights] Fetching page 15... (7000 rows so far)
[ad-insights] Fetching page 19... (9000 rows so far)
[ad-insights] Fetching page 21... (10000 rows so far)
[ad-insights] Fetching page 16... (7500 rows so far)
[ad-insights] Done. 21 pages, 10057 total rows.
[ad-insights] Saved to disk: 10057 rows
[roas-tracker] Fetched 7455 Meta rows, 3071 funnel rows.
[roas-tracker] 1699 test campaign rows → 139 ads with go-live >= 2026-03-10 (712 daily rows).
[ads-status] Serving from memory cache (5274 ads)
[roas-tracker] 143 creatives since 2026-03-10 (36 with funnel data).
[roas-tracker] 143 ads since 2026-03-10.
[roas-tracker] Upserted: 0 new, 143 updated. 0 need predictions.
[roas-tracker] Done. {"snapshots":143,"tracked":143,"newAds":0,"updated":143,"predicted":0}
[ad-insights] Fetching page 20... (9500 rows so far)
[ad-insights] Fetching page 17... (8000 rows so far)
[ad-insights] Fetching page 21... (10000 rows so far)
[ad-insights] Done. 21 pages, 10057 total rows.
[ad-insights] Saved to disk: 10057 rows
[roas-tracker] Fetched 7455 Meta rows, 3071 funnel rows.
[roas-tracker] 1699 test campaign rows → 139 ads with go-live >= 2026-03-10 (712 daily rows).
[ads-status] Serving from memory cache (5274 ads)
[roas-tracker] 143 creatives since 2026-03-10 (36 with funnel data).
[roas-tracker] 143 ads since 2026-03-10.
[roas-tracker] Upserted: 0 new, 143 updated. 0 need predictions.
[roas-tracker] Done. {"snapshots":143,"tracked":143,"newAds":0,"updated":143,"predicted":0}
[ad-insights] Fetching page 18... (8500 rows so far)
[FE:ProposalGenerator] getProposals: returned 26 rows
[FE:ProposalGenerator] getProposals: returned 36 rows
[ad-insights] Fetching page 19... (9000 rows so far)
[ad-insights] Fetching page 20... (9500 rows so far)
[ad-insights] Fetching page 21... (10000 rows so far)
[ad-insights] Done. 21 pages, 10057 total rows.
[ad-insights] Saved to disk: 10057 rows
[roas-tracker] Fetched 7455 Meta rows, 3071 funnel rows.
[roas-tracker] 1699 test campaign rows → 139 ads with go-live >= 2026-03-10 (712 daily rows).
[ads-status] Serving from memory cache (5274 ads)
[roas-tracker] 143 creatives since 2026-03-10 (36 with funnel data).
[roas-tracker] 143 ads since 2026-03-10.
[roas-tracker] Upserted: 0 new, 143 updated. 0 need predictions.
[roas-tracker] Done. {"snapshots":143,"tracked":143,"newAds":0,"updated":143,"predicted":0}
[FE:ProposalGenerator] getProposals: returned 26 rows
[FE:ProposalGenerator] getProposals: returned 36 rows
[FE:ProposalGenerator] getProposals: returned 26 rows
[FE:ProposalGenerator] getProposals: returned 36 rows
[FE:ProposalGenerator] getProposals: returned 26 rows
[FE:ProposalGenerator] getProposals: returned 36 rows
[FE:ProposalGenerator] getProposals: returned 26 rows
[FE:ProposalGenerator] getProposals: returned 36 rows
[FE:ProposalGenerator] getProposals: returned 26 rows
[FE:ProposalGenerator] getProposals: returned 36 rows
[ad-insights] Serving from memory (5797 rows)
[ad-funnel] Serving from memory (1770 rows)
[ad-insights] Serving from memory (5797 rows)
[ad-funnel] Serving from memory (1770 rows)
[ad-insights] Serving from memory (5797 rows)
[ad-funnel] Serving from memory (1770 rows)
[ads-status] Serving from memory cache (5274 ads)
[ads-status] Serving from memory cache (5274 ads)
[ads-status] Serving from memory cache (5274 ads)
[gc-ad-funnel] Serving from memory (605 rows)
[ad-insights] Serving from memory (536 rows)
[ad-funnel] Serving from memory (157 rows)
[ad-insights] Serving from memory (536 rows)
[ad-funnel] Serving from memory (157 rows)
[ad-insights] Serving from memory (536 rows)
[ad-funnel] Serving from memory (157 rows)
[ad-insights] Serving from memory (536 rows)
[ad-funnel] Serving from memory (157 rows)
[ad-insights] Serving from memory (536 rows)
[ad-funnel] Serving from memory (157 rows)
[FE:ProposalGenerator] getProposals: returned 26 rows
[FE:ProposalGenerator] getProposals: returned 36 rows
[FE:ProposalGenerator] getProposals: returned 26 rows
[FE:ProposalGenerator] getProposals: returned 36 rows
[FE:ProposalGenerator] getProposals: returned 26 rows
[FE:ProposalGenerator] getProposals: returned 36 rows
[FE:Scheduler] Starting job: watcher-refresh
[FE:Watcher] Refreshing Meta prediction accuracy...
[FE:Watcher] Meta predictions: 0 processed, 299 skipped
[FE:Watcher] Refreshing Google prediction accuracy...
[FE:Watcher] Google predictions: 0 processed, 0 skipped
[FE:Watcher] Refreshing recommendation tracking...
[FE:Watcher] ci_recommendations not found: no such table: ci_recommendations
[FE:Watcher] Recommendation tracking: 0 processed
[FE:Watcher] Refreshing competitor signal accuracy...
[FE:Watcher] Competitor signals: 0 processed
[FE:Watcher] Full refresh complete: 0 records processed
[FE:Scheduler] Completed job: watcher-refresh (98ms, 1 records)
[FE:ProposalGenerator] getProposals: returned 26 rows
[FE:ProposalGenerator] getProposals: returned 36 rows
[FE:ProposalGenerator] getProposals: returned 26 rows
[FE:ProposalGenerator] getProposals: returned 36 rows
[FE:ProposalGenerator] getProposals: returned 26 rows
[FE:ProposalGenerator] getProposals: returned 36 rows
[FE:ProposalGenerator] getProposals: returned 26 rows
[FE:ProposalGenerator] getProposals: returned 36 rows
[ad-insights] Serving from disk (5797 rows, 246min old)
[ads-status] Serving from memory cache (5274 ads)
[ad-funnel] Running Metabase query...
[ad-funnel] Done. 1770 rows returned. Truncated: false
[ai/analyze] Running AI analysis (prompt length: 36 chars)...
[ai/analyze] Done. Response length: 11 chars
[FE:ProposalGenerator] getProposals: returned 26 rows
[FE:ProposalGenerator] getProposals: returned 36 rows
[ads-status] Serving from memory cache (5274 ads)
[FE:ProposalGenerator] getProposals: returned 26 rows
[FE:ProposalGenerator] getProposals: returned 36 rows
[FE:ProposalGenerator] getProposals: returned 26 rows
[FE:ProposalGenerator] getProposals: returned 36 rows
[ad-insights] Serving from memory (5797 rows)
[ad-funnel] Serving from memory (1770 rows)
[ad-insights] Serving from memory (5797 rows)
[ad-funnel] Serving from memory (1770 rows)
[ad-insights] Serving from memory (5797 rows)
[ad-funnel] Serving from memory (1770 rows)
[ads-status] Serving from memory cache (5274 ads)
[ads-status] Serving from memory cache (5274 ads)
[ads-status] Serving from memory cache (5274 ads)
[gc-ad-funnel] Running Metabase query...
[ad-insights] Serving from disk (536 rows, 283min old)
[ad-funnel] Running Metabase query...
[ad-insights] Serving from memory (536 rows)
[ad-funnel] Running Metabase query...
[ad-insights] Serving from memory (536 rows)
[ad-funnel] Running Metabase query...
[ad-funnel] Done. 164 rows returned. Truncated: false
[ad-funnel] Done. 164 rows returned. Truncated: false
[ad-funnel] Done. 164 rows returned. Truncated: false
[roas-tracker] Starting snapshot. Only test campaign ads with go-live >= 2026-03-10
[roas-tracker] Starting snapshot. Only test campaign ads with go-live >= 2026-03-10
[roas-tracker] Starting snapshot. Only test campaign ads with go-live >= 2026-03-10
[ad-funnel] Running Metabase query...
[ad-insights] Fetching page 1...
[ad-funnel] Running Metabase query...
[ad-insights] Fetching page 1...
[ad-funnel] Running Metabase query...
[ad-insights] Fetching page 1...
[FE:ProposalGenerator] getProposals: returned 26 rows
[FE:ProposalGenerator] getProposals: returned 36 rows
[gc-ad-funnel] Done. 605 rows returned. Truncated: false
[ad-insights] Fetching page 2... (500 rows so far)
[ad-insights] Fetching page 2... (500 rows so far)
[ad-insights] Fetching page 2... (500 rows so far)
[ad-insights] Fetching page 3... (1000 rows so far)
[ad-insights] Fetching page 3... (1000 rows so far)
[ad-insights] Fetching page 3... (1000 rows so far)
[ad-funnel] Done. 3072 rows returned. Truncated: false
[ad-funnel] Done. 3072 rows returned. Truncated: false
[ad-funnel] Done. 3072 rows returned. Truncated: false
[ad-insights] Fetching page 4... (1500 rows so far)
[ad-insights] Fetching page 4... (1500 rows so far)
[ad-insights] Fetching page 4... (1500 rows so far)
[ad-insights] Fetching page 5... (2000 rows so far)
[ad-insights] Fetching page 5... (2000 rows so far)
[ad-insights] Fetching page 5... (2000 rows so far)
[ad-insights] Fetching page 6... (2500 rows so far)
[ad-insights] Fetching page 6... (2500 rows so far)
[ad-insights] Fetching page 6... (2500 rows so far)
[ad-insights] Fetching page 7... (3000 rows so far)
[ad-insights] Fetching page 7... (3000 rows so far)
[FE:ProposalGenerator] getProposals: returned 26 rows
[FE:ProposalGenerator] getProposals: returned 36 rows
[ad-insights] Fetching page 7... (3000 rows so far)
[ad-insights] Fetching page 8... (3500 rows so far)
[ad-insights] Fetching page 8... (3500 rows so far)
[ad-insights] Fetching page 9... (4000 rows so far)
[ad-insights] Fetching page 8... (3500 rows so far)
[ad-insights] Fetching page 9... (4000 rows so far)
[ad-insights] Fetching page 10... (4500 rows so far)
[ad-insights] Fetching page 9... (4000 rows so far)
[ad-insights] Fetching page 10... (4500 rows so far)
[ad-insights] Done. 10 pages, 4500 total rows. WARNING: pagination broke — data may be truncated!
[ad-insights] Disk cache has 10057 rows vs truncated 4500 — using disk cache.
[roas-tracker] Fetched 7455 Meta rows, 3072 funnel rows.
[roas-tracker] 1699 test campaign rows → 139 ads with go-live >= 2026-03-10 (712 daily rows).
[ads-status] Serving from memory cache (5274 ads)
[roas-tracker] 143 creatives since 2026-03-10 (36 with funnel data).
[roas-tracker] 143 ads since 2026-03-10.
[roas-tracker] Upserted: 0 new, 143 updated. 0 need predictions.
[roas-tracker] Done. {"snapshots":143,"tracked":143,"newAds":0,"updated":143,"predicted":0}
[ad-insights] Fetching page 10... (4500 rows so far)
[ad-insights] Fetching page 11... (5000 rows so far)
[ad-insights] Fetching page 12... (5500 rows so far)
[ad-insights] Fetching page 11... (5000 rows so far)
[ad-insights] Fetching page 13... (6000 rows so far)
[ad-insights] Fetching page 12... (5500 rows so far)
[FE:ProposalGenerator] getProposals: returned 26 rows
[FE:ProposalGenerator] getProposals: returned 36 rows
[ad-insights] Fetching page 13... (6000 rows so far)
[ad-insights] Fetching page 14... (6500 rows so far)
[ad-insights] Fetching page 14... (6500 rows so far)
[ad-insights] Fetching page 15... (7000 rows so far)
[ad-insights] Fetching page 15... (7000 rows so far)
[ad-insights] Fetching page 16... (7500 rows so far)
[ad-insights] Fetching page 16... (7500 rows so far)
[ad-insights] Fetching page 17... (8000 rows so far)
[ad-insights] Fetching page 17... (8000 rows so far)
[ad-insights] Fetching page 18... (8500 rows so far)
[ad-insights] Fetching page 18... (8500 rows so far)
[ad-insights] Fetching page 19... (9000 rows so far)
[ad-insights] Fetching page 19... (9000 rows so far)
[FE:ProposalGenerator] getProposals: returned 26 rows
[FE:ProposalGenerator] getProposals: returned 36 rows
[ad-insights] Fetching page 20... (9500 rows so far)
[ad-insights] Fetching page 20... (9500 rows so far)
[ad-insights] Fetching page 21... (10000 rows so far)
[ad-insights] Done. 21 pages, 10057 total rows.
[ad-insights] Saved to disk: 10057 rows
[roas-tracker] Fetched 7455 Meta rows, 3072 funnel rows.
[roas-tracker] 1699 test campaign rows → 139 ads with go-live >= 2026-03-10 (712 daily rows).
[ads-status] Serving from memory cache (5274 ads)
[roas-tracker] 143 creatives since 2026-03-10 (36 with funnel data).
[roas-tracker] 143 ads since 2026-03-10.
[roas-tracker] Upserted: 0 new, 143 updated. 0 need predictions.
[roas-tracker] Done. {"snapshots":143,"tracked":143,"newAds":0,"updated":143,"predicted":0}
[ad-insights] Fetching page 21... (10000 rows so far)
[ad-insights] Done. 21 pages, 10057 total rows.
[ad-insights] Saved to disk: 10057 rows
[roas-tracker] Fetched 7455 Meta rows, 3072 funnel rows.
[roas-tracker] 1699 test campaign rows → 139 ads with go-live >= 2026-03-10 (712 daily rows).
[ads-status] Serving from memory cache (5274 ads)
[roas-tracker] 143 creatives since 2026-03-10 (36 with funnel data).
[roas-tracker] 143 ads since 2026-03-10.
[roas-tracker] Upserted: 0 new, 143 updated. 0 need predictions.
[roas-tracker] Done. {"snapshots":143,"tracked":143,"newAds":0,"updated":143,"predicted":0}
[FE:ProposalGenerator] getProposals: returned 26 rows
[FE:ProposalGenerator] getProposals: returned 36 rows
[FE:ProposalGenerator] getProposals: returned 26 rows
[FE:ProposalGenerator] getProposals: returned 36 rows
[FE:ProposalGenerator] getProposals: returned 26 rows
[FE:ProposalGenerator] getProposals: returned 36 rows
[FE:ProposalGenerator] getProposals: returned 26 rows
[FE:ProposalGenerator] getProposals: returned 36 rows
[FE:Scheduler] Starting job: data-quality-check
[FE:DataQuality] Running audit (2026-03-04 -> 2026-04-03, forceFresh=false)
[ad-insights] Serving from disk (12648 rows, 235min old)
[ad-funnel] Running Metabase query...
[gc-ad-funnel] Serving from memory (605 rows)
[ads-status] Serving from memory cache (5274 ads)
[ad-funnel] Done. 3822 rows returned. Truncated: false
[FE:DataQuality] Audit complete. status=WARN findings=14
[FE:Scheduler] Completed job: data-quality-check (28504ms, 14 records)
[FE:ProposalGenerator] getProposals: returned 26 rows
[FE:ProposalGenerator] getProposals: returned 36 rows
[FE:ProposalGenerator] getProposals: returned 26 rows
[FE:ProposalGenerator] getProposals: returned 36 rows
[ad-insights] Serving from memory (5797 rows)
[ad-funnel] Serving from memory (1770 rows)
[ad-insights] Serving from memory (5797 rows)
[ad-funnel] Serving from memory (1770 rows)
[ads-status] Serving from memory cache (5274 ads)
[ad-insights] Serving from memory (5797 rows)
[ad-funnel] Serving from memory (1770 rows)
[gc-ad-funnel] Serving from memory (605 rows)
[ads-status] Serving from memory cache (5274 ads)
[FE:ProposalGenerator] getProposals: returned 26 rows
[FE:ProposalGenerator] getProposals: returned 36 rows
[ads-status] Serving from memory cache (5274 ads)
[ad-insights] Serving from memory (536 rows)
[ad-funnel] Serving from memory (164 rows)
[ad-insights] Serving from memory (536 rows)
[ad-funnel] Serving from memory (164 rows)
[ad-insights] Serving from memory (536 rows)
[ad-funnel] Serving from memory (164 rows)
[FE:ProposalGenerator] getProposals: returned 26 rows
[FE:ProposalGenerator] getProposals: returned 36 rows
[FE:ProposalGenerator] getProposals: returned 26 rows
[FE:ProposalGenerator] getProposals: returned 36 rows
[ai/analyze] Running AI analysis (prompt length: 36 chars)...
[ai/analyze] Done. Response length: 11 chars
[FE:ProposalGenerator] getProposals: returned 26 rows
[FE:ProposalGenerator] getProposals: returned 36 rows
[FE:ProposalGenerator] getProposals: returned 26 rows
[FE:ProposalGenerator] getProposals: returned 36 rows
[FE:ProposalGenerator] getProposals: returned 26 rows
[FE:ProposalGenerator] getProposals: returned 36 rows
[FE:ProposalGenerator] getProposals: returned 26 rows
[FE:ProposalGenerator] getProposals: returned 36 rows
[FE:ProposalGenerator] getProposals: returned 26 rows
[FE:ProposalGenerator] getProposals: returned 36 rows
[FE:ProposalGenerator] getProposals: returned 26 rows
[FE:ProposalGenerator] getProposals: returned 36 rows
[FE:ProposalGenerator] getProposals: returned 26 rows
[FE:ProposalGenerator] getProposals: returned 36 rows
[roas-tracker] Starting snapshot. Only test campaign ads with go-live >= 2026-03-10
[roas-tracker] Starting snapshot. Only test campaign ads with go-live >= 2026-03-10
[roas-tracker] Starting snapshot. Only test campaign ads with go-live >= 2026-03-10
[ad-insights] Serving from memory (5797 rows)
[ad-funnel] Serving from memory (1770 rows)
[ad-insights] Fetching page 1...
[ad-insights] Serving from memory (5797 rows)
[ad-funnel] Running Metabase query...
[ad-insights] Fetching page 1...
[ad-funnel] Running Metabase query...
[ad-insights] Fetching page 1...
[ad-funnel] Running Metabase query...
[ads-status] Serving from memory cache (5274 ads)
[ad-funnel] Serving from memory (1770 rows)
[ad-insights] Serving from memory (5797 rows)
[roas-tracker] Starting snapshot. Only test campaign ads with go-live >= 2026-03-10
[ad-funnel] Serving from memory (1770 rows)
[gc-ad-funnel] Serving from memory (605 rows)
[ad-insights] Serving from memory (10057 rows)
[ad-funnel] Serving from memory (3072 rows)
[roas-tracker] Fetched 7455 Meta rows, 3072 funnel rows.
[roas-tracker] 1699 test campaign rows → 139 ads with go-live >= 2026-03-10 (712 daily rows).
[FE:ProposalGenerator] getProposals: returned 26 rows
[ads-status] Serving from memory cache (5274 ads)
[FE:ProposalGenerator] getProposals: returned 36 rows
[roas-tracker] 143 creatives since 2026-03-10 (36 with funnel data).
[roas-tracker] 143 ads since 2026-03-10.
[roas-tracker] Upserted: 0 new, 143 updated. 0 need predictions.
[roas-tracker] Done. {"snapshots":143,"tracked":143,"newAds":0,"updated":143,"predicted":0}
[ads-status] Serving from memory cache (5274 ads)
[ads-status] Serving from memory cache (5274 ads)
[ad-insights] Serving from memory (536 rows)
[ad-funnel] Serving from memory (164 rows)
[ad-insights] Serving from memory (536 rows)
[ad-funnel] Serving from memory (164 rows)
[ad-insights] Serving from memory (536 rows)
[ad-funnel] Serving from memory (164 rows)
[ad-insights] Fetching page 2... (500 rows so far)
[ad-insights] Fetching page 2... (500 rows so far)
[ad-insights] Fetching page 2... (500 rows so far)
[ad-insights] Fetching page 3... (1000 rows so far)
[ad-insights] Fetching page 3... (1000 rows so far)
[ad-insights] Fetching page 3... (1000 rows so far)
[ad-funnel] Done. 3074 rows returned. Truncated: false
[ad-funnel] Done. 3074 rows returned. Truncated: false
[ad-funnel] Done. 3074 rows returned. Truncated: false
[ad-insights] Fetching page 4... (1500 rows so far)
[ad-insights] Fetching page 4... (1500 rows so far)
[ad-insights] Fetching page 4... (1500 rows so far)
[ad-insights] Fetching page 5... (2000 rows so far)
[ad-insights] Fetching page 6... (2500 rows so far)
[ad-insights] Fetching page 5... (2000 rows so far)
[ad-insights] Fetching page 5... (2000 rows so far)
[ad-insights] Fetching page 7... (3000 rows so far)
[ad-insights] Fetching page 6... (2500 rows so far)
[ad-insights] Fetching page 6... (2500 rows so far)
[FE:ProposalGenerator] getProposals: returned 26 rows
[FE:ProposalGenerator] getProposals: returned 36 rows
[ad-insights] Fetching page 8... (3500 rows so far)
[ad-insights] Fetching page 7... (3000 rows so far)
[ad-insights] Fetching page 7... (3000 rows so far)
[ad-insights] Fetching page 9... (4000 rows so far)
[ad-insights] Fetching page 8... (3500 rows so far)
[ad-insights] Fetching page 8... (3500 rows so far)
[ad-insights] Fetching page 10... (4500 rows so far)
[ad-insights] Fetching page 9... (4000 rows so far)
[ad-insights] Fetching page 9... (4000 rows so far)
[ad-insights] Fetching page 11... (5000 rows so far)
[ad-insights] Fetching page 12... (5500 rows so far)
[ad-insights] Fetching page 10... (4500 rows so far)
[ad-insights] Fetching page 10... (4500 rows so far)
[ad-insights] Fetching page 13... (6000 rows so far)
[ad-insights] Fetching page 11... (5000 rows so far)
[ad-insights] Fetching page 11... (5000 rows so far)
[ad-insights] Fetching page 12... (5500 rows so far)
[ad-insights] Fetching page 14... (6500 rows so far)
[FE:ProposalGenerator] getProposals: returned 26 rows
[FE:ProposalGenerator] getProposals: returned 36 rows
[ad-insights] Fetching page 12... (5500 rows so far)
[ad-insights] Fetching page 13... (6000 rows so far)
[ad-insights] Fetching page 15... (7000 rows so far)
[ad-insights] Fetching page 13... (6000 rows so far)
[ad-insights] Fetching page 16... (7500 rows so far)
[ad-insights] Fetching page 14... (6500 rows so far)
[ad-insights] Fetching page 14... (6500 rows so far)
[ad-insights] Fetching page 17... (8000 rows so far)
[ad-insights] Fetching page 15... (7000 rows so far)
[ad-insights] Fetching page 18... (8500 rows so far)
[ad-insights] Fetching page 15... (7000 rows so far)
[ad-insights] Fetching page 16... (7500 rows so far)
[ad-insights] Fetching page 19... (9000 rows so far)
[ad-insights] Fetching page 16... (7500 rows so far)
[ad-insights] Fetching page 17... (8000 rows so far)
[ad-insights] Fetching page 20... (9500 rows so far)
[FE:ProposalGenerator] getProposals: returned 26 rows
[FE:ProposalGenerator] getProposals: returned 36 rows
[ad-insights] Fetching page 17... (8000 rows so far)
[ad-insights] Fetching page 18... (8500 rows so far)
[ad-insights] Fetching page 21... (10000 rows so far)
[ad-insights] Done. 21 pages, 10061 total rows.
[ad-insights] Saved to disk: 10061 rows
[roas-tracker] Fetched 7457 Meta rows, 3074 funnel rows.
[roas-tracker] 1699 test campaign rows → 139 ads with go-live >= 2026-03-10 (712 daily rows).
[ads-status] Serving from memory cache (5274 ads)
[roas-tracker] 143 creatives since 2026-03-10 (36 with funnel data).
[roas-tracker] 143 ads since 2026-03-10.
[roas-tracker] Upserted: 0 new, 143 updated. 0 need predictions.
[roas-tracker] Done. {"snapshots":143,"tracked":143,"newAds":0,"updated":143,"predicted":0}
[ad-insights] Fetching page 18... (8500 rows so far)
[ad-insights] Fetching page 19... (9000 rows so far)
[ad-insights] Fetching page 19... (9000 rows so far)
[ad-insights] Fetching page 20... (9500 rows so far)
[ad-insights] Fetching page 20... (9500 rows so far)
[ad-insights] Fetching page 21... (10000 rows so far)
[ad-insights] Done. 21 pages, 10061 total rows.
[ad-insights] Saved to disk: 10061 rows
[roas-tracker] Fetched 7457 Meta rows, 3074 funnel rows.
[roas-tracker] 1699 test campaign rows → 139 ads with go-live >= 2026-03-10 (712 daily rows).
[ads-status] Serving from memory cache (5274 ads)
[roas-tracker] 143 creatives since 2026-03-10 (36 with funnel data).
[roas-tracker] 143 ads since 2026-03-10.
[roas-tracker] Upserted: 0 new, 143 updated. 0 need predictions.
[roas-tracker] Done. {"snapshots":143,"tracked":143,"newAds":0,"updated":143,"predicted":0}
[ad-insights] Fetching page 21... (10000 rows so far)
[ad-insights] Done. 21 pages, 10061 total rows.
[ad-insights] Saved to disk: 10061 rows
[roas-tracker] Fetched 7457 Meta rows, 3074 funnel rows.
[roas-tracker] 1699 test campaign rows → 139 ads with go-live >= 2026-03-10 (712 daily rows).
[ads-status] Serving from memory cache (5274 ads)
[roas-tracker] 143 creatives since 2026-03-10 (36 with funnel data).
[roas-tracker] 143 ads since 2026-03-10.
[roas-tracker] Upserted: 0 new, 143 updated. 0 need predictions.
[roas-tracker] Done. {"snapshots":143,"tracked":143,"newAds":0,"updated":143,"predicted":0}
[FE:ProposalGenerator] getProposals: returned 26 rows
[FE:ProposalGenerator] getProposals: returned 36 rows
[Integrity] Scheduled 6-hour run starting...

============================================================
[Integrity] Running 5 data integrity tests...
============================================================
[roas-tracker] Starting snapshot. Only test campaign ads with go-live >= 2026-03-10
[ad-insights] Serving from disk (10061 rows, 83min old)
[ad-funnel] Serving from disk (3074 rows, 86min old)
[roas-tracker] Fetched 7457 Meta rows, 3074 funnel rows.
[roas-tracker] 1699 test campaign rows → 139 ads with go-live >= 2026-03-10 (712 daily rows).
  [PASS] Campaign ID extraction (722ms) — All 10 rows have non-empty campaign ID extraction
[roas-tracker] Starting snapshot. Only test campaign ads with go-live >= 2026-03-10
[ad-insights] Fetching page 1...
[ad-funnel] Running Metabase query...
[roas-tracker] Starting snapshot. Only test campaign ads with go-live >= 2026-03-10
[ad-funnel] Running Metabase query...
[ad-insights] Fetching page 1...
[roas-tracker] Starting snapshot. Only test campaign ads with go-live >= 2026-03-10
[ad-insights] Fetching page 1...
[ad-funnel] Running Metabase query...
[ad-insights] Serving from disk (5797 rows, 357min old)
[ad-insights] Serving from memory (5797 rows)
[ad-funnel] Serving from disk (1770 rows, 110min old)
[ad-funnel] Serving from memory (1770 rows)
[ad-insights] Serving from memory (5797 rows)
  [PASS] Campaign ID <-> Meta API match rate (6138ms) — Campaign match rate 100.0% (3/3)
  [PASS] ROAS sanity check (2ms) — 84 ads checked — ROAS values within expected ranges (avg D6: 30.5%)
  [PASS] Revenue window alignment (1ms) — 41 ads checked — all revenue windows correctly ordered (D6 <= D15 <= D30 <= D60 <= Overall)
[ad-funnel] Serving from memory (1770 rows)
[gc-ad-funnel] Serving from disk (605 rows, 107min old)
[FE:ProposalGenerator] getProposals: returned 26 rows
[FE:ProposalGenerator] getProposals: returned 36 rows
[ad-insights] Fetching page 2... (500 rows so far)
[ad-insights] Fetching page 2... (500 rows so far)
[ad-insights] Fetching page 2... (500 rows so far)
  [PASS] Adset name normalization (7601ms) — Adset name match rate 100.0% (20/20)
============================================================
[Integrity] Done in 14470ms — OK (5 pass, 0 fail, 0 warn, 0 skip)
============================================================

[ad-insights] Fetching page 1...
[ad-funnel] Serving from disk (164 rows, 107min old)
[ad-insights] Fetching page 3... (1000 rows so far)
[ads-status] Done. 11 pages, 5274 ads.
[roas-tracker] 143 creatives since 2026-03-10 (36 with funnel data).
[roas-tracker] 143 ads since 2026-03-10.
[roas-tracker] Upserted: 0 new, 143 updated. 0 need predictions.
[roas-tracker] Done. {"snapshots":143,"tracked":143,"newAds":0,"updated":143,"predicted":0}
[ad-insights] Fetching page 3... (1000 rows so far)
[ad-insights] Fetching page 3... (1000 rows so far)
[ads-status] Done. 11 pages, 5274 ads.
[ads-status] Serving from memory cache (5274 ads)
[ad-insights] Fetching page 1...
[ad-funnel] Done. 3078 rows returned. Truncated: false
[ad-insights] Fetching page 2... (500 rows so far)
[ad-funnel] Done. 3078 rows returned. Truncated: false
[ad-insights] Fetching page 4... (1500 rows so far)
[ad-funnel] Done. 3078 rows returned. Truncated: false
[ad-insights] Fetching page 4... (1500 rows so far)
[ad-insights] Done. 2 pages, 577 total rows.
[ad-insights] Saved to disk: 577 rows
[ad-funnel] Serving from memory (164 rows)
[ad-insights] Serving from memory (577 rows)
[ad-funnel] Serving from memory (164 rows)
[ad-insights] Serving from memory (577 rows)
[ad-funnel] Serving from memory (164 rows)
[ad-insights] Serving from memory (577 rows)
[ad-funnel] Serving from memory (164 rows)
[ad-insights] Fetching page 4... (1500 rows so far)
[ad-insights] Fetching page 2... (500 rows so far)
[ad-insights] Done. 2 pages, 577 total rows.
[ad-insights] Saved to disk: 577 rows
[ad-insights] Fetching page 5... (2000 rows so far)
[ad-insights] Fetching page 5... (2000 rows so far)
[ad-insights] Fetching page 5... (2000 rows so far)
[ad-insights] Fetching page 6... (2500 rows so far)
[ad-insights] Fetching page 6... (2500 rows so far)
[ad-insights] Fetching page 6... (2500 rows so far)
[ads-status] Done. 11 pages, 5274 ads.
[ad-insights] Serving from memory (577 rows)
[ad-funnel] Serving from memory (164 rows)
[ad-insights] Fetching page 7... (3000 rows so far)
[ad-insights] Fetching page 7... (3000 rows so far)
[ad-insights] Fetching page 7... (3000 rows so far)
[FE:ProposalGenerator] getProposals: returned 26 rows
[FE:ProposalGenerator] getProposals: returned 36 rows
[ad-insights] Fetching page 8... (3500 rows so far)
[ad-insights] Fetching page 8... (3500 rows so far)
[ad-insights] Fetching page 8... (3500 rows so far)
[ad-insights] Fetching page 9... (4000 rows so far)
[ad-insights] Fetching page 9... (4000 rows so far)
[ad-insights] Fetching page 9... (4000 rows so far)
[FE:ProposalGenerator] getProposals: returned 26 rows
[FE:ProposalGenerator] getProposals: returned 36 rows
[ad-insights] Fetching page 10... (4500 rows so far)
[ad-insights] Fetching page 10... (4500 rows so far)
[ad-insights] Fetching page 10... (4500 rows so far)
[ad-insights] Fetching page 11... (5000 rows so far)
[ad-insights] Fetching page 11... (5000 rows so far)
[ad-insights] Fetching page 11... (5000 rows so far)
[ad-insights] Fetching page 12... (5500 rows so far)
[ad-insights] Fetching page 12... (5500 rows so far)
[ad-insights] Fetching page 12... (5500 rows so far)
[ad-insights] Fetching page 13... (6000 rows so far)
[ad-insights] Fetching page 13... (6000 rows so far)
[FE:ProposalGenerator] getProposals: returned 26 rows
[FE:ProposalGenerator] getProposals: returned 36 rows
[ad-insights] Fetching page 13... (6000 rows so far)
[ad-insights] Fetching page 14... (6500 rows so far)
[ad-insights] Fetching page 14... (6500 rows so far)
[ad-insights] Fetching page 15... (7000 rows so far)
[ad-insights] Fetching page 14... (6500 rows so far)
[ad-insights] Fetching page 15... (7000 rows so far)
[ad-insights] Fetching page 16... (7500 rows so far)
[ad-insights] Fetching page 15... (7000 rows so far)
[ad-insights] Fetching page 16... (7500 rows so far)
[ad-insights] Fetching page 17... (8000 rows so far)
[ad-insights] Fetching page 16... (7500 rows so far)
[ad-insights] Fetching page 17... (8000 rows so far)
[ad-insights] Fetching page 18... (8500 rows so far)
[ad-insights] Fetching page 17... (8000 rows so far)
[ad-insights] Fetching page 18... (8500 rows so far)
[ad-insights] Fetching page 19... (9000 rows so far)
[ad-insights] Fetching page 18... (8500 rows so far)
[ad-insights] Fetching page 19... (9000 rows so far)
[ad-insights] Fetching page 20... (9500 rows so far)
[ad-insights] Serving from memory (5797 rows)
[ad-funnel] Serving from memory (1770 rows)
[ads-status] Serving from memory cache (5274 ads)
[ad-insights] Serving from memory (5797 rows)
[ad-funnel] Serving from memory (1770 rows)
[ad-insights] Serving from memory (5797 rows)
[ad-funnel] Serving from memory (1770 rows)
[gc-ad-funnel] Serving from memory (605 rows)
[FE:ProposalGenerator] getProposals: returned 26 rows
[FE:ProposalGenerator] getProposals: returned 36 rows
[ads-status] Serving from memory cache (5274 ads)
[ads-status] Serving from memory cache (5274 ads)
[ad-insights] Fetching page 19... (9000 rows so far)
[ad-insights] Fetching page 20... (9500 rows so far)
[ad-insights] Fetching page 21... (10000 rows so far)
[ad-insights] Serving from memory (577 rows)
[ad-funnel] Serving from memory (164 rows)
[ad-insights] Serving from memory (577 rows)
[ad-funnel] Serving from memory (164 rows)
[ad-insights] Serving from memory (577 rows)
[ad-funnel] Serving from memory (164 rows)
[ad-insights] Serving from memory (577 rows)
[ad-funnel] Serving from memory (164 rows)
[ad-insights] Done. 21 pages, 10063 total rows.
[ad-insights] Saved to disk: 10063 rows
[roas-tracker] Fetched 7459 Meta rows, 3078 funnel rows.
[roas-tracker] 1699 test campaign rows → 139 ads with go-live >= 2026-03-10 (712 daily rows).
[ads-status] Serving from memory cache (5274 ads)
[roas-tracker] 143 creatives since 2026-03-10 (36 with funnel data).
[roas-tracker] 143 ads since 2026-03-10.
[roas-tracker] Upserted: 0 new, 143 updated. 0 need predictions.
[roas-tracker] Done. {"snapshots":143,"tracked":143,"newAds":0,"updated":143,"predicted":0}
[ad-insights] Fetching page 21... (10000 rows so far)
[ad-insights] Fetching page 20... (9500 rows so far)
[ad-insights] Done. 21 pages, 10063 total rows.
[ad-insights] Saved to disk: 10063 rows
[roas-tracker] Fetched 7459 Meta rows, 3078 funnel rows.
[roas-tracker] 1699 test campaign rows → 139 ads with go-live >= 2026-03-10 (712 daily rows).
[ads-status] Serving from memory cache (5274 ads)
[roas-tracker] 143 creatives since 2026-03-10 (36 with funnel data).
[roas-tracker] 143 ads since 2026-03-10.
[roas-tracker] Upserted: 0 new, 143 updated. 0 need predictions.
[roas-tracker] Done. {"snapshots":143,"tracked":143,"newAds":0,"updated":143,"predicted":0}
[ad-insights] Fetching page 21... (10000 rows so far)
[ad-insights] Done. 21 pages, 10063 total rows.
[ad-insights] Saved to disk: 10063 rows
[roas-tracker] Fetched 7459 Meta rows, 3078 funnel rows.
[roas-tracker] 1699 test campaign rows → 139 ads with go-live >= 2026-03-10 (712 daily rows).
[ads-status] Serving from memory cache (5274 ads)
[roas-tracker] 143 creatives since 2026-03-10 (36 with funnel data).
[roas-tracker] 143 ads since 2026-03-10.
[roas-tracker] Upserted: 0 new, 143 updated. 0 need predictions.
[roas-tracker] Done. {"snapshots":143,"tracked":143,"newAds":0,"updated":143,"predicted":0}
[FE:ProposalGenerator] getProposals: returned 26 rows
[FE:ProposalGenerator] getProposals: returned 36 rows
[FE:ProposalGenerator] getProposals: returned 26 rows
[FE:ProposalGenerator] getProposals: returned 36 rows
[FE:Scheduler] Starting job: watcher-refresh
[FE:Watcher] Refreshing Meta prediction accuracy...
[FE:Watcher] Meta predictions: 0 processed, 299 skipped
[FE:Watcher] Refreshing Google prediction accuracy...
[FE:Watcher] Google predictions: 0 processed, 0 skipped
[FE:Watcher] Refreshing recommendation tracking...
[FE:Watcher] ci_recommendations not found: no such table: ci_recommendations
[FE:Watcher] Recommendation tracking: 0 processed
[FE:Watcher] Refreshing competitor signal accuracy...
[FE:Watcher] Competitor signals: 0 processed
[FE:Watcher] Full refresh complete: 0 records processed
[FE:Scheduler] Completed job: watcher-refresh (97ms, 1 records)
[FE:ProposalGenerator] getProposals: returned 26 rows
[FE:ProposalGenerator] getProposals: returned 36 rows
[FE:ProposalGenerator] getProposals: returned 26 rows
[FE:ProposalGenerator] getProposals: returned 36 rows
[FE:ProposalGenerator] getProposals: returned 26 rows
[FE:ProposalGenerator] getProposals: returned 36 rows
[FE:ProposalGenerator] getProposals: returned 26 rows
[FE:ProposalGenerator] getProposals: returned 36 rows
[FE:ProposalGenerator] getProposals: returned 26 rows
[FE:ProposalGenerator] getProposals: returned 36 rows
[FE:ProposalGenerator] getProposals: returned 26 rows
[FE:ProposalGenerator] getProposals: returned 36 rows
[FE:ProposalGenerator] getProposals: returned 26 rows
[FE:ProposalGenerator] getProposals: returned 36 rows
[ad-insights] Serving from memory (5797 rows)
[ad-funnel] Serving from memory (1770 rows)
[ad-insights] Serving from memory (5797 rows)
[ad-funnel] Serving from memory (1770 rows)
[ad-insights] Serving from memory (5797 rows)
[ads-status] Serving from memory cache (5274 ads)
[ad-funnel] Serving from memory (1770 rows)
[gc-ad-funnel] Serving from memory (605 rows)
[FE:ProposalGenerator] getProposals: returned 26 rows
[FE:ProposalGenerator] getProposals: returned 36 rows
[ads-status] Serving from memory cache (5274 ads)
[ads-status] Serving from memory cache (5274 ads)
[ad-insights] Serving from memory (577 rows)
[ad-funnel] Serving from memory (164 rows)
[ad-insights] Serving from memory (577 rows)
[ad-funnel] Serving from memory (164 rows)
[ad-insights] Serving from memory (577 rows)
[ad-funnel] Serving from memory (164 rows)
[FE:ProposalGenerator] getProposals: returned 26 rows
[FE:ProposalGenerator] getProposals: returned 36 rows
[FE:ProposalGenerator] getProposals: returned 26 rows
[FE:ProposalGenerator] getProposals: returned 36 rows
[FE:ProposalGenerator] getProposals: returned 26 rows
[FE:ProposalGenerator] getProposals: returned 36 rows
[FE:ProposalGenerator] getProposals: returned 26 rows
[FE:ProposalGenerator] getProposals: returned 36 rows
[roas-tracker] Starting snapshot. Only test campaign ads with go-live >= 2026-03-10
[ad-insights] Fetching page 1...
[ad-funnel] Running Metabase query...
[roas-tracker] Starting snapshot. Only test campaign ads with go-live >= 2026-03-10
[roas-tracker] Starting snapshot. Only test campaign ads with go-live >= 2026-03-10
[FE:ProposalGenerator] getProposals: returned 26 rows
[ad-insights] Fetching page 1...
[ad-funnel] Running Metabase query...
[ad-insights] Fetching page 1...
[ad-funnel] Running Metabase query...
[FE:ProposalGenerator] getProposals: returned 36 rows
[ad-insights] Fetching page 2... (500 rows so far)
[ad-insights] Fetching page 2... (500 rows so far)
[ad-insights] Fetching page 2... (500 rows so far)
[ad-insights] Fetching page 3... (1000 rows so far)
[ad-insights] Fetching page 3... (1000 rows so far)
[ad-insights] Fetching page 3... (1000 rows so far)
[ad-insights] Fetching page 4... (1500 rows so far)
[ad-insights] Fetching page 4... (1500 rows so far)
[ad-funnel] Done. 3079 rows returned. Truncated: false
[ad-funnel] Done. 3079 rows returned. Truncated: false
[ad-insights] Fetching page 4... (1500 rows so far)
[ad-funnel] Done. 3079 rows returned. Truncated: false
[ad-insights] Fetching page 5... (2000 rows so far)
[ad-insights] Fetching page 5... (2000 rows so far)
[ad-insights] Fetching page 5... (2000 rows so far)
[ad-insights] Fetching page 6... (2500 rows so far)
[ad-insights] Fetching page 6... (2500 rows so far)
[ad-insights] Fetching page 6... (2500 rows so far)
[ad-insights] Fetching page 7... (3000 rows so far)
[ad-insights] Fetching page 7... (3000 rows so far)
[ad-insights] Fetching page 7... (3000 rows so far)
[FE:ProposalGenerator] getProposals: returned 26 rows
[FE:ProposalGenerator] getProposals: returned 36 rows
[ad-insights] Fetching page 8... (3500 rows so far)
[ad-insights] Fetching page 8... (3500 rows so far)
[ad-insights] Fetching page 8... (3500 rows so far)
[ad-insights] Fetching page 9... (4000 rows so far)
[ad-insights] Fetching page 9... (4000 rows so far)
[ad-insights] Fetching page 9... (4000 rows so far)
[ad-insights] Fetching page 10... (4500 rows so far)
[ad-insights] Fetching page 10... (4500 rows so far)
[ad-insights] Fetching page 10... (4500 rows so far)
[ad-insights] Fetching page 11... (5000 rows so far)
[ad-insights] Fetching page 11... (5000 rows so far)
[ad-insights] Fetching page 11... (5000 rows so far)
[ad-insights] Fetching page 12... (5500 rows so far)
[ad-insights] Fetching page 12... (5500 rows so far)
[ad-insights] Fetching page 12... (5500 rows so far)
[ad-insights] Fetching page 13... (6000 rows so far)
[ad-insights] Fetching page 13... (6000 rows so far)
[ad-insights] Fetching page 13... (6000 rows so far)
[ad-insights] Fetching page 14... (6500 rows so far)
[ad-insights] Fetching page 14... (6500 rows so far)
[FE:ProposalGenerator] getProposals: returned 26 rows
[FE:ProposalGenerator] getProposals: returned 36 rows
[ad-insights] Fetching page 14... (6500 rows so far)
[ad-insights] Fetching page 15... (7000 rows so far)
[ad-insights] Fetching page 15... (7000 rows so far)
[ad-insights] Fetching page 15... (7000 rows so far)
[FE:Scheduler] Starting job: data-quality-check
[FE:DataQuality] Running audit (2026-03-04 -> 2026-04-03, forceFresh=false)
[ad-insights] Serving from disk (12648 rows, 355min old)
[ad-funnel] Serving from disk (3822 rows, 120min old)
[gc-ad-funnel] Serving from memory (605 rows)
[ads-status] Serving from memory cache (5274 ads)
[FE:DataQuality] Audit complete. status=OK findings=14
[FE:Scheduler] Completed job: data-quality-check (2403ms, 14 records)
[ad-insights] Fetching page 16... (7500 rows so far)
[ad-insights] Fetching page 16... (7500 rows so far)
[ad-insights] Fetching page 16... (7500 rows so far)
[ad-insights] Fetching page 17... (8000 rows so far)
[ad-insights] Fetching page 17... (8000 rows so far)
[ad-insights] Fetching page 17... (8000 rows so far)
[ad-insights] Fetching page 18... (8500 rows so far)
[ad-insights] Fetching page 18... (8500 rows so far)
[ad-insights] Fetching page 18... (8500 rows so far)
[ad-insights] Fetching page 19... (9000 rows so far)
[ad-insights] Fetching page 19... (9000 rows so far)
[FE:ProposalGenerator] getProposals: returned 26 rows
[FE:ProposalGenerator] getProposals: returned 36 rows
[ad-insights] Fetching page 20... (9500 rows so far)
[ad-insights] Fetching page 19... (9000 rows so far)
[ad-insights] Fetching page 20... (9500 rows so far)
[ad-insights] Fetching page 21... (10000 rows so far)
[ad-insights] Fetching page 21... (10000 rows so far)
[ad-insights] Fetching page 20... (9500 rows so far)
[ad-insights] Done. 21 pages, 10063 total rows.
[ad-insights] Saved to disk: 10063 rows
[roas-tracker] Fetched 7459 Meta rows, 3079 funnel rows.
[roas-tracker] 1699 test campaign rows → 139 ads with go-live >= 2026-03-10 (712 daily rows).
[ads-status] Serving from memory cache (5274 ads)
[roas-tracker] 143 creatives since 2026-03-10 (36 with funnel data).
[roas-tracker] 143 ads since 2026-03-10.
[roas-tracker] Upserted: 0 new, 143 updated. 0 need predictions.
[roas-tracker] Done. {"snapshots":143,"tracked":143,"newAds":0,"updated":143,"predicted":0}
[ad-insights] Done. 21 pages, 10063 total rows.
[ad-insights] Saved to disk: 10063 rows
[roas-tracker] Fetched 7459 Meta rows, 3079 funnel rows.
[roas-tracker] 1699 test campaign rows → 139 ads with go-live >= 2026-03-10 (712 daily rows).
[ads-status] Serving from memory cache (5274 ads)
[roas-tracker] 143 creatives since 2026-03-10 (36 with funnel data).
[roas-tracker] 143 ads since 2026-03-10.
[roas-tracker] Upserted: 0 new, 143 updated. 0 need predictions.
[roas-tracker] Done. {"snapshots":143,"tracked":143,"newAds":0,"updated":143,"predicted":0}
[ad-insights] Fetching page 21... (10000 rows so far)
[ad-insights] Done. 21 pages, 10063 total rows.
[ad-insights] Saved to disk: 10063 rows
[roas-tracker] Fetched 7459 Meta rows, 3079 funnel rows.
[roas-tracker] 1699 test campaign rows → 139 ads with go-live >= 2026-03-10 (712 daily rows).
[ads-status] Serving from memory cache (5274 ads)
[roas-tracker] 143 creatives since 2026-03-10 (36 with funnel data).
[roas-tracker] 143 ads since 2026-03-10.
[roas-tracker] Upserted: 0 new, 143 updated. 0 need predictions.
[roas-tracker] Done. {"snapshots":143,"tracked":143,"newAds":0,"updated":143,"predicted":0}
[FE:ProposalGenerator] getProposals: returned 26 rows
[FE:ProposalGenerator] getProposals: returned 36 rows
[ad-insights] Serving from memory (5797 rows)
[ad-funnel] Serving from memory (1770 rows)
[ad-insights] Serving from memory (5797 rows)
[ad-funnel] Serving from memory (1770 rows)
[ads-status] Serving from memory cache (5274 ads)
[ad-insights] Serving from memory (5797 rows)
[ad-funnel] Serving from memory (1770 rows)
[gc-ad-funnel] Serving from memory (605 rows)
[FE:ProposalGenerator] getProposals: returned 26 rows
[FE:ProposalGenerator] getProposals: returned 36 rows
[ads-status] Serving from memory cache (5274 ads)
[ads-status] Serving from memory cache (5274 ads)
[ad-insights] Serving from memory (577 rows)
[ad-funnel] Serving from memory (164 rows)
[ad-insights] Serving from memory (577 rows)
[ad-funnel] Serving from memory (164 rows)
[ad-insights] Serving from memory (577 rows)
[ad-funnel] Serving from memory (164 rows)
[FE:ProposalGenerator] getProposals: returned 26 rows
[FE:ProposalGenerator] getProposals: returned 36 rows
